id,created_at,tipo_contrato,csm,data_assinatura,data_churn,conta_id
00a7bae6-9271-43da-9181-cb1e1a2432f3,2026-06-18 21:54:55.982897+00,PipeLovers 5 para Empresas,Camila Nassar,2025-08-20,2026-08-20,321
00a8b041-0d69-416e-b848-1778c3f1aa5e,2026-06-18 21:54:55.982897+00,PipeLovers 3 para Empresas,Camila Nassar,2025-10-23,2026-05-08,20137
0158b600-1e1a-4064-8d13-07e35614954c,2026-07-14 19:57:06.264202+00,PipeLovers 3 para Empresas,Gonzalo Cami,2026-06-30,,417
01804ef9-d2da-4c00-bfb2-c187ce18c1c7,2026-06-18 21:54:55.982897+00,PipeLovers 5 para Empresas,Natália Tamyle,2025-05-06,,170
019b0585-3b93-4194-bb20-51a2e5bf17a5,2026-06-18 21:54:55.982897+00,PipeLovers 15 para Empresas,Natália Tamyle,2025-04-29,2025-12-31,20108
01f48d0b-20aa-487d-9eff-d9f96d31ecf3,2026-06-18 21:54:55.982897+00,PipeLovers 5 para Empresas,Patrícia Zancan,2024-10-09,,239
0205959a-f993-41b8-977a-6980554a65d0,2026-06-18 21:54:55.982897+00,PipeLovers 3 para Empresas,Camila Nassar,2024-09-26,,201
022959b6-a446-4a44-ab25-1f32b26bc51d,2026-06-18 21:54:55.982897+00,PipeLovers 10 para Empresas,Natália Tamyle,2025-12-18,,280
0308e571-ae6f-433d-bc7c-e77328ad2a71,2026-06-18 21:54:55.982897+00,PipeLovers 3 para Empresas,Patrícia Zancan,2025-09-29,,153
0344dcd2-87da-4267-8dba-f3988627ce4d,2026-06-18 21:54:55.982897+00,PipeLovers 15 para Empresas,Bárbara Cabrini,2024-08-28,2025-01-12,20018
034b498e-23b4-433f-813a-6408735666bf,2026-06-18 21:54:55.982897+00,PipeLovers 3 para Empresas,Nicoly,2025-09-30,2026-04-03,20492
03acee57-a7db-4a54-8aca-452f6fd81b5b,2026-06-18 21:54:55.982897+00,PipeLovers 5 para Empresas,Gustavo Moraes,2024-08-09,2026-05-13,20288
04099cf2-86b3-4df4-aa29-5a51bff5a6f0,2026-06-18 21:54:55.982897+00,PipeLovers 5 para Empresas,Patrícia Zancan,2025-12-01,,231
047a24d9-2d51-46af-8d41-cba3c3fbfaae,2026-06-18 21:54:55.982897+00,PipeLovers 3 para Empresas,Camila Nassar,2026-02-19,,145
04cdb14c-1563-40fa-8d37-16785deb5b6c,2026-06-18 21:54:55.982897+00,PipeLovers 3 para Empresas,Camila Nassar,2025-12-19,2026-07-10,325
05141edf-008d-40ca-9b85-3a81ba49918d,2026-06-18 21:54:55.982897+00,PipeLovers 3 para Empresas,Camila Nassar,2025-06-02,2026-04-16,20058
055c269b-4c9d-4c9d-b588-2be36fddcda4,2026-06-18 21:54:55.982897+00,PipeLovers 5 para Empresas,Natália Tamyle,2024-11-25,2025-01-18,20029
055e98e3-24d9-48a5-b768-916cc73cc5d5,2026-06-18 21:54:55.982897+00,PipeLovers 3 para Empresas,Camila Nassar,2025-02-21,2025-07-31,20321
057f02b0-31d8-4dd5-bacb-4dcc8811c57d,2026-06-18 21:54:55.982897+00,PipeLovers 5 para Empresas,Nicoly,2026-04-23,2026-05-10,20566
05b83347-d38a-431c-9a6f-85c004b546a7,2026-06-18 21:54:55.982897+00,PipeLovers 10 para Empresas,Bárbara Cabrini,2024-02-09,2024-12-04,20075
05ddec24-5f5f-461c-84cf-511a4f78ee7b,2026-06-18 21:54:55.982897+00,PipeLovers 3 para Empresas,Patrícia Zancan,2026-01-09,,53
06485251-c39c-410e-b963-a17f7b27ee5d,2026-06-18 21:54:55.982897+00,PipeLovers 15 para Empresas,Natália Tamyle,2025-12-02,,268
066c1074-350a-4714-927f-1d8d7f034fd5,2026-06-18 21:54:55.982897+00,PipeLovers 10 para Empresas,Priscila Banzato,2025-05-30,2025-10-10,20410
06792efa-8734-4199-8957-f44e42611ce1,2026-06-18 21:54:55.982897+00,PipeLovers 5 para Empresas,Bárbara Cabrini,2026-02-10,,63
068e1cd4-3ff6-4bec-8dd1-05999d3d8dd8,2026-06-18 21:54:55.982897+00,PipeLovers 30 para Empresas,Bárbara Cabrini,2026-02-10,2026-06-01,10
069cc2d7-8dbb-42a4-a36a-14446b006141,2026-06-18 21:54:55.982897+00,PipeLovers 5 para Empresas,Nicoly,2026-03-31,,177
06d4ff79-bbd9-44d2-a468-e7f07661b84a,2026-06-18 21:54:55.982897+00,PipeLovers 20 para Empresas,Bárbara Cabrini,2025-06-30,2025-10-28,20441
06d5a616-c5e7-4c11-b684-2ba8a9e38714,2026-06-18 21:54:55.982897+00,PipeLovers 3 para Empresas,Gustavo Moraes,2024-12-16,2025-11-04,20196
077356e5-8ec1-4519-8493-1b82238dc97f,2026-06-18 21:54:55.982897+00,PipeLovers 3 para Empresas,Camila Nassar,2024-08-12,2025-05-10,20504
0787173d-4a01-466f-9968-01b6189e0e3d,2026-06-18 21:54:55.982897+00,RunRun.it & PipeLovers,Bárbara Cabrini,2023-06-01,,151
07a427fb-139e-4706-a60b-ca1b9ef96c2e,2026-06-18 21:54:55.982897+00,PipeLovers 5 para Empresas,Gustavo Moraes,2025-01-14,,97
07bc8911-3d95-4873-938d-95ccc209778d,2026-06-18 21:54:55.982897+00,PipeLovers 10 para Empresas,Natália Tamyle,2024-11-29,2026-01-30,20132
0809bdf2-1690-43e6-ba81-41ea237d5d93,2026-06-18 21:54:55.982897+00,PipeLovers 5 para Empresas,Priscila Banzato,2026-03-25,,107
080db0cd-b2e6-4f81-8d1d-ad5587bb353a,2026-06-18 21:54:55.982897+00,PipeLovers 3 para Empresas,Patrícia Zancan,2025-04-30,,319
080ea5d8-705e-4407-8084-a6361cf38df7,2026-06-18 21:54:55.982897+00,PipeLovers 3 para Empresas,Camila Nassar,2026-02-23,,247
0849ec32-82c2-479c-ae02-eb28e17ba6dd,2026-06-18 21:54:55.982897+00,PipeLovers 3 para Empresas,Gustavo Moraes,2024-09-19,2024-12-14,20442
0851f830-16af-4a47-92e9-9084f7f1c742,2026-07-14 19:57:06.264202+00,PipeLovers 3 para Empresas,Gonzalo Cami,2026-06-30,,427
08db6302-4bdb-4bfa-8cc1-e2d24103aa6a,2026-06-18 21:54:55.982897+00,PipeLovers 10 para Empresas,Natália Tamyle,2024-04-19,2024-12-20,20040
08e8664a-ff3e-4790-8e8f-a34ba4f08f5b,2026-06-18 21:54:55.982897+00,PipeLovers 5 para Empresas,Gustavo Moraes,2025-02-07,2025-09-25,20093
08f45831-6672-4c05-9a7f-7bffd67739bb,2026-06-18 21:54:55.982897+00,PipeLovers 5 para Empresas,Natália Tamyle,2024-05-23,2024-11-21,20546
094bc2ce-6375-4d82-bca8-90e2d1fe5498,2026-07-14 19:57:06.264202+00,PipeLovers 3 para Empresas,Gonzalo Cami,2026-07-03,,419
095e1074-4b3e-4432-93bf-e674a97b8a46,2026-06-18 21:54:55.982897+00,PipeLovers 3 para Empresas,Nicoly,2026-04-16,,190
09f757ca-f87c-47a2-a5a7-f377a4022e73,2026-06-18 21:54:55.982897+00,PipeLovers 3 para Empresas,Camila Nassar,2024-08-07,2026-01-10,20051
0a270ed4-3949-4b6f-9081-b73cdfb4b4e1,2026-06-18 21:54:55.982897+00,PipeLovers 3 para Empresas,Nicoly,2026-04-28,,260
0a319538-a6c5-4dba-81aa-92b5cd10d7db,2026-08-11 18:50:32.275348+00,PipeLovers 3 para Empresas,Gonzalo Cami,2026-07-24,,459
0a4fce77-0768-4e8e-8139-bdbf16bc2bba,2026-06-18 21:54:55.982897+00,PipeLovers 15 para Empresas,Bárbara Cabrini,2024-05-22,2024-07-22,20534
0a685f1e-dc79-421e-a276-6fb4872da3d0,2026-06-18 21:54:55.982897+00,PipeLovers 3 para Empresas,Camila Nassar,2024-01-30,2025-07-31,20391
0ac7117d-bbe1-458d-93f9-24c659983086,2026-06-18 21:54:55.982897+00,PipeLovers 5 para Empresas,Natália Tamyle,2024-12-24,2025-01-23,20204
0ad4bc6b-1997-4f46-aa3b-42ddff93551b,2026-06-18 21:54:55.982897+00,PipeLovers 3 para Empresas,Camila Nassar,2024-11-05,2025-08-20,20514
0b3fbeba-0802-46dc-9c14-9897b252e2cc,2026-06-18 21:54:55.982897+00,PipeLovers 3 para Empresas,Natália Tamyle,2024-06-10,2024-08-28,20208
0b518c46-1208-4eea-8b6d-ed5118483a9c,2026-06-18 21:54:55.982897+00,PipeLovers 10 para Empresas,Natália Tamyle,2025-03-26,2025-12-31,20304
0bb610d7-c936-4942-bc05-73b7257682da,2026-06-18 21:54:55.982897+00,PipeLovers 15 para Empresas,Priscila Banzato,2026-05-14,,343
0c47bee1-19e1-4adb-b487-39948dcd1d13,2026-07-14 19:57:06.264202+00,PipeLovers 20 para Empresas,Priscila Banzato,2026-06-30,,409
0c4b7ef5-595e-4b86-a6a6-c145eb351850,2026-06-18 21:54:55.982897+00,PipeLovers 3 para Empresas,Nicoly,2026-03-23,,61
0c64ebec-3f5d-46b0-8985-fae68a3e2516,2026-06-18 21:54:55.982897+00,PipeLovers 3 para Empresas,Priscila Banzato,2025-08-18,2025-09-17,20568
0cfc2325-7012-46d2-abc4-8af0210e3941,2026-06-18 21:54:55.982897+00,PipeLovers 15 para Empresas,Priscila Banzato,2026-02-27,,293
0d0ea0a3-d267-4454-b879-b7a4731bed05,2026-06-18 21:54:55.982897+00,PipeLovers 20 para Empresas,Bárbara Cabrini,2025-01-21,2025-05-05,20460
0d61bfed-94b9-4cbb-a2c5-4c4021e293d5,2026-06-18 21:54:55.982897+00,PipeLovers 3 para Empresas,Nicoly,2025-10-28,2026-01-23,20381
0ddd39e8-df17-454b-abe7-0eb6bd5b4cd2,2026-06-18 21:54:55.982897+00,PipeLovers 10 para Empresas,Natália Tamyle,2024-05-17,2025-09-10,20453
0de5078d-c44f-467a-bb54-642ec00714aa,2026-06-18 21:54:55.982897+00,PipeLovers 5 para Empresas,Priscila Banzato,2026-04-22,2026-01-06,214
0e5f47b2-905f-4aa6-a633-a71817ea7e56,2026-06-18 21:54:55.982897+00,PipeLovers 3 para Empresas,Priscila Banzato,2024-09-02,2025-04-04,20293
0e62ce8c-385d-41cd-b418-df301074da61,2026-08-11 18:50:32.275348+00,PipeLovers 3 para Empresas,Gonzalo Cami,2026-07-17,,456
0ed91770-1a76-4ca1-ab6b-e9488cf8164c,2026-06-18 21:54:55.982897+00,PipeLovers 10 para Empresas,Priscila Banzato,2025-09-19,2026-01-13,20291
0ee1374c-3e93-4353-9fe4-b3f825e91a25,2026-06-18 21:54:55.982897+00,PipeLovers 3 para Empresas,Gustavo Moraes,2024-12-02,2025-01-01,20299
0f72a003-5253-47a0-9ff9-bfbc895758ea,2026-06-18 21:54:55.982897+00,PipeLovers 10 para Empresas,Natália Tamyle,2025-01-29,,346
0f745f5b-82b0-43ff-b701-0bc13fb3e07c,2026-06-18 21:54:55.982897+00,PipeLovers 3 para Empresas,Camila Nassar,2025-10-17,2026-04-30,212
0f91ed37-764a-477e-90ec-cc04a65f679a,2026-06-18 21:54:55.982897+00,PipeLovers 3 para Empresas,Priscila Banzato,2025-08-22,2025-11-18,20307
0fd15b13-898b-4e4b-80c2-41ba9c1a2bde,2026-06-18 21:54:55.982897+00,PipeLovers 5 para Empresas,Gustavo Moraes,2026-01-22,,295
0fe40e14-97cf-42e4-b631-0b9c416103e0,2026-06-18 21:54:55.982897+00,PipeLovers 3 para Empresas,Camila Nassar,2025-03-12,,359
0ff1c1f6-3e41-441a-8068-b17eeea73240,2026-07-14 19:57:06.264202+00,PipeLovers 5 para Empresas,Nicoly,2026-06-26,,403
10095027-c6af-40ca-a894-3110ce50a746,2026-06-18 21:54:55.982897+00,PipeLovers 10 para Empresas,Priscila Banzato,2026-02-12,2026-01-05,20508
1026ab81-64fe-4dd6-810f-5ec9555686c7,2026-06-18 21:54:55.982897+00,PipeLovers 3 para Empresas,Camila Nassar,2026-02-27,2026-08-24,186
10961825-bd39-4b8b-9d8f-c8f76fb4a097,2026-06-18 21:54:55.982897+00,PipeLovers 10 para Empresas,Priscila Banzato,2025-12-11,2026-12-03,20074
10e1a8cb-dead-4e2f-8ced-f5b7e6c3ea06,2026-06-18 21:54:55.982897+00,PipeLovers 3 para Empresas,Camila Nassar,2024-11-06,2025-11-10,20124
10fd665a-d9a3-4306-8f83-ff4b4bf7f5f2,2026-06-18 21:54:55.982897+00,PipeLovers 5 para Empresas,Gustavo Moraes,2025-03-20,2026-05-22,20503
115c6c2c-380a-4131-a2ea-046a28e9b004,2026-06-18 21:54:55.982897+00,PipeLovers 10 para Empresas,Natália Tamyle,2024-07-08,2024-07-31,20173
11ed2f85-3002-410f-abde-f9ff71206aa0,2026-06-18 21:54:55.982897+00,PipeLovers 3 para Empresas,Nicoly,2026-04-30,,276
1242f5ff-169a-46fc-86dd-96aabe92f842,2026-06-18 21:54:55.982897+00,PipeLovers 5 para Empresas,Gustavo Moraes,2024-12-06,2025-02-21,20054
129d5124-5fe6-45e5-b9c3-ec0ba009b863,2026-06-18 21:54:55.982897+00,PipeLovers 3 para Empresas,Gustavo Moraes,2025-03-06,2026-07-06,334
12b8c7cf-6216-47d8-913c-0ae4ee4ddde2,2026-06-18 21:54:55.982897+00,PipeLovers 5 para Empresas,Priscila Banzato,2025-06-30,2025-08-20,20037
12c00869-0971-4c7e-9dfa-f8bc48b8f161,2026-07-14 19:57:06.264202+00,PipeLovers 30 para Empresas,Priscila Banzato,2026-06-30,,444
1303fdc5-d82c-4223-956c-5474152833a9,2026-06-18 21:54:55.982897+00,PipeLovers 20 para Empresas,Natália Tamyle,2025-05-16,2026-01-30,20181
1333f5f6-0d75-4927-83a7-165baf3c7d38,2026-06-18 21:54:55.982897+00,PipeLovers 3 para Empresas,Gustavo Moraes,2024-06-11,2025-01-17,20366
13443543-f270-40ac-a3ad-006b7b98bb2d,2026-07-14 19:57:06.264202+00,PipeLovers 3 para Empresas,Gonzalo Cami,2026-06-26,,400
13774217-3a64-482a-b552-d8fcfe520746,2026-06-18 21:54:55.982897+00,PipeLovers 3 para Empresas,Camila Nassar,2025-03-06,2025-05-08,20616
140dc507-6550-4e1a-b5f4-0d2da2a8068c,2026-06-18 21:54:55.982897+00,PipeLovers 5 para Empresas,Natália Tamyle,2024-11-11,2025-02-07,20417
1434c9d0-7c3b-4bfa-ac85-4c745be21b3d,2026-06-18 21:54:55.982897+00,PipeLovers 3 para Empresas,Nicoly,2026-03-19,2026-05-31,20552
14817a0c-3e28-4567-882a-eba06ac77e1e,2026-06-18 21:54:55.982897+00,PipeLovers 3 para Empresas,Camila Nassar,2024-11-07,2025-09-14,20228
14a95809-975d-482c-b330-c4d6efef6f8f,2026-07-14 19:57:06.264202+00,PipeLovers 5 para Empresas,Nicoly,2026-06-26,,399
14edd808-8a02-4490-a67b-7acc016c423c,2026-06-18 21:54:55.982897+00,PipeLovers 10 para Empresas,Gustavo Moraes,2025-07-30,,279
152e7bb5-d6ed-4ae1-83ff-da1b11c22efa,2026-06-18 21:54:55.982897+00,PipeLovers 3 para Empresas,Camila Nassar,2025-04-02,2025-11-10,20039
1552c1ec-31b5-4a86-8387-4439d7dda413,2026-06-18 21:54:55.982897+00,PipeLovers 3 para Empresas,Camila Nassar,2023-10-11,,313
15610f2a-90e6-40b6-90ae-93b238493ef3,2026-06-18 21:54:55.982897+00,PipeLovers 3 para Empresas,Patrícia Zancan,2024-11-21,,181
158f04a1-65aa-4381-aad2-d585bf3d1dc8,2026-06-18 21:54:55.982897+00,PipeLovers 3 para Empresas,Nicoly,2025-07-31,2025-08-31,20583
161a96e0-a988-494b-b322-79aee8e64874,2026-07-14 19:57:06.264202+00,PipeLovers 10 para Empresas,Priscila Banzato,2026-06-26,,442
167b5e89-8ef2-478e-950a-778ed0ecf16d,2026-06-18 21:54:55.982897+00,PipeLovers 3 para Empresas,Camila Nassar,2026-03-25,,42
1685f340-6cbc-46e9-82e0-7f67036bed95,2026-06-18 21:54:55.982897+00,PipeLovers 5 para Empresas,Gustavo Moraes,2024-11-05,2025-02-28,234
17e3752e-1b02-4264-8983-74e13bd08f2e,2026-06-18 21:54:55.982897+00,PipeLovers 30 para Empresas,Bárbara Cabrini,2025-05-08,,20
183d9274-c52a-4f72-876b-336a9dfceb15,2026-06-18 21:54:55.982897+00,PipeLovers 3 para Empresas,Camila Nassar,2025-10-01,,193
18c34a2b-1c12-4668-8c61-827c810fcbb6,2026-06-18 21:54:55.982897+00,PipeLovers 3 para Empresas,Priscila Banzato,2025-06-18,2025-07-17,20273
18ee1095-72d0-40c6-9209-a1dd47b56ebf,2026-06-18 21:54:55.982897+00,PipeLovers 5 para Empresas,Natália Tamyle,2024-08-23,,233
196ea8cd-39f0-43fe-9d95-84d4515f2823,2026-06-18 21:54:55.982897+00,PipeLovers 5 para Empresas,Priscila Banzato,2025-07-03,2025-11-10,20332
19964de3-53a9-49c3-9240-a1fb1282b265,2026-06-18 21:54:55.982897+00,PipeLovers 10 para Empresas,Priscila Banzato,2025-04-30,2025-06-10,20030
19a63665-9d6f-4ef3-a335-2d8e73f2a0c8,2026-06-18 21:54:55.982897+00,PipeLovers 3 para Empresas,Camila Nassar,2024-11-05,2025-05-10,20532
1a869daf-9606-43d6-a273-3465f638929b,2026-06-18 21:54:55.982897+00,PipeLovers 5 para Empresas,Patrícia Zancan,2024-11-27,,331
1acdc51a-d36a-4dd2-b641-fef86a1feb22,2026-06-18 21:54:55.982897+00,PipeLovers 30 para Empresas,Bárbara Cabrini,2025-12-30,,133
1b29c042-e694-46bd-8375-ff719b59596a,2026-06-18 21:54:55.982897+00,PipeLovers 3 para Empresas,Nicoly,2025-10-28,,161
1b3509d4-a111-4b00-ab2c-3e4fe02f435e,2026-06-18 21:54:55.982897+00,PipeLovers 30 para Empresas,Bárbara Cabrini,2025-10-20,,266
1b8cfc65-2cf1-400f-a926-ad7de7e97ffd,2026-06-18 21:54:55.982897+00,PipeLovers 10 para Empresas,Priscila Banzato,2026-03-19,,30
1bc27626-39d3-4450-ab2a-dcd7bfb57076,2026-09-09 17:00:02.377179+00,PipeLovers 3 para Empresas,Gonzalo Cami,2026-08-21,,513
1bc51441-ca1a-4eca-aafe-7fc2fd306b5a,2026-06-18 21:54:55.982897+00,PipeLovers 3 para Empresas,Gustavo Moraes,2024-07-04,2026-02-19,20370
1bdd3558-38a4-49a9-8cda-38915276881d,2026-06-18 21:54:55.982897+00,PipeLovers 10 para Empresas,Bárbara Cabrini,2024-06-20,2024-10-23,20061
1c9ca99e-ec1c-491a-a698-922467effdb9,2026-06-18 21:54:55.982897+00,PipeLovers 3 para Empresas,Nicoly,2026-01-30,2026-02-28,20455
1ca3942b-78cf-425d-83cc-da0b2093137f,2026-06-18 21:54:55.982897+00,PipeLovers 5 para Empresas,Natália Tamyle,2025-03-12,2025-10-10,20211
1d0de8b4-bf6c-4d0e-a75c-48a873419622,2026-06-18 21:54:55.982897+00,PipeLovers 3 para Empresas,Camila Nassar,2024-09-18,,356
1d2c15f4-b818-40de-8347-82303f0ddbd5,2026-07-14 19:57:06.264202+00,PipeLovers 20 para Empresas,Priscila Banzato,2026-06-19,,396
1d32f7dd-d18d-43c4-bf32-2aa5328adbf6,2026-06-18 21:54:55.982897+00,PipeLovers 3 para Empresas,Priscila Banzato,2023-10-11,2025-04-04,20222
1d5a8d5e-9f78-4d22-bfed-765bb1d0a94b,2026-06-18 21:54:55.982897+00,PipeLovers 30 para Empresas,Bárbara Cabrini,2025-01-28,2026-07-01,20465
1d8924ff-e5f4-4760-b6b2-3e4fc05e1367,2026-06-18 21:54:55.982897+00,PipeLovers 15 para Empresas,Bárbara Cabrini,2025-08-19,2026-03-31,20309
1dfe283f-73a6-456a-8311-0aa79e73a1dd,2026-06-18 21:54:55.982897+00,PipeLovers 15 para Empresas,Gustavo Moraes,2023-10-23,2024-11-21,20474
1e00646d-23fd-4f87-8c5a-e1c1677412e2,2026-08-11 20:03:43.709358+00,PipeLovers 5 para Empresas,Gustavo Moraes,2026-02-20,,463
1e0d65e3-1589-4159-8332-d177a96e20bb,2026-06-18 21:54:55.982897+00,PipeLovers 5 para Empresas,Gustavo Moraes,2026-01-30,2026-07-03,198
1ebaced3-00ac-4a4f-ad8b-b92bf896e6db,2026-07-14 19:57:06.264202+00,PipeLovers 3 para Empresas,Gonzalo Cami,2026-07-10,,438
1ec32e1a-760f-4dcb-be15-32768e3deb87,2026-06-18 21:54:55.982897+00,PipeLovers 3 para Empresas,Priscila Banzato,2024-11-29,2025-04-23,20171
1ec7faa0-c307-4079-be8c-1301205ebf2f,2026-06-18 21:54:55.982897+00,PipeLovers 3 para Empresas,Camila Nassar,2025-02-14,2026-03-15,20406
1ee44447-fd37-4aae-81c1-eb78c3f77601,2026-06-18 21:54:55.982897+00,PipeLovers 3 para Empresas,Priscila Banzato,2025-07-10,2025-10-10,20121
1efa137f-e12b-417f-8fb0-20d9054454e0,2026-06-18 21:54:55.982897+00,PipeLovers 10 para Empresas,Bárbara Cabrini,2025-02-26,2025-08-01,20190
1f52f46d-9c19-40f4-b244-6d7de08386c4,2026-06-18 21:54:55.982897+00,PipeLovers 3 para Empresas,Nicoly,2026-04-30,,310
1fbbfacd-8101-4c4a-98bb-95c31c6c24ca,2026-06-18 21:54:55.982897+00,PipeLovers 3 para Empresas,Camila Nassar,2024-03-12,2025-12-10,20397
1fcd5030-dc59-4f3a-9be3-c23e49d44500,2026-06-18 21:54:55.982897+00,PipeLovers 30 para empresas,Bárbara Cabrini,2023-10-26,2024-09-10,20500
1fe2cd6d-d3e0-4173-8c30-3fb4d0c577d5,2026-06-18 21:54:55.982897+00,PipeLovers 10 para Empresas,Natália Tamyle,2024-12-20,,121
20195922-d8a6-4e51-836d-887303e9a94b,2026-06-18 21:54:55.982897+00,PipeLovers 5 para Empresas,Priscila Banzato,2025-09-25,2025-11-21,20336
2082d933-fabd-4eb1-8d33-35c080d18c05,2026-06-18 21:54:55.982897+00,PipeLovers 15 para Empresas,Bárbara Cabrini,2024-08-29,2025-05-05,20062
209f4d2a-268c-4dfd-8ffb-1ca221106200,2026-06-18 21:54:55.982897+00,PipeLovers 3 para Empresas,Nicoly,2026-03-13,2026-06-10,20528
213999e3-480f-426e-b4f5-008a10205ef0,2026-06-18 21:54:55.982897+00,PipeLovers 10 para Empresas,Natália Tamyle,2026-01-27,,197
21a4ffac-dac0-4544-b69c-8e93dc4c5132,2026-06-18 21:54:55.982897+00,PipeLovers 3 para Empresas,Camila Nassar,2024-11-27,2025-12-10,20008
221616b0-4fd4-410d-9ced-f932732be5fa,2026-06-18 21:54:55.982897+00,PipeLovers 15 para Empresas,Natália Tamyle,2026-02-10,,216
2245eefc-3543-42ff-a9a1-27566382e925,2026-06-18 21:54:55.982897+00,PipeLovers 3 para Empresas,Natália Tamyle,2024-06-17,2024-07-17,20116
2262388e-4ed6-487f-9e60-e6443135be1e,2026-06-18 21:54:55.982897+00,PipeLovers ALL IN para Empresas,Bárbara Cabrini,2025-06-28,2026-01-05,20073
227d11e6-cb50-4b1f-a0b1-3ddf9227c6ab,2026-06-18 21:54:55.982897+00,PipeLovers 10 para Empresas,Natália Tamyle,2024-11-26,2025-05-10,20031
22b747c8-a97f-473e-918a-d1c984b52946,2026-06-18 21:54:55.982897+00,PipeLovers 20 para Empresas,Bárbara Cabrini,2025-03-28,,3
22fd8c16-434c-4457-ae99-deb879640b16,2026-06-18 21:54:55.982897+00,PipeLovers 10 para Empresas,Natália Tamyle,2024-10-18,2025-11-10,20255
23270204-c443-431b-b195-fc9b4f7f6feb,2026-06-18 21:54:55.982897+00,PipeLovers 3 para Empresas,Gustavo Moraes,2025-01-27,2025-02-05,20053
23518e62-64bf-4bc0-83ea-1d65f0d56ade,2026-06-18 21:54:55.982897+00,PipeLovers 5 para Empresas,Patrícia Zancan,2024-01-31,,269
23771ce4-b2a4-4d6d-b55d-a95aa5dd0b56,2026-08-11 18:50:32.275348+00,PipeLovers 3 para Empresas,Gonzalo Cami,2026-07-30,,467
240986ab-788e-43bd-914f-bd30373b50fc,2026-06-18 21:54:55.982897+00,PipeLovers 30 para Empresas,Bárbara Cabrini,2025-04-30,2026-01-26,20339
24303ea4-306e-4452-9451-2f4fb7f489e4,2026-06-18 21:54:55.982897+00,PipeLovers 3 para Empresas,Gustavo Moraes,2024-07-24,2024-10-30,20097
245696bf-0d4b-4574-b0f6-2eed4dfeee70,2026-06-18 21:54:55.982897+00,PipeLovers 3 para Empresas,Camila Nassar,2025-08-28,2026-04-23,20338
245cee04-7d55-47fd-8970-a9c066210408,2026-06-18 21:54:55.982897+00,PipeLovers 15 para Empresas,Bárbara Cabrini,2025-08-29,,173
245efa27-eddd-4004-8938-cdcff0825aaf,2026-06-18 21:54:55.982897+00,PipeLovers 5 para Empresas,Gustavo Moraes,2025-03-27,,178
24867815-2815-4d23-aaf7-a745a525966b,2026-06-18 21:54:55.982897+00,PipeLovers 3 para Empresas,Priscila Banzato,2025-04-29,2025-07-20,20080
24cfedb5-48a1-4478-b72a-72106a1adaff,2026-06-18 21:54:55.982897+00,PipeLovers 5 para Empresas,Natália Tamyle,2024-09-10,2025-02-14,20371
24ff1e68-00e2-49b0-9c3e-7b8d7f7e405d,2026-06-18 21:54:55.982897+00,PipeLovers 3 para Empresas,Priscila Banzato,2024-04-18,2025-03-24,20036
25e32551-0fb9-4033-a6fb-87db86700b93,2026-06-18 21:54:55.982897+00,PipeLovers 10 para Empresas,Natália Tamyle,2025-03-31,2025-04-30,20609
261988f6-c883-4e80-b93f-fe02e60d1b28,2026-09-09 17:00:02.377179+00,PipeLovers 3 para Empresas,Gonzalo Cami,2026-08-31,,511
2790c7a0-9039-4671-b68f-940bf8c360bb,2026-06-18 21:54:55.982897+00,PipeLovers 3 para Empresas,Camila Nassar,2025-01-10,,20035
27c588a3-512d-4155-928e-0bc2cdb1b065,2026-06-18 21:54:55.982897+00,PipeLovers 3 para Empresas,Nicoly,2026-03-31,2026-06-18,111
281fdfb7-c0ac-439a-8ffd-bc1de1d2baba,2026-06-18 21:54:55.982897+00,PipeLovers 20 para Empresas,Bárbara Cabrini,2024-05-22,2024-09-23,20158
28833d09-53c6-46ed-9ba8-3010bf08a16b,2026-06-18 21:54:55.982897+00,PipeLovers 15 para Empresas,Bárbara Cabrini,2023-10-31,2024-12-04,20496
28f3d257-51b7-4580-9747-f20696395389,2026-06-18 21:54:55.982897+00,PipeLovers 3 para Empresas,Gustavo Moraes,2026-02-05,,188
298ba1ec-14a3-41a2-aa10-c0d57cfb4ac3,2026-08-11 18:50:32.275348+00,PipeLovers 10 para Empresas,Nicoly,2026-07-24,,472
298d629a-2f1e-4ed3-b969-f8b0f90a8ee1,2026-06-18 21:54:55.982897+00,PipeLovers 5 para Empresas,Nicoly,2026-04-23,,236
29f8a917-bb4c-4b17-97de-cf63ad7d6c33,2026-06-18 21:54:55.982897+00,PipeLovers 10 para Empresas,Natália Tamyle,2025-04-10,2026-04-16,20281
2a315235-33b3-4621-8839-fdd2b03afae1,2026-06-18 21:54:55.982897+00,PipeLovers 3 para Empresas,Nicoly,2026-01-12,2026-02-12,20555
2a3c8b7a-0a96-4d60-8128-1d708cd70a59,2026-06-18 21:54:55.982897+00,PipeLovers 10 para Empresas,Natália Tamyle,2025-05-30,,217
2a5462f7-de7d-4ff9-9265-1d8505e01de6,2026-06-18 21:54:55.982897+00,PipeLovers 3 para Empresas,Camila Nassar,2024-09-09,,37
2a64f131-aca9-48c0-a786-0f740c497121,2026-06-18 21:54:55.982897+00,PipeLovers 20 para Empresas,Bárbara Cabrini,2024-06-11,2024-10-23,20066
2a77c0f2-68a9-47de-989d-cac38e26bd2e,2026-06-18 21:54:55.982897+00,PipeLovers 3 para Empresas,Nicoly,2025-12-01,2026-01-20,20017
2a89d884-2f0e-4cfe-856b-2e0e19e1444f,2026-06-18 21:54:55.982897+00,PipeLovers 10 para Empresas,Priscila Banzato,2026-04-30,,265
2ae0653d-6f06-4be8-af81-704f4f1935b3,2026-06-18 21:54:55.982897+00,PipeLovers 3 para Empresas,Nicoly,2026-05-29,,384
2b2014b7-8904-432f-9bce-e6220530454c,2026-06-18 21:54:55.982897+00,PipeLovers 3 para Empresas,Gustavo Moraes,2024-06-06,2024-12-08,20089
2b675a8b-04f0-4456-ad26-9f374df387cd,2026-06-18 21:54:55.982897+00,PipeLovers 3 para Empresas,Camila Nassar,2026-01-20,2026-05-25,20248
2b76e4f1-140a-417d-933b-d141f5fc6711,2026-06-18 21:54:55.982897+00,PipeLovers 20 para Empresas,Bárbara Cabrini,2024-07-03,2025-05-05,20091
2b997432-1eaf-4ba5-8c9f-1b81fbfd49ac,2026-06-18 21:54:55.982897+00,PipeLovers 3 para Empresas,Camila Nassar,2025-05-28,2025-09-30,20536
2c293aee-63e8-4f5a-92df-58ebded5597b,2026-06-18 21:54:55.982897+00,PipeLovers 3 para Empresas,Camila Nassar,2025-01-29,2026-03-31,20013
2c6114f4-c63f-4825-a307-c052d5c28c61,2026-06-18 21:54:55.982897+00,PipeLovers 5 para Empresas,Gustavo Moraes,2026-03-23,,43
2c7bf9a5-cfc4-4674-9bcc-30c558605f9a,2026-06-18 21:54:55.982897+00,PipeLovers 30 para Empresas,Bárbara Cabrini,2024-03-25,2025-05-05,20354
2cb1caf8-5fe0-4383-813c-b95e35dc055e,2026-06-18 21:54:55.982897+00,PipeLovers 10 para Empresas,Priscila Banzato,2026-04-07,2026-01-06,175
2cc31dec-34bc-4417-8814-9166d3883096,2026-06-18 21:54:55.982897+00,PipeLovers 20 para Empresas,Bárbara Cabrini,2024-03-28,2024-12-19,20057
2d23a7ef-ee25-4d50-83b9-2ac5392137b5,2026-06-18 21:54:55.982897+00,PipeLovers 3 para Empresas,Nicoly,2025-10-09,2025-11-21,20596
2d3b79d5-e484-48ba-b035-177314bf1b74,2026-06-18 21:54:55.982897+00,PipeLovers 3 para Empresas,Gustavo Moraes,2025-01-09,2025-03-10,20153
2d3ff2cc-5b82-4727-8310-f8ccc700eee9,2026-06-18 21:54:55.982897+00,PipeLovers 5 para Empresas,Bárbara Cabrini,2024-06-05,2024-09-09,20520
2dccd468-fd59-4c55-a861-2260b7ee2593,2026-06-18 21:54:55.982897+00,PipeLovers 10 para Empresas,Natália Tamyle,2025-04-30,2025-11-14,20103
2dd5b1a8-b7b7-41e4-8853-42d20b5c48ca,2026-06-18 21:54:55.982897+00,PipeLovers 3 para Empresas,Nicoly,2026-05-14,2026-06-13,289
2e1af89e-5d0f-4e3b-8cf7-8ef55874eab4,2026-06-18 21:54:55.982897+00,PipeLovers 20 para Empresas,Bárbara Cabrini,2026-01-20,,174
2e2224e5-045a-404a-9a4c-be7280b8902b,2026-06-18 21:54:55.982897+00,PipeLovers 15 para Empresas,Natália Tamyle,2024-07-18,2025-12-31,20082
2e2c5b88-3ec2-4636-b045-58e85e165f87,2026-06-18 21:54:55.982897+00,PipeLovers 5 para Empresas,Gustavo Moraes,2026-01-26,,339
2eec0ed3-3d8e-4ad9-8c44-bf5c3a46314f,2026-06-18 21:54:55.982897+00,PipeLovers 5 para Empresas,Priscila Banzato,2025-10-10,2026-01-13,20411
2f28ea6b-966b-4772-82e3-26e75b93957e,2026-07-14 19:57:06.264202+00,PipeLovers 3 para Empresas,Gonzalo Cami,2026-06-26,,406
2f7443f0-e003-4c16-aa4c-7b66bd91179b,2026-06-18 21:54:55.982897+00,PipeLovers 10 para Empresas,Bárbara Cabrini,2023-12-20,2024-06-21,20591
2fc287df-af80-4250-a306-71803eb671cd,2026-06-18 21:54:55.982897+00,PipeLovers 10 para Empresas,Camila Nassar,2024-10-11,2025-07-05,20424
2fed2d4b-3c2b-4969-89a2-aa2f75d6adb5,2026-06-18 21:54:55.982897+00,PipeLovers 10 para Empresas,Priscila Banzato,2026-04-16,,179
2ff5cc94-cc2e-4758-a2da-e6a67d4dc117,2026-06-18 21:54:55.982897+00,PipeLovers 15 para Empresas,Bárbara Cabrini,2025-02-25,,39
30320a62-a6f4-4837-989f-96ca356737cb,2026-06-18 21:54:55.982897+00,PipeLovers 10 para Empresas,Natália Tamyle,2024-11-28,,136
3057623b-d9c2-48c7-b0e3-8b4c9435d549,2026-06-18 21:54:55.982897+00,PipeLovers 3 para Empresas,Patrícia Zancan,2025-09-25,,323
306e1cf5-a52f-437c-a61f-24c48dc20155,2026-06-18 21:54:55.982897+00,PipeLovers 50 para Empresas,Bárbara Cabrini,2025-12-22,,203
30ef8d06-482f-4e58-9f97-70c4a0549eb1,2026-06-18 21:54:55.982897+00,PipeLovers 5 para Empresas,Bárbara Cabrini,2024-03-14,2024-09-09,20576
30fa7e97-8a61-47b4-b734-07a38cbd341e,2026-06-18 21:54:55.982897+00,PipeLovers 3 para Empresas,Priscila Banzato,2025-01-31,2025-04-17,20491
3100fc1e-5b61-4c30-b58f-77f9e53ea559,2026-06-18 21:54:55.982897+00,PipeLovers 10 para Empresas,Natália Tamyle,2025-04-30,2025-12-31,20306
31302e42-a116-4138-ad81-4dfd3c12e09e,2026-06-18 21:54:55.982897+00,PipeLovers 5 para Empresas,Natália Tamyle,2024-06-05,2024-11-25,20201
325a21f3-b965-4843-b711-adf055dd3e44,2026-06-18 21:54:55.982897+00,PipeLovers 3 para Empresas,Camila Nassar,2025-02-21,2025-09-10,20129
3275b724-9394-441e-854e-26f4a866e2fa,2026-06-18 21:54:55.982897+00,PipeLovers 3 para Empresas,Camila Nassar,2026-02-19,2026-08-03,20101
3294f866-19f9-42a1-8744-f9b0c71d248b,2026-08-11 18:50:32.275348+00,PipeLovers 3 para Empresas,Gonzalo Cami,2026-07-21,,468
32f4aec8-7a85-44a2-bf6a-44cfe3d15b71,2026-06-18 21:54:55.982897+00,PipeLovers 10 para Empresas,Priscila Banzato,2025-05-22,2025-08-20,20231
33777a68-4bce-4264-83d6-765392cddb37,2026-06-18 21:54:55.982897+00,PipeLovers 5 para Empresas,Nicoly,2026-05-29,2026-08-07,365
33ad3e43-185c-4553-9661-8c3ef7c5b4cf,2026-06-18 21:54:55.982897+00,PipeLovers 5 para Empresas,Priscila Banzato,2025-05-28,2025-06-27,20337
33e273ed-e772-4cd2-8d4d-df97cded11c2,2026-06-18 21:54:55.982897+00,PipeLovers 3 para Empresas,Nicoly,2026-02-25,2026-03-24,20587
34251997-b304-4379-a44d-95d93a2b43d3,2026-06-18 21:54:55.982897+00,PipeLovers 5 para Empresas,Gustavo Moraes,2024-09-25,2025-09-10,20311
34e2894c-afb4-4827-9c66-a40987482031,2026-06-18 21:54:55.982897+00,PipeLovers 30 para Empresas,Bárbara Cabrini,2025-09-26,,50
34fdb545-1800-4aff-b132-f7ce55271874,2026-06-18 21:54:55.982897+00,PipeLovers 3 para Empresas,Nicoly,2025-08-28,2025-09-27,20615
352dc7a9-48d8-441a-9e23-1c77d7d5c09d,2026-06-18 21:54:55.982897+00,PipeLovers 10 para Empresas,Natália Tamyle,2025-01-09,2026-01-30,20254
35f4c84d-d4be-452c-bc3d-cf432e69c472,2026-06-18 21:54:55.982897+00,PipeLovers 3 para Empresas,Bárbara Cabrini,2024-03-15,2024-05-14,20055
362ecc51-627e-4514-8f88-6e3ceda968db,2026-06-18 21:54:55.982897+00,PipeLovers 5 para Empresas,Gustavo Moraes,2025-06-04,2025-11-04,20205
36515a42-bc1a-4f9f-94d5-cbc87fe46ddb,2026-06-18 21:54:55.982897+00,PipeLovers 15 para Empresas,Priscila Banzato,2026-03-31,,285
36790d44-d4ef-4f3a-adaa-1fe5de7df338,2026-06-18 21:54:55.982897+00,PipeLovers 3 para Empresas,Gustavo Moraes,2024-10-08,2025-01-08,20136
368044a2-bd5b-4d9a-9b46-c55c1f1e32d4,2026-06-18 21:54:55.982897+00,PipeLovers 3 para Empresas,Patrícia Zancan,2025-11-28,,249
36c56e1b-11c0-4fcd-a537-17233084b438,2026-06-18 21:54:55.982897+00,PipeLovers 10 para Empresas,Natália Tamyle,2023-12-20,2024-12-20,20425
36dfd993-30cc-4b3e-938f-15f5891928a6,2026-06-18 21:54:55.982897+00,PipeLovers 3 para Empresas,Nicoly,2026-04-30,,261
371db473-353a-4e9b-8479-560dc7106c2c,2026-06-18 21:54:55.982897+00,PipeLovers 3 para Empresas,Camila Nassar,2025-09-01,2026-05-26,20368
372d10cf-bae9-4146-b6d8-c1545cfaf61b,2026-06-18 21:54:55.982897+00,PipeLovers 3 para Empresas,Nicoly,2026-05-26,,375
376a1ddd-df78-4a39-ba68-5ddcea10dbe7,2026-06-18 21:54:55.982897+00,PipeLovers 5 para Empresas,Nicoly,2026-02-24,2026-04-05,20573
37c88f69-41c3-47f8-9c99-ac5b72556d50,2026-06-18 21:54:55.982897+00,PipeLovers 15 para Empresas,Bárbara Cabrini,2025-05-30,2025-07-15,20524
38117431-d8ed-47dd-a6a3-5bf854d92871,2026-06-18 21:54:55.982897+00,PipeLovers 3 para Empresas,Camila Nassar,2024-11-07,2026-03-31,20123
386182c5-b211-4ac9-814d-fc41495db5e6,2026-06-18 21:54:55.982897+00,PipeLovers 5 para Empresas,Patrícia Zancan,2025-06-03,,273
3865726a-9419-4b83-8241-0fa12d374652,2026-06-18 21:54:55.982897+00,PipeLovers 5 para Empresas,Gustavo Moraes,2025-01-28,2025-11-04,20295
3866bf8b-28d1-4eb7-8052-c4c373449b48,2026-06-18 21:54:55.982897+00,PipeLovers 3 para Empresas,Camila Nassar,2023-10-11,2025-10-21,20374
38bc157d-51b8-4e8a-ba5e-803c0b17d39f,2026-06-18 21:54:55.982897+00,PipeLovers 10 para Empresas,Natália Tamyle,2023-11-29,2024-12-09,20026
38c4a5b2-58e2-4dc9-9e82-f4b58ca55f55,2026-06-18 21:54:55.982897+00,PipeLovers 10 para Empresas,Priscila Banzato,2026-03-27,,60
3914c4a2-5d70-4c24-ad86-ee1e24857b08,2026-06-18 21:54:55.982897+00,PipeLovers 3 para Empresas,Nicoly,2026-04-07,2026-06-05,119
394cf041-40b3-49aa-a7dd-a3716650d727,2026-06-18 21:54:55.982897+00,PipeLovers 5 para Empresas,Natália Tamyle,2024-05-24,2025-02-28,20365
39554684-681f-4350-bb9b-0dd9dbca253c,2026-06-18 21:54:55.982897+00,PipeLovers 3 para Empresas,Natália Tamyle,2025-04-20,2025-07-31,20470
39bcb2ab-3cdc-4945-8152-7f772a3f84e8,2026-06-18 21:54:55.982897+00,PipeLovers 3 para Empresas,Camila Nassar,2025-03-17,2026-04-16,20152
39bcf2de-1d91-430b-b60f-438bfff324df,2026-06-18 21:54:55.982897+00,PipeLovers 3 para Empresas,Camila Nassar,2024-03-26,2026-02-13,20111
39f4438e-0628-41ba-bd86-330ffa4050ac,2026-06-18 21:54:55.982897+00,PipeLovers 5 para Empresas,Priscila Banzato,2025-06-27,2025-08-10,20452
3a0f9a11-4112-43f4-86db-2b94dc84dc81,2026-06-18 21:54:55.982897+00,PipeLovers 5 para Empresas,Gustavo Moraes,2024-09-03,2025-08-06,20347
3aee3829-43a1-4d26-b7c9-fcb52a6712b3,2026-07-14 19:57:06.264202+00,PipeLovers 5 para Empresas,Nicoly,2026-06-19,,389
3aef04be-bb76-4852-b839-a2891f875579,2026-06-18 21:54:55.982897+00,PipeLovers 5 para Empresas,Priscila Banzato,2025-08-13,2026-09-03,20308
3b80dc53-bd6c-4f2d-8937-82ab6d1d66f6,2026-06-18 21:54:55.982897+00,PipeLovers 3 para Empresas,Camila Nassar,2025-05-16,2026-02-13,20007
3bcfe41a-2e42-4f28-843f-8febeb718148,2026-06-18 21:54:55.982897+00,PipeLovers 3 para Empresas,Nicoly,2026-05-15,,288
3bd54ec5-1c3a-4301-a8e0-c0d618e8f55f,2026-06-18 21:54:55.982897+00,PipeLovers 20 para Empresas,Bárbara Cabrini,2025-05-14,,92
3be592a5-8ee2-4e12-aff4-512d8bee72c3,2026-06-18 21:54:55.982897+00,PipeLovers 3 para Empresas,Camila Nassar,2024-11-27,,358
3c2e33e2-7e67-4120-8106-a14530e720d5,2026-06-18 21:54:55.982897+00,PipeLovers 5 para Empresas,Gustavo Moraes,2025-01-27,2025-11-04,20048
3c7fce92-83cf-49b0-82e6-b856f68cd9eb,2026-08-11 18:50:32.275348+00,PipeLovers 5 para Empresas,Nicoly,2026-07-22,,454
3caea179-fcdf-4e46-ae61-b2940fcc171a,2026-06-18 21:54:55.982897+00,PipeLovers 5 para Empresas,Gustavo Moraes,2026-01-26,,148
3ce7dc01-4057-48d7-b4d5-ee7ea814780d,2026-06-18 21:54:55.982897+00,PipeLovers 3 para Empresas,Camila Nassar,2024-10-05,2025-08-29,20316
3cea5df1-1c1d-48c3-bcdb-1f81e04b7319,2026-06-18 21:54:55.982897+00,PipeLovers 3 para Empresas,Camila Nassar,2025-03-31,,305
3d223744-6ddf-48c2-93d8-288dd4e831ba,2026-06-18 21:54:55.982897+00,PipeLovers 3 para Empresas,Gustavo Moraes,2025-01-29,2026-04-08,20437
3d4e4482-ffe5-43b5-ab67-122f20c6b931,2026-07-14 19:57:06.264202+00,PipeLovers 5 para Empresas,Nicoly,2026-06-26,,405
3d5584b4-ccda-4076-8fdb-b7268e32d59b,2026-06-18 21:54:55.982897+00,PipeLovers 5 para Empresas,Natália Tamyle,2024-08-21,2024-11-19,20484
3d5ac457-27a0-4eb6-90e1-8278479a9530,2026-06-18 21:54:55.982897+00,PipeLovers 50 para Empresas,Bárbara Cabrini,2025-07-14,,2
3dc12f66-e282-457c-8a0f-1996532a39fd,2026-06-18 21:54:55.982897+00,PipeLovers 3 para Empresas,Nicoly,2026-04-17,,227
3e009494-1a04-47b1-90d7-da8a27af8cc0,2026-09-09 17:00:02.377179+00,PipeLovers 15 para Empresas,Nicoly,2026-08-18,,493
3e090e88-b657-421a-bb45-d0c71a9d0fdb,2026-06-18 21:54:55.982897+00,PipeLovers 5 para Empresas,Gustavo Moraes,2024-11-26,2025-06-10,20382
3e37878f-406c-4df1-b3e7-ed85b5466169,2026-06-18 21:54:55.982897+00,Zenvia & PipeLovers,Bárbara Cabrini,2023-10-17,2026-01-01,20473
3e494614-8da6-4a6f-92ee-9dd4436c3b2f,2026-06-18 21:54:55.982897+00,PipeLovers 10 para Empresas,Natália Tamyle,2024-12-17,2025-05-07,20445
3e5ebb57-09c8-4054-b598-54383ec247a3,2026-06-18 21:54:55.982897+00,PipeLovers 40 para Empresas,Natália Tamyle,2026-01-26,,187
3e761192-28a6-4bd7-bc51-744ce579bc8d,2026-08-11 18:50:32.275348+00,PipeLovers 3 para Empresas,Gonzalo Cami,2026-07-24,,458
3ec255cb-2bfe-4ff9-831f-ba8b9de7da90,2026-06-18 21:54:55.982897+00,PipeLovers 3 para Empresas,Camila Nassar,2025-02-07,2025-05-10,20438
4037f831-b5b4-475f-9ee5-082513dbbe00,2026-06-18 21:54:55.982897+00,PipeLovers 5 para Empresas,Natália Tamyle,2024-09-09,2024-10-09,20501
40401e44-2776-4f9a-b783-4fe42f8af86f,2026-06-18 21:54:55.982897+00,PipeLovers 10 para Empresas,Priscila Banzato,2026-03-13,,27
40456530-b58b-45f4-a9f9-926be098609f,2026-06-18 21:54:55.982897+00,PipeLovers 3 para Empresas,Nicoly,2025-09-19,2025-11-10,20313
4047f03c-70c2-475c-873c-e79925168f42,2026-06-18 21:54:55.982897+00,PipeLovers 50 para Empresas,Priscila Banzato,2026-04-30,,254
404d999f-af53-4b6f-ba63-055ad4e850ff,2026-07-14 19:57:06.264202+00,PipeLovers 3 para Empresas,Gonzalo Cami,2026-06-26,,395
40d3ada8-db42-46d0-bec3-42664668332a,2026-07-14 19:57:06.264202+00,PipeLovers 3 para Empresas,Gonzalo Cami,2026-06-30,,401
40dc35cc-08b3-4825-93d8-49568505a259,2026-09-09 17:00:02.377179+00,PipeLovers 5 para Empresas,Nicoly,2026-08-12,,492
410b7724-8863-4458-a10b-bb075541eaa3,2026-06-18 21:54:55.982897+00,PipeLovers 3 para Empresas,Patrícia Zancan,2024-06-06,,270
41359af0-700c-4adf-b899-aa1ae84a9ff7,2026-09-09 17:00:02.377179+00,PipeLovers 3 para Empresas,Gonzalo Cami,2026-08-20,,497
4167aa1b-1efb-4899-a77d-74071993772f,2026-06-18 21:54:55.982897+00,PipeLovers 10 para Empresas,Priscila Banzato,2025-04-30,2025-06-10,20233
41b13e51-d007-49bc-92f8-1d9028ecb9e8,2026-06-18 21:54:55.982897+00,PipeLovers 3 para Empresas,Patrícia Zancan,2024-09-25,,337
42315052-d63d-4986-8ec9-9b6eaa44c8f8,2026-06-18 21:54:55.982897+00,PipeLovers 10 para Empresas,Gustavo Moraes,2026-02-10,,210
423599d0-71a7-40cb-bc72-2c7be05960f4,2026-06-18 21:54:55.982897+00,PipeLovers 3 para Empresas,Nicoly,2026-05-20,,20571
423a7212-da95-41a5-a707-d73e0b2598d0,2026-09-09 17:00:02.377179+00,PipeLovers 3 para Empresas,Gonzalo Cami,2026-08-04,,486
42a37603-412f-46a3-9eb9-3be6975482a5,2026-06-18 21:54:55.982897+00,n/a,Gustavo Moraes,2026-02-25,,104
435bb361-7509-49bc-b635-2acb50297c0c,2026-06-18 21:54:55.982897+00,PipeLovers 3 para Empresas,Gustavo Moraes,2025-01-29,2025-03-31,20450
43a453f4-b52e-44cf-bf17-f5a681565617,2026-06-18 21:54:55.982897+00,PipeLovers 3 para Empresas,Gustavo Moraes,2025-01-10,2025-10-08,20280
43f22cc6-6863-43ba-89fb-5b256b699bb1,2026-06-18 21:54:55.982897+00,PipeLovers 5 para Empresas,Gustavo Moraes,2024-06-17,2025-04-10,20215
441250ed-5c06-48c8-b313-1de65224e33a,2026-06-18 21:54:55.982897+00,PipeLovers 5 para Empresas,Gustavo Moraes,2025-09-26,,220
4483c2f8-d841-4a9a-a659-0924e56412c2,2026-06-18 21:54:55.982897+00,PipeLovers 5 para Empresas,Priscila Banzato,2025-08-28,2025-10-31,20494
44a31b60-f8a8-47d8-9f8c-68e2bffc33da,2026-06-18 21:54:55.982897+00,PipeLovers 3 para Empresas,Camila Nassar,2025-02-20,2025-08-20,20516
44aa7e24-da7e-4154-b270-2bbbf805fbe0,2026-06-18 21:54:55.982897+00,PipeLovers 10 para Empresas,Natália Tamyle,2025-04-23,,80
44ae5117-dae3-4d54-9bf0-14283302fb82,2026-06-18 21:54:55.982897+00,PipeLovers 3 para Empresas,Camila Nassar,2025-05-21,2026-03-31,20378
4578254a-4f4e-4f51-8920-d58cb088ee71,2026-06-18 21:54:55.982897+00,PipeLovers 3 para Empresas,Priscila Banzato,2024-11-27,2025-02-26,20483
45c8061d-6ac3-4b97-93e5-1ffff491c01f,2026-06-18 21:54:55.982897+00,PipeLovers 10 para Empresas,Natália Tamyle,2025-02-04,2025-07-05,20389
45fca732-138b-4d8b-b32d-f399fcd64a73,2026-06-18 21:54:55.982897+00,PipeLovers 5 para Empresas,Gustavo Moraes,2025-05-27,,84
4611bb75-abad-405d-b277-0bf6f4ec8490,2026-07-14 19:57:06.264202+00,PipeLovers 3 para Empresas,Gonzalo Cami,2026-07-10,,441
463daa8a-cf11-4492-8639-4667b8f8455e,2026-06-18 21:54:55.982897+00,PipeLovers 10 para Empresas,Natália Tamyle,2024-09-26,2024-11-22,440
46af825b-3ad6-4a1f-8f98-dbc08df3ecd6,2026-06-18 21:54:55.982897+00,PipeLovers 3 para Empresas,Gustavo Moraes,2024-07-04,2024-11-04,20172
46e0f7f0-44fb-40f2-9638-25d64ca22c9e,2026-06-18 21:54:55.982897+00,PipeLovers 3 para Empresas,Nicoly,2025-09-22,2026-01-23,20279
471d8cf6-96f5-445f-b7d6-552c60db2fe8,2026-06-18 21:54:55.982897+00,PipeLovers 3 para Empresas,Nicoly,2026-02-23,2026-04-07,20444
47295419-15f7-4e5f-b91f-4a06e0351e38,2026-06-18 21:54:55.982897+00,PipeLovers 3 para Empresas,Nicoly,2026-03-10,2026-04-13,20361
4774656a-8228-4788-b4d4-2ffde40cd4ea,2026-06-18 21:54:55.982897+00,PipeLovers 10 para Empresas,Gustavo Moraes,2024-01-29,,135
480876da-c808-47a7-b697-e7401ed61bc4,2026-06-18 21:54:55.982897+00,PipeLovers 3 para Empresas,Camila Nassar,2024-12-02,2025-08-26,20344
4837f6da-597f-4af9-89d4-98e47421ae0b,2026-06-18 21:54:55.982897+00,PipeLovers 10 para Empresas,Gustavo Moraes,2024-07-31,2026-06-10,211
4851f626-3cd4-4a73-8786-2c2b7b612ca3,2026-06-18 21:54:55.982897+00,PipeLovers 5 para Empresas,Nicoly,2025-12-12,2026-02-26,20562
4869f87b-7276-4cde-b1bb-aa7b3e32a139,2026-06-18 21:54:55.982897+00,PipeLovers 3 para Empresas,Bárbara Cabrini,2023-10-27,2024-06-15,332
486be3d4-4ce4-4abb-b940-947cb512064a,2026-06-18 21:54:55.982897+00,PipeLovers 5 para Empresas,Gustavo Moraes,2025-03-12,,94
48c44054-61d9-462e-8899-894aa55ea5da,2026-06-18 21:54:55.982897+00,PipeLovers 3 para Empresas,Natália Tamyle,2024-06-07,2024-07-07,20459
48e759e3-e2a4-4411-93ac-14f4012e79e2,2026-06-18 21:54:55.982897+00,PipeLovers 3 para Empresas,Camila Nassar,2024-11-07,2025-07-10,20163
49445c0b-1477-410a-a7fc-f86f39691735,2026-06-18 21:54:55.982897+00,PipeLovers 5 para Empresas,Bárbara Cabrini,2024-02-29,2024-04-30,20512
499fdd60-28ce-41fe-bb8f-7be7fb056e4e,2026-06-18 21:54:55.982897+00,PipeLovers 10 para Empresas,Natália Tamyle,2024-11-29,2026-01-30,20418
49a54ecf-2f92-4c55-8ca4-a289f6cb4715,2026-06-18 21:54:55.982897+00,PipeLovers 3 para Empresas,Camila Nassar,2025-02-27,2025-05-13,20322
49b48db3-3286-4ee7-ae58-b21fbc8365ef,2026-06-18 21:54:55.982897+00,PipeLovers 10 para Empresas,Natália Tamyle,2025-07-07,,20218
49d99e29-36ed-4a49-bede-038b1426a1e7,2026-06-18 21:54:55.982897+00,PipeLovers 20 para Empresas,Bárbara Cabrini,2025-11-28,,124
4a187219-1fe5-4de5-a09b-b59f566a2274,2026-08-11 18:50:32.275348+00,PipeLovers 10 para Empresas,Nicoly,2026-07-30,,473
4a3c1066-f8ce-4a37-ac8a-b1ae532302a9,2026-06-18 21:54:55.982897+00,PipeLovers 3 para Empresas,Camila Nassar,2025-02-25,2025-04-18,20214
4a976667-fe55-469a-aacd-6f805f01f80f,2026-06-18 21:54:55.982897+00,PipeLovers 15 para Empresas,Natália Tamyle,2025-05-14,2026-02-10,20070
4b360bdb-cea9-4392-b893-084d9a4dd364,2026-06-18 21:54:55.982897+00,PipeLovers 10 para Empresas,Priscila Banzato,2025-10-14,2026-05-06,20542
4bcc6187-8bb7-46d8-b944-c4789a7b1dff,2026-06-18 21:54:55.982897+00,PipeLovers 3 para Empresas,Gustavo Moraes,2024-07-24,2024-12-23,20426
4bda3721-81dd-44ee-baa2-05c269c991ad,2026-07-14 19:57:06.264202+00,PipeLovers 3 para Empresas,Gonzalo Cami,2026-07-01,,443
4c0dff4a-6102-4d5e-a92f-7643d7d1d37f,2026-06-18 21:54:55.982897+00,PipeLovers 5 para Empresas,Gustavo Moraes,2026-02-27,,259
4c108884-2f7d-45de-ae4b-4f1e2f3a82f7,2026-08-11 18:50:32.275348+00,PipeLovers 10 para Empresas,Nicoly,2026-07-30,,482
4c472d04-65e3-4ce3-821b-96fdca3cba9d,2026-06-18 21:54:55.982897+00,PipeLovers 5 para Empresas,Natália Tamyle,2024-10-15,2025-01-18,20375
4c5915b7-12f0-40fd-b72d-c825e716c7db,2026-06-18 21:54:55.982897+00,PipeLovers 15 para Empresas,Priscila Banzato,2026-02-13,,294
4c5ec261-0b7c-4bd6-83fd-d551cfbc6a8c,2026-06-18 21:54:55.982897+00,PipeLovers 10 para Empresas,Natália Tamyle,2024-10-22,2025-07-05,20174
4c60ffb0-6815-4549-806a-b6426b3256f9,2026-06-18 21:54:55.982897+00,PipeLovers 10 para Empresas,Priscila Banzato,2026-01-30,2026-05-01,163
4c951f36-22ee-4f88-855b-e73da5e31fb2,2026-06-18 21:54:55.982897+00,PipeLovers 3 para Empresas,Patrícia Zancan,2024-11-08,,262
4cf50e36-0643-4202-bd3c-ae24e3d871c1,2026-06-18 21:54:55.982897+00,PipeLovers 3 para Empresas,Nicoly,2025-11-26,2025-12-25,237
4d23677f-3470-4367-a1af-9f6cf00dbdd1,2026-06-18 21:54:55.982897+00,PipeLovers 20 para Empresas,Bárbara Cabrini,2024-09-05,,226
4d64222e-de62-41f4-ab92-31bbcd4912de,2026-06-18 21:54:55.982897+00,PipeLovers 5 para Empresas,Gustavo Moraes,2024-09-02,,330
4d6b81cf-bca2-49c2-8de4-2a7c7829a23d,2026-06-18 21:54:55.982897+00,PipeLovers ALL IN para Empresas,Bárbara Cabrini,2025-10-28,,255
4deb73b1-1fa3-4d77-95b6-c6e58882a067,2026-06-18 21:54:55.982897+00,PipeLovers 3 para Empresas,Gustavo Moraes,2024-10-03,2024-11-04,20076
4df6bd33-239e-4afc-a7c2-f903cbf0466f,2026-06-18 21:54:55.982897+00,PipeLovers 3 para Empresas,Camila Nassar,2025-08-08,,320
4eaa43f1-dbe3-493f-9274-c51ec89af98c,2026-06-18 21:54:55.982897+00,PipeLovers 3 para Empresas,Nicoly,2026-05-29,,360
4ec47181-fbfb-45e6-bcb1-e277fcc9bc6c,2026-06-18 21:54:55.982897+00,PipeLovers 3 para Empresas,Priscila Banzato,2025-08-02,2026-02-04,20002
4f20919f-82e1-4658-8042-1d72df18d6df,2026-06-18 21:54:55.982897+00,PipeLovers 3 para Empresas,Camila Nassar,2024-05-14,2025-11-10,20016
4f5a6b42-8a04-4e5e-aa59-2e7afc2238aa,2026-06-18 21:54:55.982897+00,PipeLovers 10 para Empresas,Priscila Banzato,2026-01-30,2026-03-31,20608
506a77b9-1db8-4871-8299-98ddf7217e58,2026-06-18 21:54:55.982897+00,PipeLovers 5 para Empresas,Priscila Banzato,2025-11-26,2026-05-31,20226
5092f610-87c7-429d-9158-fa9556907cc2,2026-06-18 21:54:55.982897+00,PipeLovers 20 para Empresas,Bárbara Cabrini,2026-02-10,,8
511f34d1-f373-47c5-bbe6-43d49d3caa5d,2026-06-18 21:54:55.982897+00,PipeLovers 30 para Empresas,Bárbara Cabrini,2025-10-24,2026-08-03,157
52b33a22-67cd-4a65-a045-982b102a553d,2026-09-09 18:01:01.281452+00,PipeLovers 30 para Empresas,Maria Schmitz,2026-07-21,,487
52b42d0e-434b-4b8f-b62b-7bc3082c26a9,2026-06-18 21:54:55.982897+00,PipeLovers 10 para Empresas,Natália Tamyle,2026-01-20,,112
5391f4f9-2d4e-4307-a035-1c8c2641e7ee,2026-06-18 21:54:55.982897+00,PipeLovers 3 para Empresas,Camila Nassar,2026-02-24,,243
53b8a586-2de9-4c35-97f5-1c19700f4efe,2026-06-18 21:54:55.982897+00,PipeLovers 5 para Empresas,Gustavo Moraes,2024-10-23,,83
53ec9011-a13d-411e-9ed8-db97af94d536,2026-06-18 21:54:55.982897+00,PipeLovers 3 para Empresas,Gustavo Moraes,2025-01-06,2025-02-12,20284
5449d0ea-3c49-4824-9cd2-54ee4c721db4,2026-06-18 21:54:55.982897+00,PipeLovers 3 para Empresas,Gustavo Moraes,2025-03-04,2025-04-03,20372
5452a5b6-74f4-4c0d-8375-79a1f2ad605a,2026-06-18 21:54:55.982897+00,PipeLovers 15 para Empresas,Natália Tamyle,2025-04-10,2026-04-16,20602
54c8dd10-8e62-452a-9778-9c7d122992d8,2026-06-18 21:54:55.982897+00,PipeLovers 5 para Empresas,Gustavo Moraes,2024-07-01,2025-04-01,20315
54cc7e8d-5dbf-4063-b43b-cbbd61221601,2026-06-18 21:54:55.982897+00,PipeLovers 3 para Empresas,Priscila Banzato,2025-07-25,2025-08-24,20570
551427a1-084f-4445-8492-3e23e648b83c,2026-06-18 21:54:55.982897+00,PipeLovers 5 para Empresas,Nicoly,2026-06-08,,385
556e6247-fb86-41b1-b203-700476c3ddfe,2026-06-18 21:54:55.982897+00,PipeLovers 3 para Empresas,Nicoly,2026-04-08,2026-05-06,116
556f34e2-ca8d-4fbc-9fe7-2d8543e65b4e,2026-06-18 21:54:55.982897+00,PipeLovers 3 para Empresas,Nicoly,2026-06-09,2026-07-27,381
55866e8b-7eea-4815-98f5-32f6e993a978,2026-06-18 21:54:55.982897+00,PipeLovers 3 para Empresas,Gustavo Moraes,2024-11-18,2025-05-12,20341
55c86ec5-4e1a-4245-9007-3aaea18d68b3,2026-06-18 21:54:55.982897+00,PipeLovers 3 para Empresas,Camila Nassar,2025-02-19,2026-03-31,20227
55ff1b34-5c79-4e50-9f4a-7ab97c1bb36f,2026-06-18 21:54:55.982897+00,PipeLovers 15 para Empresas,Natália Tamyle,2024-08-26,,182
5653f204-cb86-4497-af01-fc8da32cbe6d,2026-06-18 21:54:55.982897+00,PipeLovers 5 para Empresas,Gustavo Moraes,2026-01-27,,159
567b6c7c-9a09-4cdc-a9e9-1617e16873e8,2026-06-18 21:54:55.982897+00,PipeLovers 3 para Empresas,Camila Nassar,2026-02-25,2026-07-09,246
568291b8-cffc-44d9-8721-5e2d155236b1,2026-06-18 21:54:55.982897+00,PipeLovers 30 para Empresas,Bárbara Cabrini,2026-02-10,,76
56c65370-930c-4600-bb22-381edcbbed6c,2026-06-18 21:54:55.982897+00,PipeLovers 10 para Empresas,Priscila Banzato,2026-05-29,,372
57464da3-c914-45f3-9e5c-7a9a734de3d1,2026-06-18 21:54:55.982897+00,PipeLovers 3 para Empresas,Camila Nassar,2024-11-29,2026-03-31,20221
57636a8f-7fe9-43ce-83a3-8b36c56e66e0,2026-06-18 21:54:55.982897+00,PipeLovers 5 para Empresas,Bárbara Cabrini,2026-02-06,,91
5828457f-1649-47ea-bff5-21e948405791,2026-06-18 21:54:55.982897+00,PipeLovers 10 para Empresas,Priscila Banzato,2026-04-30,,283
5833e651-099e-49fc-9e68-cff9296f4513,2026-08-11 18:50:32.275348+00,PipeLovers 3 para Empresas,Gonzalo Cami,2026-07-15,,476
58595829-166a-4f04-a20a-ab577c99c610,2026-06-18 21:54:55.982897+00,PipeLovers 3 para Empresas,Camila Nassar,2025-09-10,2026-03-31,20224
58a46a61-ecaa-477f-b49e-f7c2f510f938,2026-06-18 21:54:55.982897+00,PipeLovers 10 para Empresas,Priscila Banzato,2026-03-03,2026-04-30,20407
58e03e67-0f39-46bb-b890-95c1084e1ce5,2026-06-18 21:54:55.982897+00,PipeLovers 3 para Empresas,Gustavo Moraes,2024-12-19,2025-01-18,20535
58f518b7-c0cb-435f-8810-77da751b16d6,2026-06-18 21:54:55.982897+00,PipeLovers 3 para Empresas,Priscila Banzato,2025-03-28,2025-04-27,20517
58f57078-7c10-461d-aa10-2121af5ae57c,2026-06-18 21:54:55.982897+00,PipeLovers 3 para Empresas,Camila Nassar,2026-03-20,2026-07-31,31
593e7afb-cd06-4670-b025-7885ab7cc442,2026-06-18 21:54:55.982897+00,PipeLovers 3 para Empresas,Nicoly,2026-02-24,2026-03-20,20617
5953bbea-a390-4424-80b4-1211a593a680,2026-06-18 21:54:55.982897+00,PipeLovers 10 para Empresas,Natália Tamyle,2025-03-24,,234
5a382945-3631-4f44-ae27-8649c3212c43,2026-06-18 21:54:55.982897+00,PipeLovers 3 para Empresas,Camila Nassar,2025-01-31,2026-01-16,20236
5a386c5e-6eb7-415f-aa87-a47760cb7625,2026-06-18 21:54:55.982897+00,PipeLovers 5 para Empresas,Gustavo Moraes,2025-01-08,2025-08-27,20165
5a49ead6-fe11-4ecd-b2e6-12664d888498,2026-06-18 21:54:55.982897+00,PipeLovers 3 para Empresas,Camila Nassar,2024-10-04,2025-09-14,20049
5acdc6f8-9014-483e-ba95-c4f2bdabb1bb,2026-06-18 21:54:55.982897+00,PipeLovers 3 para Empresas,Nicoly,2025-11-07,2026-02-13,20614
5ae91354-1ed0-4022-b8f8-3bca74d8a943,2026-06-18 21:54:55.982897+00,PipeLovers 3 para Empresas,Gustavo Moraes,2024-07-15,2024-11-21,20251
5b96f591-052c-4611-b2c2-613973215387,2026-06-18 21:54:55.982897+00,PipeLovers 3 para Empresas,Camila Nassar,2024-11-10,2025-09-30,20349
5bf76504-05b6-4fe0-979d-78ce86d0aa0a,2026-06-18 21:54:55.982897+00,PipeLovers 3 para Empresas,Nicoly,2026-03-24,2026-04-23,55
5c79b1dc-e943-43b8-b470-73a0dc47a1c2,2026-06-18 21:54:55.982897+00,PipeLovers 3 para Empresas,Bárbara Cabrini,2024-03-26,2024-05-28,20310
5c84a8b4-5edf-4729-90ba-6278ce06ee61,2026-06-18 21:54:55.982897+00,PipeLovers 3 para Empresas,Camila Nassar,2025-01-17,2025-11-28,20598
5c8fa9ff-1df6-4c95-b1f4-83d9507180be,2026-06-18 21:54:55.982897+00,PipeLovers 10 para Empresas,Natália Tamyle,2024-12-03,2026-02-13,20024
5c9c70eb-5dd6-43db-94f0-ebc50999e0e1,2026-06-18 21:54:55.982897+00,PipeLovers 5 para Empresas,Gustavo Moraes,2025-02-24,2025-04-30,20169
5cc92507-fe9e-40ab-b7db-9368f5a63b20,2026-06-18 21:54:55.982897+00,PipeLovers 3 para Empresas,Patrícia Zancan,2024-06-07,,314
5ce91d5a-e197-4e19-a83c-0514ec7adad8,2026-06-18 21:54:55.982897+00,PipeLovers 15 para Empresas,Priscila Banzato,2025-12-30,,20409
5d268b19-7554-4640-906f-3c48dcd9e180,2026-07-14 19:57:06.264202+00,PipeLovers 15 para Empresas,Nicoly,2026-07-01,,418
5d87b838-aeeb-4618-9df4-ebd58d1d2d5f,2026-06-18 21:54:55.982897+00,PipeLovers 3 para Empresas,Camila Nassar,2024-12-27,,338
5dc22efb-f2f7-4637-a5af-98de55791af8,2026-06-18 21:54:55.982897+00,Prime & PipeLovers,Natália Tamyle,2023-09-26,2024-08-12,20356
5de21131-d9b4-43b0-8ad4-d29d32b3d2c6,2026-06-18 21:54:55.982897+00,PipeLovers 20 para Empresas,Bárbara Cabrini,2026-02-10,,126
5df6527e-651c-4986-98f9-11a46e940b75,2026-06-18 21:54:55.982897+00,PipeLovers 3 para Empresas,Camila Nassar,2026-03-31,,132
5e396f4a-6237-453d-a5c2-77b08ff2214f,2026-06-18 21:54:55.982897+00,PipeLovers 3 para Empresas,Camila Nassar,2024-12-19,2026-01-10,20396
5e45ea2a-a012-4bfe-a4b0-6772f2f704f1,2026-06-18 21:54:55.982897+00,PipeLovers 3 para Empresas,Nicoly,2025-11-11,2025-12-23,20558
5e838453-6564-4d0f-9e4f-7fbb1d3b17bc,2026-06-18 21:54:55.982897+00,PipeLovers 30 para Empresas,Bárbara Cabrini,2024-12-04,2026-03-02,20014
5e91bca7-2a7d-47dc-bb85-4fd9d7c9304a,2026-06-18 21:54:55.982897+00,PipeLovers 10 para Empresas,Gustavo Moraes,2024-04-26,,250
5ed896ed-a63a-42a1-b63c-dff293193632,2026-06-18 21:54:55.982897+00,PipeLovers 3 para Empresas,Natália Tamyle,2024-02-23,2024-08-26,20229
5f4a6b64-48f1-4998-9677-516d1faa7ed5,2026-06-18 21:54:55.982897+00,PipeLovers 20 para Empresas,Priscila Banzato,2026-02-27,2026-05-31,20416
5fe6d777-e9e2-4f69-9427-d79a1eb8b8c6,2026-06-18 21:54:55.982897+00,PipeLovers 3 para Empresas,Gustavo Moraes,2024-08-15,2024-11-27,20395
6015d371-d2b8-4946-8d86-337838552eca,2026-06-18 21:54:55.982897+00,PipeLovers 10 para Empresas,Natália Tamyle,2024-04-24,2025-02-24,20412
6021a17b-c0eb-4a03-849a-2284cc7d6d58,2026-06-18 21:54:55.982897+00,PipeLovers 5 para Empresas,Gustavo Moraes,2024-09-12,2025-03-07,20193
60412a14-0136-411b-a9a4-4f27d18c84ae,2026-06-18 21:54:55.982897+00,PipeLovers 3 para Empresas,Natália Tamyle,2024-04-05,2024-07-02,20387
60c2d397-93c9-4412-8f4f-4d6176f78c9c,2026-06-18 21:54:55.982897+00,PipeLovers 3 para Empresas,Camila Nassar,2024-09-26,2025-06-10,20403
616cabac-aa56-40a6-ba5a-9c3ff61f700b,2026-06-18 21:54:55.982897+00,PipeLovers 3 para Empresas,Natália Tamyle,2024-05-20,2024-10-21,20146
61ddf98a-9a52-408b-97b2-20e99b1acb74,2026-07-14 19:57:06.264202+00,PipeLovers 20 para Empresas,Bárbara Cabrini,2026-07-03,,41
620a3ac3-1e61-4a4f-82ba-603547aff2d7,2026-06-18 21:54:55.982897+00,PipeLovers 5 para Empresas,Gustavo Moraes,2025-02-13,2025-10-03,20312
620e2ed1-b892-4125-956d-bda5999de28a,2026-06-18 21:54:55.982897+00,PipeLovers 30 para Empresas,Priscila Banzato,2026-03-31,,115
62371bc7-fe3a-4f8c-aa3c-228a5dfd31a6,2026-08-11 19:58:28.249943+00,PipeLovers 50 para Empresas,Priscila Banzato,2026-06-30,,455
6238c2fe-c4c1-4803-9a83-0f583faefb76,2026-06-18 21:54:55.982897+00,PipeLovers 3 para Empresas,Nicoly,2026-01-30,,164
625bd6fd-03a3-4ced-b60d-d72e4bc4e39c,2026-06-18 21:54:55.982897+00,PipeLovers 3 para Empresas,Patrícia Zancan,2025-04-04,,235
62661428-94ef-4c5a-9297-a85b7e010cb8,2026-09-09 17:00:02.377179+00,PipeLovers 20 para Empresas,Nicoly,2026-08-25,,509
62a83f3d-7614-4b8f-9473-8353d903695b,2026-06-18 21:54:55.982897+00,PipeLovers 3 para Empresas,Camila Nassar,2025-04-24,2025-10-21,20212
62b10dde-07d8-4527-a064-cf44b836382a,2026-06-18 21:54:55.982897+00,PipeLovers 3 para Empresas,Camila Nassar,2025-01-28,2025-07-10,20461
62b5132f-25b7-4928-9e23-bf4199eb1522,2026-06-18 21:54:55.982897+00,PipeLovers 10 para Empresas,Priscila Banzato,2025-06-26,2025-11-10,20400
62b99d93-dc9d-4b42-ad4b-d770d55931ea,2026-06-18 21:54:55.982897+00,PipeLovers 5 para Empresas,Camila Nassar,2025-07-31,,73
62e94dd3-8cf3-4a92-b13e-a9a63f277c74,2026-06-18 21:54:55.982897+00,Embracom & PipeLovers,Bárbara Cabrini,2023-07-15,2024-07-15,20142
6337ac22-ebe1-4a72-9d81-5993a4b9f968,2026-06-18 21:54:55.982897+00,PipeLovers 10 para Empresas,Natália Tamyle,2025-06-12,2026-07-01,137
634c8ba9-63b0-45c5-a27f-5102fa87e13a,2026-06-18 21:54:55.982897+00,PipeLovers 5 para Empresas,Gustavo Moraes,2024-08-17,2025-05-24,20575
636b3b36-8a0b-4db3-af0f-74623c16423c,2026-06-18 21:54:55.982897+00,PipeLovers 3 para Empresas,Priscila Banzato,2025-03-28,2025-04-27,20468
64409957-4082-46b4-b6e8-716806bb4361,2026-06-18 21:54:55.982897+00,PipeLovers 5 para Empresas,Gustavo Moraes,2024-11-08,2026-02-09,20090
6456e43e-8ed6-47c0-a655-954a2b3f3572,2026-06-18 21:54:55.982897+00,PipeLovers 3 para Empresas,Priscila Banzato,2024-10-04,2025-06-10,20086
64b8f73d-ec98-49e1-9a29-2718ee6085f6,2026-07-14 19:57:06.264202+00,PipeLovers 3 para Empresas,Gonzalo Cami,2026-06-30,,416
64e5a24c-2dd5-456e-a8eb-3b6e4169b8a6,2026-06-18 21:54:55.982897+00,PipeLovers 10 para Empresas,Priscila Banzato,2025-11-27,2026-04-28,122
652f7e49-dc90-42f5-a45b-bcb622dcaa5f,2026-06-18 21:54:55.982897+00,PipeLovers 5 para Empresas,Gustavo Moraes,2024-08-12,2024-09-11,20518
6536632f-5cb4-463f-a787-8be18307495a,2026-06-18 21:54:55.982897+00,PipeLovers 3 para Empresas,Nicoly,2025-08-29,2026-01-23,20577
654630c2-d664-415c-b959-aab8d06fc919,2026-06-18 21:54:55.982897+00,PipeLovers 3 para Empresas,Gustavo Moraes,2024-12-11,2025-01-11,20580
657de1e2-9d10-48f1-8bdb-96f2ec61de13,2026-06-18 21:54:55.982897+00,PipeLovers 15 para Empresas,Natália Tamyle,2025-06-26,,36
65a0f16c-77c2-4c4e-938a-1e4f6e053dbd,2026-06-18 21:54:55.982897+00,PipeLovers 15 para Empresas,Natália Tamyle,2025-10-29,,35
65bf0f0d-3060-45d1-843a-b694cd94a647,2026-06-18 21:54:55.982897+00,PipeLovers 3 para Empresas,Priscila Banzato,2025-07-04,2025-11-10,20175
66608a73-a89b-40a8-9dae-e9438f6ab9a6,2026-06-18 21:54:55.982897+00,PipeLovers 3 para Empresas,Priscila Banzato,2024-11-08,2025-04-16,20376
66f32d5b-3e8a-4065-88d8-c5f98a6bd9b1,2026-06-18 21:54:55.982897+00,PipeLovers 5 para Empresas,Gustavo Moraes,2025-02-25,2025-06-25,20131
674516ea-9afd-4574-b1b6-eb90aaa6dfcc,2026-06-18 21:54:55.982897+00,PipeLovers 10 para Empresas,Priscila Banzato,2026-01-22,2026-03-12,20088
67594239-9749-4adc-b294-bf45ae23c116,2026-09-09 17:00:02.377179+00,PipeLovers 3 para Empresas,Gonzalo Cami,2026-08-21,,496
68027275-c2d4-4213-8ac8-8dcea9a339e2,2026-06-18 21:54:55.982897+00,PipeLovers 5 para Empresas,Gustavo Moraes,2026-01-30,,342
683d5e01-d4d2-48f1-91af-e46dd73936aa,2026-06-18 21:54:55.982897+00,PipeLovers 3 para Empresas,Gustavo Moraes,2024-01-11,2025-02-10,20346
687da140-6d2f-4114-87f3-8a4c25c3836a,2026-06-18 21:54:55.982897+00,PipeLovers 3 para Empresas,Nicoly,2025-10-20,2026-02-20,20487
6903f175-2ff3-4aad-92a2-e886bff33eee,2026-06-18 21:54:55.982897+00,PipeLovers 30 para Empresas,Bárbara Cabrini,2025-11-18,,96
69146093-f0ee-402e-a153-bf5ef8c5c731,2026-06-18 21:54:55.982897+00,PipeLovers 20 para Empresas,Bárbara Cabrini,2024-12-26,,22
693db020-db22-44d1-8a7c-ef02fa636ca5,2026-06-18 21:54:55.982897+00,PipeLovers 5 para Empresas,Nicoly,2026-03-27,,57
69494ad9-36fe-4804-84c3-a8774eac0485,2026-06-18 21:54:55.982897+00,PipeLovers 3 para Empresas,Camila Nassar,2025-02-25,2025-05-10,20010
6a06e976-8387-4884-a644-74da8f97aac6,2026-06-18 21:54:55.982897+00,PipeLovers 10 para Empresas,Natália Tamyle,2024-07-03,2025-01-03,20451
6a531672-dd37-4d41-93ab-182ee97208e3,2026-06-18 21:54:55.982897+00,PipeLovers 3 para Empresas,Patrícia Zancan,2026-04-10,,131
6a6ed19f-3433-4b04-93f6-d4a41f3d75ac,2026-06-18 21:54:55.982897+00,PipeLovers 3 para Empresas,Camila Nassar,2025-03-31,2025-04-30,20235
6a9395c5-f761-4d59-ac91-a24036b859dc,2026-06-18 21:54:55.982897+00,PipeLovers 3 para Empresas,Nicoly,2026-03-05,2026-04-03,59
6b3352fe-800e-4af4-9d59-15a250d7bbd2,2026-06-18 21:54:55.982897+00,PipeLovers 3 para Empresas,Nicoly,2026-04-30,,257
6b3c2f92-5495-477d-a366-004968cc1aee,2026-06-18 21:54:55.982897+00,PipeLovers 5 para Empresas,Bárbara Cabrini,2024-04-19,2024-07-10,20593
6b41cb93-b4aa-4ae2-90fa-65befd919da0,2026-06-18 21:54:55.982897+00,PipeLovers 3 para Empresas,Camila Nassar,2025-08-15,,72
6b648736-0b6a-4aca-960c-fc21eec4dbe5,2026-06-18 21:54:55.982897+00,PipeLovers 10 para Empresas,Priscila Banzato,2026-02-24,,20009
6b8c0cd0-7f3d-4615-bf52-795883a3955e,2026-06-18 21:54:55.982897+00,PipeLovers 3 para Empresas,Camila Nassar,2024-04-26,2025-07-10,20149
6bba90a0-c423-435d-a15c-cc27cb8cd4e9,2026-08-11 18:50:32.275348+00,PipeLovers ALL IN para Empresas,Priscila Banzato,2026-07-23,,474
6bf588b5-0d4d-4633-996b-ba318b419ec0,2026-06-18 21:54:55.982897+00,PipeLovers 10 para Empresas,Gustavo Moraes,2025-08-06,2026-06-19,232
6d58559a-8d2b-46e9-b8d5-dcd4c9d307c8,2026-06-18 21:54:55.982897+00,PipeLovers 3 para Empresas,Gustavo Moraes,2024-08-15,2024-11-19,20549
6d942b2d-7071-4e52-9fca-005b55d1c8a3,2026-06-18 21:54:55.982897+00,PipeLovers 15 para Empresas,Natália Tamyle,2024-12-18,2026-04-16,20182
6df022ed-dc4d-42d2-93f5-2b0cb8e648c2,2026-06-18 21:54:55.982897+00,PipeLovers 5 para Empresas,Gustavo Moraes,2025-01-27,2026-05-14,20467
6e612990-73a0-48a4-8189-eef7edc8a20b,2026-06-18 21:54:55.982897+00,PipeLovers 5 para Empresas,Nicoly,2026-01-22,2026-05-20,20547
6e6d986c-14fe-420b-94c2-43d6cbc47b09,2026-06-18 21:54:55.982897+00,PipeLovers 10 para Empresas,Natália Tamyle,2025-01-13,2026-02-10,20369
6eb2873b-1185-42f6-9a7c-f2a403cbd77f,2026-06-18 21:54:55.982897+00,PipeLovers 5 para Empresas,Gustavo Moraes,2025-06-23,,129
6ef77c0a-1914-47cd-ad82-f572bd140e20,2026-06-18 21:54:55.982897+00,PipeLovers 5 para Empresas,Gustavo Moraes,2025-01-14,2025-07-28,20433
6f483689-9cfa-47a9-9b21-30448f432764,2026-06-18 21:54:55.982897+00,PipeLovers 3 para Empresas,Natália Tamyle,2024-06-04,2024-08-06,20155
6f5fff52-9f3d-4e2e-83a6-6d49cf8cf88e,2026-09-09 17:00:02.377179+00,PipeLovers 3 para Empresas,Gonzalo Cami,2026-08-18,,500
6f8a2b19-4072-46e6-8e29-cf16a0227c21,2026-06-18 21:54:55.982897+00,PipeLovers 20 para Empresas,Priscila Banzato,2026-04-28,,244
6f8d540b-aa15-426e-89a8-9e99503f6216,2026-06-18 21:54:55.982897+00,PipeLovers 10 para Empresas,Priscila Banzato,2025-10-21,2025-12-09,20408
6fa54d34-453d-431a-83a0-0fef3549a8d7,2026-06-18 21:54:55.982897+00,PipeLovers 3 para Empresas,Camila Nassar,2026-02-10,2026-03-31,20323
6fe352fb-d6f1-4a3d-ac3c-85364bac3892,2026-08-11 18:50:32.275348+00,PipeLovers 10 para Empresas,Nicoly,2026-07-15,,465
7077ae21-1091-4790-9213-3ffede2e8892,2026-06-18 21:54:55.982897+00,PipeLovers 20 para Empresas,Natália Tamyle,2025-04-17,,113
707da626-3ffc-4a99-aa16-4523429e264c,2026-06-18 21:54:55.982897+00,PipeLovers 10 para Empresas,Natália Tamyle,2024-09-03,2024-12-03,20211
7092f7de-bbcc-4e33-8a03-e49fb2b72021,2026-06-18 21:54:55.982897+00,PipeLovers 3 para Empresas,Camila Nassar,2024-10-26,,332
70c05148-ac14-4556-86aa-e12fc3956a9f,2026-07-14 19:57:06.264202+00,PipeLovers 30 para Empresas,Priscila Banzato,2026-06-30,,431
70ec95f6-8e32-496c-9e40-4c37249d3f1f,2026-06-18 21:54:55.982897+00,PipeLovers 3 para Empresas,Camila Nassar,2026-03-27,,106
73172050-e0bb-4759-9a31-7c174455bdbf,2026-06-18 21:54:55.982897+00,PipeLovers 5 para Empresas,Gustavo Moraes,2025-04-11,2025-11-10,20059
738127c1-6c83-4d09-86b8-b89cf58a8d10,2026-06-18 21:54:55.982897+00,PipeLovers 3 para Empresas,Camila Nassar,2025-09-29,2026-04-16,20179
73905cdc-43b9-4bfe-a006-4779e96d39ea,2026-06-18 21:54:55.982897+00,PipeLovers 3 para Empresas,Camila Nassar,2025-01-15,2025-12-23,20421
741a7dac-d6f8-4fc6-9b94-62d2b1f85373,2026-06-18 21:54:55.982897+00,PipeLovers 3 para Empresas,Bárbara Cabrini,2024-03-26,2024-05-29,20195
744d7893-bd7c-407d-917e-f5a893899244,2026-06-18 21:54:55.982897+00,PipeLovers 30 para Empresas,Bárbara Cabrini,2025-01-10,2025-09-10,20289
74b03f08-3a35-48ab-874b-960a53abc10d,2026-06-18 21:54:55.982897+00,PipeLovers 5 para Empresas,Nicoly,2026-04-29,,271
74cab5bc-7708-449a-9bbd-51cb58f8abcf,2026-06-18 21:54:55.982897+00,PipeLovers 5 para Empresas,Gustavo Moraes,2024-11-07,2025-09-03,20162
75187568-60de-4ca5-a6a3-b11ea41dfd07,2026-06-18 21:54:55.982897+00,PipeLovers 3 para Empresas,Nicoly,2025-10-02,2026-02-13,20084
7560df77-fcdc-4c6d-a9d3-a1fd923d882c,2026-06-18 21:54:55.982897+00,PipeLovers 5 para Empresas,Nicoly,2025-12-23,2026-01-22,20578
7626c44a-aa75-41ac-b160-dd209daabf54,2026-06-18 21:54:55.982897+00,PipeLovers 10 para Empresas,Natália Tamyle,2024-08-07,2024-12-13,20472
76405a88-a41e-45fd-a7e6-2c16d1b942ca,2026-06-18 21:54:55.982897+00,PipeLovers 3 para Empresas,Camila Nassar,2025-03-13,2026-04-16,318
768c5336-cc52-427f-9653-b6d03bdbcbca,2026-06-18 21:54:55.982897+00,PipeLovers 5 para Empresas,Gustavo Moraes,2024-04-29,,327
76a0a93f-0af0-4d79-a776-8a865d6ee6d7,2026-06-18 21:54:55.982897+00,PipeLovers 3 para Empresas,Camila Nassar,2026-01-26,,140
76f13704-e5ee-47cb-a700-0df51b481943,2026-06-18 21:54:55.982897+00,PipeLovers 5 para Empresas,Natália Tamyle,2024-07-24,2024-12-27,20603
7766c54e-6d06-473e-94cb-8f8b8c18b518,2026-06-18 21:54:55.982897+00,PipeLovers 5 para Empresas,Gustavo Moraes,2025-04-28,2026-03-31,20385
778fb0f5-513c-4622-8c22-e48ed4dd7e46,2026-06-18 21:54:55.982897+00,PipeLovers 5 para Empresas,Gustavo Moraes,2025-05-09,2026-05-30,20429
77d7bf8c-4f15-4403-b388-77844138cbea,2026-06-18 21:54:55.982897+00,PipeLovers 5 para Empresas,Bárbara Cabrini,2024-05-03,2024-07-04,20495
77fe80b9-3dec-47de-8e94-0434750cdc6a,2026-06-18 21:54:55.982897+00,PipeLovers 3 para Empresas,Camila Nassar,2025-04-29,2025-09-10,20456
78f0573d-81f9-4259-8245-7c58044d071d,2026-06-18 21:54:55.982897+00,PipeLovers 5 para Empresas,Priscila Banzato,2025-06-02,2025-09-02,20027
79197497-3ac6-4a28-b5da-e92e0f5858e7,2026-07-14 19:57:06.264202+00,PipeLovers 30 para Empresas,Bárbara Cabrini,2026-06-25,,115
79a4802f-9cbf-4e4e-a9b2-009955d2ba2b,2026-06-18 21:54:55.982897+00,PipeLovers 5 para Empresas,Camila Nassar,2025-03-25,2025-10-10,20335
79ce1113-6297-468b-a487-c5e331cc9328,2026-06-18 21:54:55.982897+00,PipeLovers 1 para Empresas,Priscila Banzato,2025-10-28,2026-01-05,20247
7abcfbf5-e72f-45d2-9ae9-0d2994034790,2026-06-18 21:54:55.982897+00,PipeLovers 5 para Empresas,Priscila Banzato,2025-08-07,,20392
7aebd24f-e176-4ac2-926d-1e41c3f59b1a,2026-06-18 21:54:55.982897+00,PipeLovers 3 para Empresas,Nicoly,2026-01-13,2026-03-23,20041
7aed54b6-b04b-4835-8c6c-5f1ae0ea3751,2026-06-18 21:54:55.982897+00,PipeLovers 10 para Empresas,Nicoly,2026-04-23,,240
7b2ac31f-7bad-40de-a443-cba3bbf6f3cb,2026-06-18 21:54:55.982897+00,PipeLovers 10 para Empresas,Priscila Banzato,2026-02-24,,123
7b35f3eb-b506-4163-9e79-b8ac8728b6d8,2026-06-18 21:54:55.982897+00,PipeLovers 5 para Empresas,Priscila Banzato,2025-12-09,2026-04-30,20393
7b8197e6-6881-4be9-b087-314d3a7e9596,2026-06-18 21:54:55.982897+00,PipeLovers 5 para Empresas,Gustavo Moraes,2026-01-22,,103
7bae3649-810f-49c3-a6d2-a41d5f54ded6,2026-06-18 21:54:55.982897+00,PipeLovers 10 para Empresas,Gustavo Moraes,2025-10-30,,169
7bdcf932-bb0f-4ee5-adf7-c6d5f5f77b1c,2026-06-18 21:54:55.982897+00,PipeLovers 10 para Empresas,Natália Tamyle,2024-05-09,2025-09-10,20183
7c481867-ca35-4256-a1dc-44eaa54c9d07,2026-06-18 21:54:55.982897+00,PipeLovers 3 para Empresas,Gustavo Moraes,2024-05-24,2025-01-23,20290
7c54b490-ee4a-425f-8e33-a38878d8b1d7,2026-06-18 21:54:55.982897+00,PipeLovers 3 para Empresas,Gustavo Moraes,2024-06-09,2024-11-27,20373
7c566d60-3b91-44c4-8944-5dc46a50dccf,2026-06-18 21:54:55.982897+00,PipeLovers 3 para Empresas,Nicoly,2025-10-08,2026-07-15,45
7c79da00-ca6a-46e9-a18a-b15ff6888913,2026-06-18 21:54:55.982897+00,PipeLovers 20 para Empresas,Bárbara Cabrini,2026-01-20,,41
7c878ea2-8685-4bab-8a83-ddccf9f77ba4,2026-06-18 21:54:55.982897+00,PipeLovers 3 para Empresas,Camila Nassar,2025-03-26,2025-04-25,20539
7c8d65bd-e6c2-488e-8925-afd1e56a09ba,2026-06-18 21:54:55.982897+00,PipeLovers 3 para Empresas,Priscila Banzato,2024-08-26,2025-03-07,20454
7c907198-830b-475f-aaba-e71e13b0ef71,2026-06-18 21:54:55.982897+00,PipeLovers 3 para Empresas,Natália Tamyle,2024-08-13,2024-09-30,20513
7cc27cdf-9cc4-4c1e-961f-bb2aff053862,2026-06-18 21:54:55.982897+00,PipeLovers 3 para Empresas,Camila Nassar,2024-11-08,2026-04-16,20333
7d15a4cf-d844-4bbe-9dec-d416c3de1f1b,2026-06-18 21:54:55.982897+00,PipeLovers 3 para Empresas,Natália Tamyle,2024-06-30,2024-07-22,20342
7d6157f0-cdd3-40e0-b74a-ddfa960a4bbd,2026-06-18 21:54:55.982897+00,PipeLovers 3 para Empresas,Nicoly,2025-09-12,2025-10-27,20502
7daee669-cb93-44d6-be87-34da35d886b2,2026-06-18 21:54:55.982897+00,PipeLovers 5 para Empresas,Gustavo Moraes,2025-12-23,2026-07-06,341
7e162846-b896-425f-ab72-4f54e9a9e77b,2026-06-18 21:54:55.982897+00,PipeLovers 10 para Empresas,Gustavo Moraes,2024-06-19,,47
7e3f5692-0dfb-42d4-b237-f9b52e7283f7,2026-06-18 21:54:55.982897+00,PipeLovers 3 para Empresas,Camila Nassar,2025-11-11,2026-08-20,99
7e40293f-b867-4f15-96da-61c2715052c7,2026-06-18 21:54:55.982897+00,PipeLovers 10 para Empresas,Gustavo Moraes,2025-12-18,2026-07-06,150
7e5f3223-40c9-40e3-b324-38e6d3b52ae4,2026-06-18 21:54:55.982897+00,PipeLovers 5 para Empresas,Gustavo Moraes,2025-01-30,2026-01-07,20283
7eb85835-589d-426b-8377-30754d0ea22d,2026-06-18 21:54:55.982897+00,PipeLovers 20 para Empresas,Priscila Banzato,2026-05-07,,281
7ebe734f-fa8f-4fa7-9d3a-9a21fed32eb1,2026-06-18 21:54:55.982897+00,PipeLovers 5 para Empresas,Gustavo Moraes,2026-03-12,,228
7f7eb0c8-2b05-4724-9530-550450c52020,2026-06-18 21:54:55.982897+00,PipeLovers 3 para Empresas,Nicoly,2026-01-15,2026-02-26,20118
7f8420c2-9de2-42e7-82a9-70bf2d3c8cf7,2026-06-18 21:54:55.982897+00,PipeLovers 3 para Empresas,Priscila Banzato,2025-02-11,2025-04-10,20117
8008534a-12fe-42af-8d6a-3120d89ce859,2026-06-18 21:54:55.982897+00,PipeLovers 10 para Empresas,Camila Nassar,2024-07-09,2024-12-25,20292
8046b01b-2fc0-4cc1-b61a-e6e6b24e5359,2026-06-18 21:54:55.982897+00,PipeLovers 3 para Empresas,Camila Nassar,2025-09-26,2026-04-30,20296
80782db1-5873-4780-bb82-fed609ddec7f,2026-06-18 21:54:55.982897+00,PipeLovers 15 para Empresas,Bárbara Cabrini,2024-09-09,2025-09-08,20359
808378b6-76bd-4b5f-9e23-b5329f22518d,2026-06-18 21:54:55.982897+00,PipeLovers 3 para Empresas,Gustavo Moraes,2024-07-15,2024-12-16,20270
80a29e72-5f16-4b08-9fba-26b8813d04b0,2026-06-18 21:54:55.982897+00,PipeLovers 5 para Empresas,Gustavo Moraes,2024-12-24,2026-04-08,20128
80cc4586-723d-4221-8eb9-529fd066a5c8,2026-06-18 21:54:55.982897+00,PipeLovers 3 para Empresas,Camila Nassar,2025-04-09,2025-07-30,20522
81da5047-2f19-4865-9a99-304043e48774,2026-06-18 21:54:55.982897+00,PipeLovers 3 para Empresas,Nicoly,2026-05-26,2026-08-30,350
82838fe9-e3d2-467f-b7e8-637ff4fa90e1,2026-06-18 21:54:55.982897+00,PipeLovers 3 para Empresas,Gustavo Moraes,2024-11-19,2025-04-04,20225
82bb08c8-8116-4ab7-b3ce-0a0ac0956b1b,2026-06-18 21:54:55.982897+00,PipeLovers 5 para Empresas,Gustavo Moraes,2025-12-26,,139
82d83963-4127-4418-be9b-457d93b5c3d3,2026-08-11 18:50:32.275348+00,PipeLovers 3 para Empresas,Gonzalo Cami,2026-07-24,,461
8304619b-2682-4dfc-a034-91475fd1aace,2026-06-18 21:54:55.982897+00,PipeLovers 3 para Empresas,Gustavo Moraes,2024-12-12,2025-02-12,20401
83203395-39a1-4a82-bebe-1a95e0934c2f,2026-06-18 21:54:55.982897+00,PipeLovers 5 para Empresas,Priscila Banzato,2025-08-29,2026-01-23,20464
8347ae06-f1f8-47e5-a08d-827ed38f8f82,2026-06-18 21:54:55.982897+00,PipeLovers 10 para Empresas,Priscila Banzato,2025-11-18,,20386
838c8024-fa99-4b25-8cc5-1539f5d57546,2026-06-18 21:54:55.982897+00,PipeLovers 5 para Empresas,Camila Nassar,2026-01-30,,20340
839b5e84-b747-47b7-ae1a-5ba07650b839,2026-06-18 21:54:55.982897+00,PipeLovers 50 para Empresas,Priscila Banzato,2026-04-16,,284
83eef23e-b642-4de0-a098-704774e89aeb,2026-06-18 21:54:55.982897+00,PipeLovers 3 para Empresas,Gustavo Moraes,2024-09-24,2024-12-19,20114
83fb2d9c-a3e1-4630-afb3-6b55271bc233,2026-06-18 21:54:55.982897+00,PipeLovers 3 para Empresas,Camila Nassar,2024-11-14,,264
83fbdad7-a86a-4a3a-88ab-2bde6a3f0ced,2026-08-11 18:50:32.275348+00,PipeLovers 3 para Empresas,Gonzalo Cami,2026-07-24,,462
84230988-c380-45d0-83e8-aac151e5dc0c,2026-06-18 21:54:55.982897+00,PipeLovers 5 para Empresas,Natália Tamyle,2024-07-09,2024-11-29,20065
844c1907-4024-4451-94f2-115413212b8d,2026-06-18 21:54:55.982897+00,PipeLovers 3 para Empresas,Camila Nassar,2025-01-02,2025-03-31,20456
849babbb-9824-45bf-a1da-377bf8ee98b6,2026-06-18 21:54:55.982897+00,PipeLovers 3 para Empresas,Nicoly,2026-02-27,2026-06-10,20597
8612f0c3-124f-45f4-8018-255cb027d13f,2026-06-18 21:54:55.982897+00,PipeLovers 10 para Empresas,Natália Tamyle,2025-02-27,2026-03-03,20253
865d495b-7961-4761-bcb4-4fec8d63145c,2026-06-18 21:54:55.982897+00,PipeLovers 10 para Empresas,Natália Tamyle,2024-05-27,,75
86aef095-bd92-426e-ad05-1027ff6baec2,2026-06-18 21:54:55.982897+00,PipeLovers 3 para Empresas,Gustavo Moraes,2023-10-18,2024-11-28,20087
86c17ad0-a38a-461e-8a67-eeef9938c15a,2026-06-18 21:54:55.982897+00,PipeLovers 3 para Empresas,Gustavo Moraes,2024-11-06,2024-12-13,20358
87547424-cefb-4e0f-bd4e-0c57877520b6,2026-06-18 21:54:55.982897+00,PipeLovers 3 para Empresas,Priscila Banzato,2024-12-10,2025-02-07,20005
8754ddf1-5de5-43d5-b755-14eaf2ae7014,2026-09-09 17:00:02.377179+00,PipeLovers 3 para Empresas,Gonzalo Cami,2026-08-27,,508
8774493a-133b-4dd0-ba8a-a4c8d89de706,2026-06-18 21:54:55.982897+00,PipeLovers 3 para Empresas,Camila Nassar,2025-02-21,2026-05-03,20469
879e3b9b-5fa8-46a7-bd2c-c1641e9e2247,2026-06-18 21:54:55.982897+00,PipeLovers 20 para Empresas,Gustavo Moraes,2025-11-10,,298
87b3cc3a-402d-43c7-b9ba-2202f6ebdaea,2026-06-18 21:54:55.982897+00,PipeLovers 3 para Empresas,Nicoly,2025-09-29,2025-10-30,20590
87b9d99b-52d4-45d7-b2cd-74111ac34eb2,2026-06-18 21:54:55.982897+00,PipeLovers 5 para Empresas,Priscila Banzato,2025-09-26,2025-11-10,20244
88016517-4916-4a88-b01a-8c58962c8ab1,2026-06-18 21:54:55.982897+00,PipeLovers 3 para Empresas,Nicoly,2026-05-20,2026-07-10,308
884cbd15-7b73-4fef-8e30-63fd2b6a904e,2026-06-18 21:54:55.982897+00,PipeLovers 3 para Empresas,Gustavo Moraes,2024-10-29,2025-01-07,20138
8851c216-5bae-4657-a235-62903340a126,2026-06-18 21:54:55.982897+00,PipeLovers 3 para Empresas,Camila Nassar,2025-03-17,2025-10-21,20538
889b1f9d-2734-4054-a722-a9d097480f07,2026-06-18 21:54:55.982897+00,PipeLovers 10 para Empresas,Gustavo Moraes,2025-05-28,2026-04-10,20531
89699727-c6eb-4b4b-8164-4218e21920bc,2026-06-18 21:54:55.982897+00,PipeLovers 3 para Empresas,Priscila Banzato,2025-04-30,2025-07-20,20564
896c31b3-82e8-411a-88b5-6b1e960fec4d,2026-06-18 21:54:55.982897+00,PipeLovers 3 para Empresas,Priscila Banzato,2025-05-30,2025-09-02,20020
89e55d98-6c00-464b-9b46-6245ba12ae60,2026-06-18 21:54:55.982897+00,PipeLovers 3 para Empresas,Camila Nassar,2025-12-10,,324
8a504d99-eff6-493b-9a30-67df0384a728,2026-06-18 21:54:55.982897+00,PipeLovers 3 para Empresas,Nicoly,2025-09-19,2025-10-20,20519
8a67c1ec-277e-4e3b-8a6a-b4b4726bbc17,2026-06-18 21:54:55.982897+00,PipeLovers 3 para Empresas,Gustavo Moraes,2024-09-17,2025-01-17,20521
8b56c2be-4086-4796-be31-ebeda5584bf6,2026-06-18 21:54:55.982897+00,PipeLovers 3 para Empresas,Natália Tamyle,2024-06-04,2024-08-20,20003
8bacfc5c-2786-453f-90ff-5e9c38db27cd,2026-06-18 21:54:55.982897+00,PipeLovers 10 para Empresas,Priscila Banzato,2026-03-10,2026-05-31,54
8bd22c6c-8071-42a2-80ba-6c4664d2f221,2026-06-18 21:54:55.982897+00,PipeLovers 5 para Empresas,Nicoly,2026-04-09,,200
8c57f90a-141c-4174-9635-99080e0891da,2026-06-18 21:54:55.982897+00,PipeLovers 3 para Empresas,Gustavo Moraes,2024-12-19,2025-01-20,20301
8c58350e-eb59-4175-a1ce-b26f0297772d,2026-06-18 21:54:55.982897+00,NULL,Nicoly,2026-05-29,,373
8c8b745d-747a-4116-bfef-4cd16a272423,2026-06-18 21:54:55.982897+00,PipeLovers 5 para Empresas,Patrícia Zancan,2026-02-27,,223
8c9d90e9-cd6b-4588-baed-b07ed9fc9604,2026-06-18 21:54:55.982897+00,PipeLovers 3 para Empresas,Nicoly,2026-05-29,,367
8d4cd766-cca2-4ef6-9c72-77f36d00ba21,2026-06-18 21:54:55.982897+00,PipeLovers 10 para Empresas,Natália Tamyle,2025-02-21,,34
8e7133b7-a890-4a04-aca6-1564ee091c0c,2026-06-18 21:54:55.982897+00,Base Viral + PipeLovers,Camila Nassar,2023-07-26,2024-07-24,20051
8e9adf18-1742-4cca-af13-b57637595d4d,2026-06-18 21:54:55.982897+00,PipeLovers 5 para Empresas,Natália Tamyle,2024-12-16,2025-01-16,20353
8ecaf405-fb97-4037-988c-d02dd821d4e4,2026-06-18 21:54:55.982897+00,PipeLovers 3 para Empresas,Gustavo Moraes,2024-08-06,2024-11-27,20613
8f12dc92-8616-43ba-ad06-b7282604c69d,2026-06-18 21:54:55.982897+00,PipeLovers 5 para Empresas,Gustavo Moraes,2022-10-26,,326
8f334898-105c-46ac-a988-66f0f2fd88d6,2026-06-18 21:54:55.982897+00,PipeLovers 3 para Empresas,Priscila Banzato,2025-04-25,2025-06-10,20383
8f5b64a7-2298-4691-bf27-3096cfa72062,2026-07-14 19:57:06.264202+00,PipeLovers 5 para Empresas,Nicoly,2026-06-29,,404
8fa93900-a358-416a-83dd-2c409fbdd6c9,2026-06-18 21:54:55.982897+00,PipeLovers 3 para Empresas,Camila Nassar,2025-02-19,2025-03-01,20335
8fad0bd3-3282-4ab6-93b5-d0abe59143f7,2026-06-18 21:54:55.982897+00,PipeLovers 3 para Empresas,Nicoly,2026-03-12,,44
900d80dc-2925-4cb7-9a37-ad2683b7c7d0,2026-06-18 21:54:55.982897+00,PipeLovers Individual,Patrícia Zancan,2026-01-27,,362
904e22b0-175a-4562-921f-b1f841916c9e,2026-07-14 19:57:06.264202+00,PipeLovers 20 para Empresas,Priscila Banzato,2026-06-30,,440
90645c5c-14df-4349-a23b-ee0490e92609,2026-06-18 21:54:55.982897+00,PipeLovers 3 para Empresas,Camila Nassar,2025-06-26,2026-07-09,69
906e3139-20a3-49da-8bdb-ea9d2a42ac6e,2026-06-18 21:54:55.982897+00,PipeLovers 3 para Empresas,Gustavo Moraes,2024-08-23,2024-11-18,20480
90b9f413-0098-42b4-8a9a-942b8b9bebe4,2026-06-18 21:54:55.982897+00,PipeLovers 5 para Empresas,Natália Tamyle,2024-06-06,2024-11-29,20360
91e337c5-accb-40a1-98a8-d3e145a1fe2a,2026-06-18 21:54:55.982897+00,PipeLovers 10 para Empresas,Natália Tamyle,2025-01-28,,345
91e47fde-1d55-44d9-964c-8b13f7745a29,2026-06-18 21:54:55.982897+00,PipeLovers 10 para Empresas,Gustavo Moraes,2024-07-08,2025-09-10,20384
91e99355-c019-4ff4-93d3-2b75cb6709c2,2026-06-18 21:54:55.982897+00,PipeLovers 5 para Empresas,Natália Tamyle,2024-02-27,2025-01-19,20126
92298ffa-2cea-4545-89ac-eac2c1b5ff2a,2026-06-18 21:54:55.982897+00,Base Viral + PipeLovers,Bárbara Cabrini,2023-08-02,2025-07-10,20068
922d91bb-72da-48c2-9842-cb8f987adae3,2026-09-09 17:00:02.377179+00,PipeLovers 5 para Empresas,Nicoly,2026-08-27,,505
928dbf18-9c06-4aee-87a4-ac8e78e179ee,2026-06-18 21:54:55.982897+00,PipeLovers 5 para Empresas,Gustavo Moraes,2024-12-11,,82
9291b33a-e52c-4611-8b75-8ca28556f2f3,2026-06-18 21:54:55.982897+00,PipeLovers 3 para Empresas,Camila Nassar,2025-03-20,2025-10-10,20379
92a0ea3e-18c3-4db7-9f95-3755b88d1c89,2026-06-18 21:54:55.982897+00,Assinatura: Plano mensal - FORTBRASIL PIPELOVERS,Bárbara Cabrini,2022-09-05,2024-01-31,20527
930252a4-a897-4764-937c-1f4e276ece82,2026-06-18 21:54:55.982897+00,PipeLovers 5 para Empresas,Gustavo Moraes,2026-01-28,,296
936c2491-c900-478e-b3fa-65df0176ef2d,2026-06-18 21:54:55.982897+00,PipeLovers 10 para Empresas,Gustavo Moraes,2024-01-17,,238
93b5394d-bb1f-477a-a6c1-d11fab651d5c,2026-06-18 21:54:55.982897+00,PipeLovers 3 para Empresas,Gustavo Moraes,2024-11-22,2025-10-08,20594
945e5b3b-dd69-47f7-bfe1-7b13e370d635,2026-06-18 21:54:55.982897+00,PipeLovers 3 para Empresas,Nicoly,2026-03-26,2026-04-24,65
94b77dcb-2894-4bc3-aeb5-0b9c4ab1247b,2026-06-18 21:54:55.982897+00,PipeLovers 5 para Empresas,Gustavo Moraes,2025-12-17,,277
94e27aea-8a25-4517-b13d-53ab4eef950a,2026-06-18 21:54:55.982897+00,Patrimonial & PipeLovers,Camila Nassar,2023-10-08,2025-07-30,20572
94e661ed-25ad-40f2-baa0-72e308c91d95,2026-06-18 21:54:55.982897+00,PipeLovers 3 para Empresas,Camila Nassar,2025-12-19,,20325
94fd0d2f-eb33-4f1e-8e10-89d255d915d7,2026-06-18 21:54:55.982897+00,PipeLovers 3 para Empresas,Bárbara Cabrini,2024-02-22,2024-05-28,20612
954dfc09-0d5c-4ea7-b455-90d9bcc7bea9,2026-06-18 21:54:55.982897+00,PipeLovers 3 para Empresas,Patrícia Zancan,2025-12-12,,275
9584d131-0eef-4ca9-83ef-c452d9ffc778,2026-06-18 21:54:55.982897+00,PipeLovers 10 para Empresas,Gustavo Moraes,2025-11-10,,86
95d9de15-5031-43e6-addb-324b9af5e37c,2026-06-18 21:54:55.982897+00,PipeLovers 3 para Empresas,Bárbara Cabrini,2024-04-09,2024-05-28,20560
95e1016f-f3c9-44d0-beb2-5c84c5814dc8,2026-06-18 21:54:55.982897+00,PipeLovers 3 para Empresas,Nicoly,2026-06-09,,378
961ded24-9819-4e5a-9451-22299790e6b0,2026-06-18 21:54:55.982897+00,PipeLovers 3 para Empresas,Camila Nassar,2026-03-10,,252
963b3a2c-e6d2-43c1-8c95-d1e6c74ce1cc,2026-06-18 21:54:55.982897+00,PipeLovers 10 para Empresas,Natália Tamyle,2025-04-03,,79
9699a150-3275-43cd-bc19-13973292e296,2026-06-18 21:54:55.982897+00,PipeLovers 30 para Empresas,Bárbara Cabrini,2025-03-28,,21
969fc459-4a85-4308-8638-e8b88bb0312f,2026-06-18 21:54:55.982897+00,PipeLovers 30 para Empresas,Priscila Banzato,2026-05-26,,368
96c5d9a8-bca2-44d7-bd3f-61cbe03f3413,2026-06-18 21:54:55.982897+00,PipeLovers 10 para Empresas,Natália Tamyle,2024-08-30,,33
96cbd4d8-b533-4102-a3dd-a088db4b42a3,2026-06-18 21:54:55.982897+00,PipeLovers 15 para Empresas,Natália Tamyle,2024-11-25,,81
972e8783-501b-4cc8-b1e5-48e9b8493c52,2026-06-18 21:54:55.982897+00,PipeLovers 10 para Empresas,Priscila Banzato,2025-06-27,2026-04-02,20209
9740a03f-9e40-413d-af29-b886641ce0b3,2026-06-18 21:54:55.982897+00,PipeLovers 5 para Empresas,Gustavo Moraes,2025-04-07,2026-02-18,20388
976e872f-0727-4b13-b140-1ee229bd1724,2026-06-18 21:54:55.982897+00,PipeLovers 5 para Empresas,Gustavo Moraes,2024-09-26,2025-12-10,20305
9786e7be-03b1-4438-980c-0c61c45f5afe,2026-06-18 21:54:55.982897+00,PipeLovers 3 para Empresas,Camila Nassar,2025-11-27,2026-06-11,71
97edd867-ad05-4393-87f0-b32f10db25d4,2026-06-18 21:54:55.982897+00,PipeLovers 5 para Empresas,Gustavo Moraes,2024-07-12,2025-09-10,20184
97efcc78-c51d-4a2e-b60b-0c3b0e0f2849,2026-06-18 21:54:55.982897+00,PipeLovers 10 para Empresas,Gustavo Moraes,2025-11-19,2026-06-10,20477
9807e414-f940-44fd-95e5-174006cfafc8,2026-06-18 21:54:55.982897+00,PipeLovers 5 para Empresas,Gustavo Moraes,2026-01-30,,225
980801d0-ea22-49e2-9bd5-a784613875c9,2026-06-18 21:54:55.982897+00,PipeLovers 10 para Empresas,Priscila Banzato,2026-05-22,,370
986ecfc7-fc5b-4876-8181-6d8f74589a29,2026-06-18 21:54:55.982897+00,PipeLovers 3 para Empresas,Nicoly,2025-09-10,2025-10-09,20601
98cddd7f-5a2a-4943-804f-b9fa0b627645,2026-07-14 19:57:06.264202+00,PipeLovers 3 para Empresas,Gonzalo Cami,2026-06-29,,407
9912e1ad-00e6-4ecb-8348-694381b20697,2026-06-18 21:54:55.982897+00,PipeLovers 5 para Empresas,Nicoly,2026-04-17,,176
99337380-2ced-4422-a473-0ff3f4767f60,2026-06-18 21:54:55.982897+00,PipeLovers 5 para Empresas,Priscila Banzato,2025-10-28,2026-01-23,20194
9964cd34-28f9-425f-a17d-2fa9e73b893c,2026-06-18 21:54:55.982897+00,PipeLovers 5 para Empresas,Gustavo Moraes,2024-11-21,2025-06-04,20432
9b05ecf5-a416-47b7-9c61-573a7426de8b,2026-06-18 21:54:55.982897+00,PipeLovers 3 para Empresas,Nicoly,2025-12-19,2026-01-30,20545
9b82c58f-cf97-44ed-b231-fef96554b8a6,2026-06-18 21:54:55.982897+00,PipeLovers 3 para Empresas,Camila Nassar,2026-01-22,,309
9b97e725-f194-4439-bcc1-3891a5025e30,2026-06-18 21:54:55.982897+00,PipeLovers 10 para Empresas,Natália Tamyle,2025-03-19,2025-06-10,20120
9c54bcf6-d18a-410f-846c-48b6a57a9763,2026-06-18 21:54:55.982897+00,PipeLovers 3 para Empresas,Nicoly,2026-05-19,2026-06-01,291
9c6e813e-6bf0-4871-b71a-220e699d7c7d,2026-06-18 21:54:55.982897+00,PipeLovers 3 para Empresas,Nicoly,2025-12-24,2026-01-29,20558
9cb3bd99-cbf0-4b22-81d0-ad3ec4e3737c,2026-09-09 17:12:00.215329+00,PipeLovers 10 para Empresas,Nicoly,2026-07-24,,503
9cff5fec-3d82-4c32-abd7-f5de40c9a0f4,2026-06-18 21:54:55.982897+00,PipeLovers 3 para Empresas,Nicoly,2025-11-07,2025-12-23,20303
9d102229-4dab-42ef-9929-a923cb18b004,2026-07-14 19:57:06.264202+00,PipeLovers 3 para Empresas,Gonzalo Cami,2026-06-19,,398
9d371cb3-ebe7-46c2-b9f5-50d66213c717,2026-06-18 21:54:55.982897+00,PipeLovers 50 para Empresas,Bárbara Cabrini,2024-12-18,2026-01-05,20275
9d5e8f65-6417-4896-8cc2-3552e29d475e,2026-06-18 21:54:55.982897+00,PipeLovers 15 para Empresas,Priscila Banzato,2025-10-17,2026-02-02,20252
9dc9d4c4-2917-43d0-8095-71998af9d684,2026-06-18 21:54:55.982897+00,PipeLovers 3 para Empresas,Camila Nassar,2026-02-10,,67
9de1b9aa-98a6-486a-afd2-d80378a39105,2026-06-18 21:54:55.982897+00,PipeLovers 10 para Empresas,Natália Tamyle,2024-08-20,2025-03-03,20115
9de3ad18-29ff-4907-8ac9-dceed0d84759,2026-06-18 21:54:55.982897+00,PipeLovers 3 para Empresas,Camila Nassar,2024-12-20,,317
9e11d5e0-ec73-4cf5-a991-2e0a7a7db2d5,2026-06-18 21:54:55.982897+00,PipeLovers 15 para Empresas,Natália Tamyle,2025-10-30,,205
9e2bbd41-c80a-4ad9-8172-1eeec07968f6,2026-06-18 21:54:55.982897+00,PipeLovers 3 para Empresas,Camila Nassar,2024-10-24,2025-12-10,20191
9e61b73f-33cb-46c9-9b1e-ac3987037a80,2026-08-11 20:05:49.028503+00,PipeLovers 3 para Empresas,Gonzalo Cami,2026-06-30,,448
9ebb01c3-50f6-409b-b571-8ae88075e1b4,2026-06-18 21:54:55.982897+00,PipeLovers 3 para Empresas,Natália Tamyle,2024-06-20,2024-09-30,20507
9f08194b-fb46-492e-83cd-c29a2170dbd3,2026-06-18 21:54:55.982897+00,PipeLovers 3 para Empresas,Nicoly,2026-02-19,2026-03-20,20565
9f7f6cbe-d2ed-4f7d-bd6e-30a615a658a3,2026-06-18 21:54:55.982897+00,PipeLovers 3 para Empresas,Gustavo Moraes,2024-01-16,2024-12-16,20431
9f99142c-95e2-4e72-86a2-fe539e98c9e9,2026-06-18 21:54:55.982897+00,PipeLovers 10 para Empresas,Natália Tamyle,2024-10-15,2026-01-30,20243
9fac3ff3-ecb8-4675-99ed-c7c1fb7c2a5f,2026-06-18 21:54:55.982897+00,PipeLovers 3 para Empresas,Camila Nassar,2024-01-31,2025-04-11,20154
a04cecfe-02a2-4b47-bd47-e7653093e4f1,2026-08-11 18:50:32.275348+00,PipeLovers 10 para Empresas,Nicoly,2026-07-16,2026-08-15,457
a0721d77-6464-41bf-99ea-c2a1c560fa32,2026-06-18 21:54:55.982897+00,PipeLovers 10 para Empresas,Natália Tamyle,2025-04-04,2026-04-16,20443
a09864f2-e8d1-4cb2-98ad-90b2704d6d3e,2026-06-18 21:54:55.982897+00,PipeLovers 3 para Empresas,Natália Tamyle,2024-08-14,2024-08-30,20579
a0c51ea6-e2f9-47dc-a040-81a23563ef42,2026-06-18 21:54:55.982897+00,PipeLovers 5 para Empresas,Bárbara Cabrini,2024-02-29,2024-04-30,20585
a0c9e519-6691-499a-aa70-71831ca01064,2026-06-18 21:54:55.982897+00,PipeLovers 10 para Empresas,Natália Tamyle,2025-03-14,,347
a199111f-8c76-444c-9616-2977321b9114,2026-06-18 21:54:55.982897+00,PipeLovers 5 para Empresas,Bárbara Cabrini,2024-05-13,2024-10-13,20463
a1b12a93-7e58-468b-a55c-617e3276ca37,2026-06-18 21:54:55.982897+00,PipeLovers 15 para Empresas,Bárbara Cabrini,2024-07-03,2025-02-03,20352
a1b2e2c2-6106-49e7-88be-d74736708df5,2026-06-18 21:54:55.982897+00,PipeLovers 3 para Empresas,Camila Nassar,2025-05-06,2025-10-21,20047
a1ebb2a4-738e-4faa-966b-fa8800bc2316,2026-06-18 21:54:55.982897+00,PipeLovers 3 para Empresas,Priscila Banzato,2024-10-21,2025-04-16,20362
a1f0e10c-36f0-412e-b506-6940161fb995,2026-06-18 21:54:55.982897+00,PipeLovers 10 para Empresas,Natália Tamyle,2024-08-29,2025-07-31,20099
a2073afb-e0d7-4bd3-8b8f-5818096be457,2026-06-18 21:54:55.982897+00,PipeLovers 10 para Empresas,Priscila Banzato,2026-05-14,2026-07-01,300
a213650f-eb31-4926-8a7b-a05d02bf4c9c,2026-06-18 21:54:55.982897+00,PipeLovers 20 para Empresas,Bárbara Cabrini,2024-12-11,,7
a24930b0-906c-4958-8a7a-89468a50987e,2026-06-18 21:54:55.982897+00,PipeLovers 3 para Empresas,Nicoly,2026-02-26,2026-03-24,20180
a2534607-d385-48e6-877d-d766313d05d7,2026-06-18 21:54:55.982897+00,PipeLovers 3 para Empresas,Bárbara Cabrini,2024-03-15,2024-05-15,20506
a2df680a-f528-4f4d-a7d0-eb215f8c208f,2026-06-18 21:54:55.982897+00,PipeLovers 3 para Empresas,Camila Nassar,2025-05-22,2026-01-16,20434
a35090ab-b622-4748-b562-95634cf3e0a1,2026-06-18 21:54:55.982897+00,PipeLovers 3 para Empresas,Nicoly,2025-09-12,2025-11-17,20553
a357e3d0-9792-461b-9e0a-b9a02e2295cc,2026-06-18 21:54:55.982897+00,PipeLovers 15 para Empresas,Bárbara Cabrini,2024-06-26,2025-08-20,20189
a3738667-9bb1-44c7-948a-a5d731195f94,2026-06-18 21:54:55.982897+00,PipeLovers 3 para Empresas,Camila Nassar,2025-11-27,2026-04-30,237
a393436b-0bad-4750-910d-37587e43f118,2026-06-18 21:54:55.982897+00,PipeLovers 15 para Empresas,Bárbara Cabrini,2024-11-26,2025-05-10,20298
a39a216c-965d-443b-ab80-56a162e33b2c,2026-06-18 21:54:55.982897+00,PipeLovers 3 para Empresas,Patrícia Zancan,2025-08-08,,38
a3d15aa7-f6d0-4fb6-a7a6-b83efafc4135,2026-06-18 21:54:55.982897+00,PipeLovers 3 para Empresas,Camila Nassar,2025-12-09,,64
a3f0313a-cc68-4e38-a52a-2900271c979a,2026-08-11 18:50:32.275348+00,PipeLovers 5 para Empresas,Nicoly,2026-07-30,,470
a40b77ee-838b-4a33-a5d9-677a666ecb9f,2026-06-18 21:54:55.982897+00,PipeLovers 10 para Empresas,Bárbara Cabrini,2024-04-22,2024-07-08,20490
a4299c25-9275-47db-b765-95d58db5d928,2026-06-18 21:54:55.982897+00,PipeLovers 20 para Empresas,Bárbara Cabrini,2024-06-25,2024-11-05,20529
a42cf48a-583b-48ba-ad5e-e4c6a7c12f3c,2026-06-18 21:54:55.982897+00,PipeLovers 10 para Empresas,Natália Tamyle,2024-04-24,2026-03-30,20122
a432d609-8b7f-4dc5-b925-974e415179c4,2026-06-18 21:54:55.982897+00,PipeLovers 3 para Empresas,Camila Nassar,2024-02-08,2026-04-16,20260
a4ad010c-f017-4568-86a2-cf5e16dc634f,2026-06-18 21:54:55.982897+00,PipeLovers 3 para Empresas,Patrícia Zancan,2025-12-09,,20239
a4b151f2-2d68-4d07-be0f-c1b282be1026,2026-06-18 21:54:55.982897+00,PipeLovers 20 para Empresas,Bárbara Cabrini,2024-08-12,,224
a4e4e7f5-9158-4d3c-b024-a250f3e56cdd,2026-06-18 21:54:55.982897+00,PipeLovers 3 para Empresas,Nicoly,2026-05-07,2026-07-28,361
a5211ed3-16cf-46f6-b46e-5686e2539719,2026-06-18 21:54:55.982897+00,PipeLovers 5 para Empresas,Bárbara Cabrini,2024-01-15,2024-07-15,20127
a547c2c2-4bff-44eb-834d-4a127f4a38af,2026-06-18 21:54:55.982897+00,PipeLovers 3 para Empresas,Priscila Banzato,2025-05-30,2025-07-10,20015
a5bdfe4e-f1b2-4ce5-9d60-5de81a96b1ff,2026-06-18 21:54:55.982897+00,PipeLovers 3 para Empresas,Camila Nassar,2025-06-24,2026-03-26,20317
a5dd284a-a5f1-42a7-a912-2c0bd116cb49,2026-06-18 21:54:55.982897+00,PipeLovers 3 para Empresas,Camila Nassar,2025-05-13,2025-10-10,20600
a6096a7d-2453-46d4-bbb1-2b17e69eb403,2026-06-18 21:54:55.982897+00,PipeLovers 3 para Empresas,Camila Nassar,2024-07-31,2025-07-30,20050
a61fc9da-bbcd-4b67-8e01-3a0b6bff9110,2026-06-18 21:54:55.982897+00,PipeLovers 3 para Empresas,Camila Nassar,2024-10-14,2026-03-22,20001
a636fd3e-02da-4752-a390-dd1e25a920aa,2026-06-18 21:54:55.982897+00,PipeLovers 3 para Empresas,Patrícia Zancan,2026-03-10,,167
a64bfe01-6374-4b55-a7fe-f53652b8fe5f,2026-06-18 21:54:55.982897+00,PipeLovers 5 para Empresas,Gustavo Moraes,2026-03-10,,26
a6532a83-a1ec-4194-ab24-b935cd02be66,2026-06-18 21:54:55.982897+00,PipeLovers 10 para Empresas,Natália Tamyle,2025-04-29,2026-06-01,114
a68d86f3-55b8-460e-acee-6db28c71a22f,2026-06-18 21:54:55.982897+00,PipeLovers 10 para Empresas,Gustavo Moraes,2026-02-10,2026-07-06,340
a696c364-8324-4c53-9339-3b204cf36611,2026-07-14 19:57:06.264202+00,PipeLovers 20 para Empresas,Priscila Banzato,2026-07-10,,446
a6a03579-70e8-4737-ba6b-dcc7261c03b1,2026-06-18 21:54:55.982897+00,PipeLovers 3 para Empresas,Natália Tamyle,2024-07-31,2024-09-30,20462
a6aac37f-0791-4cb8-954b-4151e2041e96,2026-06-18 21:54:55.982897+00,PipeLovers 5 para Empresas,Gustavo Moraes,2025-01-17,2025-12-19,20125
a7569615-1e7a-4deb-bc2d-fd9a6ad37474,2026-06-18 21:54:55.982897+00,PipeLovers 3 para Empresas,Camila Nassar,2025-06-30,2026-01-30,20282
a76fa6eb-70f0-422a-bf32-cc711fb6a698,2026-06-18 21:54:55.982897+00,TotalPass & PipeLovers,Natália Tamyle,2022-10-01,,165
a79a9552-3e07-4804-8f31-1aa062c6a0f0,2026-07-14 19:57:06.264202+00,PipeLovers 3 para Empresas,Gonzalo Cami,2026-06-16,,390
a7e2aa6c-a6c8-4528-b75d-55119a9926fc,2026-06-18 21:54:55.982897+00,PipeLovers 10 para Empresas,Natália Tamyle,2024-12-18,2025-04-10,20199
a815951c-9433-424c-808b-1174ea32c620,2026-06-18 21:54:55.982897+00,PipeLovers 3 para Empresas,Nicoly,2026-04-30,,251
a832a7ba-9c5e-4c73-b624-cd3c2d18857b,2026-06-18 21:54:55.982897+00,PipeLovers 3 para Empresas,Camila Nassar,2024-08-28,,315
a869fe97-4e23-4842-ae78-f1decf5c0e1a,2026-06-18 21:54:55.982897+00,PipeLovers 3 para Empresas,Gustavo Moraes,2024-07-15,2025-02-14,20083
a8908a89-278d-4952-b396-29358a845d1d,2026-06-18 21:54:55.982897+00,PipeLovers 3 para Empresas,Gustavo Moraes,2024-08-09,2024-12-09,20610
a8a714cf-9884-4dc8-9f37-aa4652952900,2026-06-18 21:54:55.982897+00,PipeLovers 3 para Empresas,Camila Nassar,2024-11-13,2025-08-25,20021
a8d1916d-bdd4-4773-9aa7-26c08ba9c92a,2026-06-18 21:54:55.982897+00,PipeLovers 3 para Empresas,Natália Tamyle,2024-07-31,2024-09-30,20584
a8ebb11b-5826-43dd-b201-a534752391bb,2026-06-18 21:54:55.982897+00,PipeLovers 3 para Empresas,Camila Nassar,2025-06-30,2026-03-31,20302
a8f063f0-50c5-4e69-9f9f-f3a035bcda8e,2026-06-18 21:54:55.982897+00,PipeLovers 5 para Empresas,Nicoly,2026-03-27,,118
a9984e76-9002-4fdc-b0cd-778c765e55e0,2026-06-18 21:54:55.982897+00,PipeLovers 5 para Empresas,Nicoly,2026-06-08,2026-08-07,369
a9e3fc8c-962a-4311-931b-0f02edeff6c4,2026-06-18 21:54:55.982897+00,PipeLovers 3 para Empresas,Gustavo Moraes,2024-08-28,2025-01-14,20604
aa98fe20-c6ff-42db-87fa-f615bfa4f65c,2026-06-18 21:54:55.982897+00,PipeLovers 3 para Empresas,Gustavo Moraes,2024-05-22,2025-01-09,20107
aa9bb634-a2a4-4104-8b20-4654825b34b3,2026-06-18 21:54:55.982897+00,PipeLovers 5 para Empresas,Gustavo Moraes,2025-02-10,,221
ab1dc8c4-dba7-48ac-b29a-c8e6825b482c,2026-06-18 21:54:55.982897+00,PipeLovers 3 para Empresas,Camila Nassar,2024-12-06,,20043
ab4fc10b-1e8a-494f-802f-5c614e5bed0f,2026-06-18 21:54:55.982897+00,PipeLovers 5 para Empresas,Gustavo Moraes,2025-04-15,2025-07-19,20168
ab57f2fd-894f-4846-b84f-a0f45694d70d,2026-06-18 21:54:55.982897+00,PipeLovers 3 para Empresas,Camila Nassar,2023-12-20,2025-07-30,20130
ab9da176-06cb-45bc-9e12-8dd866141259,2026-06-18 21:54:55.982897+00,PipeLovers 3 para Empresas,Nicoly,2026-03-25,,56
aba86134-f744-46fe-a3b4-f097a20f346e,2026-06-18 21:54:55.982897+00,PipeLovers 3 para Empresas,Nicoly,2025-09-05,2025-10-06,20581
abbf7cb5-83ea-4a64-a7c9-d8fe486469a1,2026-06-18 21:54:55.982897+00,PipeLovers 5 para Empresas,Camila Nassar,2025-11-24,,215
ac15bee6-a619-4bc0-b75c-29f66d120d65,2026-06-18 21:54:55.982897+00,PipeLovers 20 para Empresas,Bárbara Cabrini,2025-07-29,2026-04-01,20033
ac18b04e-12c5-4a9b-992b-dba10690538d,2026-06-18 21:54:55.982897+00,PipeLovers 5 para Empresas,Natália Tamyle,2024-09-23,2025-05-10,20044
ac215555-cd14-4d0f-ac9e-d6ca73f400fd,2026-06-18 21:54:55.982897+00,PipeLovers 3 para Empresas,Camila Nassar,2025-08-12,2026-06-11,66
acb2b975-6170-4e9c-b300-09eac2ff6353,2026-06-18 21:54:55.982897+00,PipeLovers 3 para Empresas,Camila Nassar,2025-07-30,2026-05-08,20550
acbee3ac-87ed-48d2-bb48-bb8b45927865,2026-06-18 21:54:55.982897+00,PipeLovers 5 para Empresas,Priscila Banzato,2025-08-15,2026-01-04,20262
ad393fc5-1915-48b5-8cb3-b9209ccaf6c5,2026-06-18 21:54:55.982897+00,PipeLovers 20 para Empresas,Bárbara Cabrini,2024-07-09,2026-05-01,20104
adfcfd76-0ce0-4bd9-abeb-9504ce372320,2026-07-14 19:57:06.264202+00,PipeLovers 5 para Empresas,Nicoly,2026-06-19,,397
ae72456f-5238-4daf-877e-4f93a1d1ce1b,2026-06-18 21:54:55.982897+00,PipeLovers 5 para Empresas,Gustavo Moraes,2025-04-07,,286
ae7cae62-5e16-4df5-abb4-d434373ca3c2,2026-06-18 21:54:55.982897+00,PipeLovers 5 para Empresas,Gustavo Moraes,2026-02-20,,20267
aedc800c-7e12-4705-b1e8-aed1c32adc08,2026-06-18 21:54:55.982897+00,PipeLovers 3 para Empresas,Camila Nassar,2024-05-21,2026-04-16,20098
af06ccbd-d8db-44ce-931e-c22773ee240f,2026-06-18 21:54:55.982897+00,PipeLovers 5 para Empresas,Gustavo Moraes,2025-01-16,2025-10-13,20458
af32b84d-2c22-4958-927f-d1a7da2bd922,2026-06-18 21:54:55.982897+00,PipeLovers 10 para Empresas,Gustavo Moraes,2024-08-21,2025-09-10,20240
af6fa6f8-6527-473b-b8d3-6c964e048a3c,2026-06-18 21:54:55.982897+00,PipeLovers 3 para Empresas,Gustavo Moraes,2024-06-05,2024-11-08,20447
af7ebaee-84bc-4f4c-9f6c-f1ba710c9b5f,2026-06-18 21:54:55.982897+00,PipeLovers 3 para Empresas,Gustavo Moraes,2024-10-04,2024-11-27,20259
afa39b1c-c5b8-4818-a67a-90bb42dea269,2026-06-18 21:54:55.982897+00,PipeLovers 3 para Empresas,Gustavo Moraes,2024-09-19,2024-12-20,20176
afc5296c-d322-4c2d-bd3c-e050a74c2526,2026-06-18 21:54:55.982897+00,PipeLovers 5 para Empresas,Natália Tamyle,2024-10-11,2024-11-29,20187
aff9d804-7751-46aa-bbbf-58e4fd414811,2026-06-18 21:54:55.982897+00,PipeLovers 10 para Empresas,Priscila Banzato,2026-05-20,,355
b02928e7-562a-4671-8a25-7d7c778fa4de,2026-06-18 21:54:55.982897+00,PipeLovers 3 para Empresas,Camila Nassar,2025-12-08,2026-07-09,229
b05100bf-1621-461c-b546-da7b51decd33,2026-06-18 21:54:55.982897+00,PipeLovers 10 para Empresas,Natália Tamyle,2024-10-02,2025-05-07,20423
b0632dcd-ebd2-417d-afa5-049c6a5542d3,2026-06-18 21:54:55.982897+00,PipeLovers 5 para Empresas,Gustavo Moraes,2025-07-17,2026-02-09,20446
b0b7b5b8-4818-4152-b18c-9e68398cd286,2026-06-18 21:54:55.982897+00,PipeLovers 3 para Empresas,Gustavo Moraes,2024-08-07,2024-11-08,20481
b0d1c81e-6c5f-4550-9924-2487b5e085a3,2026-06-18 21:54:55.982897+00,PipeLovers 3 para Empresas,Camila Nassar,2025-06-11,2025-08-09,20235
b0e25adf-0d0d-49b8-9d83-1e32456b6655,2026-06-18 21:54:55.982897+00,PipeLovers 3 para Empresas,Camila Nassar,2024-09-03,,70
b0fe0143-fc72-4a90-9083-e75af05d257b,2026-06-18 21:54:55.982897+00,PipeLovers 3 para Empresas,Camila Nassar,2024-11-19,2025-07-30,20207
b111870f-7932-4c24-89b7-ae73b3f3c021,2026-06-18 21:54:55.982897+00,PipeLovers 20 para Empresas,Bárbara Cabrini,2025-07-30,,77
b1aa9533-9ae9-4a9b-8863-e06163b812d9,2026-06-18 21:54:55.982897+00,PipeLovers 3 para Empresas,Patrícia Zancan,2025-05-30,,160
b1b32f6a-104e-4b68-8994-e06d8eb186a5,2026-06-18 21:54:55.982897+00,PipeLovers 10 para Empresas,Priscila Banzato,2025-11-25,2026-01-13,20276
b1da30b8-359b-4ffa-a40f-32f84173f157,2026-06-18 21:54:55.982897+00,PipeLovers 3 para Empresas,Camila Nassar,2024-11-29,2025-12-10,20004
b2377395-e023-4e81-9a41-11c153adbdd2,2026-06-18 21:54:55.982897+00,PipeLovers 5 para Empresas,Gustavo Moraes,2025-02-28,2025-07-10,20160
b272fb39-6327-4042-99bb-3c7c25febd21,2026-06-18 21:54:55.982897+00,PipeLovers 50 para Empresas,Bárbara Cabrini,2024-09-04,,9
b2b2b5ec-dae1-4d2b-a263-5d23ca800ad7,2026-06-18 21:54:55.982897+00,Ideia Clara & PipeLovers,Bárbara Cabrini,2023-05-11,2024-06-06,20543
b35bd97a-800e-4715-b68d-19b24f224da5,2026-06-18 21:54:55.982897+00,PipeLovers 10 para Empresas,Priscila Banzato,2026-04-29,,258
b3985045-c97a-42fa-83c9-0e440f19bfa1,2026-06-18 21:54:55.982897+00,PipeLovers 3 para Empresas,Gustavo Moraes,2024-04-23,2025-01-28,20056
b414e031-8954-42bb-9d14-9d89d8a22fd1,2026-06-18 21:54:55.982897+00,PipeLovers 3 para Empresas,Camila Nassar,2025-11-17,,191
b446d997-8eae-42ab-940d-3641754def95,2026-06-18 21:54:55.982897+00,PipeLovers 30 para Empresas,Bárbara Cabrini,2025-05-28,2026-01-05,20257
b4b1dc85-d962-4bf6-9bc2-4c50ffcc32cb,2026-06-18 21:54:55.982897+00,PipeLovers 3 para Empresas,Camila Nassar,2025-12-18,2026-04-16,20439
b4d6262d-e9a2-459c-be4a-5e51b0a2675d,2026-06-18 21:54:55.982897+00,PipeLovers 10 para Empresas,Natália Tamyle,2026-01-14,2026-05-29,207
b5354323-4259-452e-b189-fde36b85204c,2026-08-11 18:50:32.275348+00,PipeLovers 5 para Empresas,Nicoly,2026-07-29,,466
b53ec88f-04e0-46fa-afa4-400bb17cf2aa,2026-06-18 21:54:55.982897+00,PipeLovers 50 para Empresas,Bárbara Cabrini,2024-06-11,2025-10-07,20197
b569b563-8804-4578-a62a-f52b82aa71d0,2026-06-18 21:54:55.982897+00,PipeLovers 15 para Empresas,Natália Tamyle,2024-04-26,,245
b5f4de05-3e8f-47e0-af82-f022d168001e,2026-07-14 19:57:06.264202+00,PipeLovers 30 para Empresas,Priscila Banzato,2026-07-01,,445
b6122f98-de2e-4ad1-811c-0637cb6cdd82,2026-06-18 21:54:55.982897+00,PipeLovers 3 para Empresas,Camila Nassar,2026-01-02,2026-07-09,152
b618148a-28e1-4b25-bb52-ac6cc67444b4,2026-06-18 21:54:55.982897+00,PipeLovers 3 para Empresas,Nicoly,2026-05-19,,354
b638bd6d-0e99-4d12-bf00-c19a72968cb8,2026-06-18 21:54:55.982897+00,PipeLovers 5 para Empresas,Gustavo Moraes,2025-07-31,2026-07-06,219
b672ff3f-469b-48a1-b8ff-04d265b41017,2026-06-18 21:54:55.982897+00,PipeLovers 10 para Empresas,Natália Tamyle,2024-10-15,,134
b6c75a5c-2a96-45e8-aea9-1134aab3c0a0,2026-06-18 21:54:55.982897+00,PipeLovers 10 para Empresas,Priscila Banzato,2025-11-06,,351
b6c9c28e-3ecc-48e0-825d-14e52056cc04,2026-06-18 21:54:55.982897+00,PipeLovers 15 para Empresas,Natália Tamyle,2025-01-27,2026-06-02,109
b6d29042-4bc8-4e85-b8ba-0ea65222b616,2026-06-18 21:54:55.982897+00,PipeLovers 3 para Empresas,Camila Nassar,2024-12-10,2026-08-20,74
b6dd84a8-206b-46bc-aeb7-9b3c77e9f876,2026-06-18 21:54:55.982897+00,PipeLovers 20 para Empresas,Bárbara Cabrini,2025-03-20,2026-05-04,20285
b6ff86bb-c3ff-4d63-8c11-169fd6609aa8,2026-06-18 21:54:55.982897+00,PipeLovers 3 para Empresas,Gustavo Moraes,2024-12-20,2025-02-03,20498
b71b5903-aa36-4269-bbd3-3ea7ad0e6d27,2026-06-18 21:54:55.982897+00,PipeLovers 30 para Empresas,Bárbara Cabrini,2025-11-28,,156
b7301775-19d1-43e8-8c5e-7949935d0a83,2026-06-18 21:54:55.982897+00,PipeLovers 3 para Empresas,Camila Nassar,2026-01-19,2026-08-03,20192
b8181fe2-df12-4351-8d94-0593b7ae4b2f,2026-06-18 21:54:55.982897+00,PipeLovers 3 para Empresas,Gustavo Moraes,2026-02-03,,102
b83203a6-ef5c-49ec-9510-7381af42ad1e,2026-06-18 21:54:55.982897+00,PipeLovers 10 para Empresas,Bárbara Cabrini,2024-04-26,2024-05-28,20586
b8bdc1f4-dd06-4a73-bd51-04c8a648c075,2026-06-18 21:54:55.982897+00,PipeLovers 5 para Empresas,Gustavo Moraes,2024-12-04,2025-12-10,20246
b8d3ef37-987f-41ca-987e-046a36adc575,2026-06-18 21:54:55.982897+00,PipeLovers 10 para Empresas,Priscila Banzato,2026-03-05,,20092
b93e0d5f-47fc-4570-8607-7f73d294da9a,2026-06-18 21:54:55.982897+00,PipeLovers 15 para Empresas,Priscila Banzato,2025-05-28,2025-07-28,20265
ba706cfa-c574-4970-8a15-f36add252157,2026-06-18 21:54:55.982897+00,PipeLovers 10 para Empresas,Priscila Banzato,2026-06-08,,376
ba99eb50-ebb0-4fd7-bb35-d0bf9b887442,2026-06-18 21:54:55.982897+00,PipeLovers 5 para Empresas,Gustavo Moraes,2025-02-11,2025-08-10,20232
bad1cb57-0af5-42bc-af70-1329c3bf1c87,2026-06-18 21:54:55.982897+00,PipeLovers 3 para Empresas,Camila Nassar,2026-01-30,,306
bb1b41f4-6a4d-4af8-a671-e1f2eda220d0,2026-06-18 21:54:55.982897+00,PipeLovers 20 para Empresas,Bárbara Cabrini,2025-06-30,2026-07-01,40
bb478d2e-648a-4a08-af42-76de63e1ba21,2026-06-18 21:54:55.982897+00,PipeLovers 3 para Empresas,Camila Nassar,2025-11-11,2026-04-16,20022
bb5ae2b6-08a9-447a-924a-bbc6b8608ed4,2026-06-18 21:54:55.982897+00,PipeLovers 10 para Empresas,Natália Tamyle,2025-09-12,,93
bb91aed2-508b-4185-a518-fc621c3a8a49,2026-06-18 21:54:55.982897+00,PipeLovers 5 para Empresas,Natália Tamyle,2025-05-09,2026-01-30,20326
bb9c3363-015a-4bd4-a868-692094d859de,2026-06-18 21:54:55.982897+00,PipeLovers 10 para Empresas,Natália Tamyle,2025-03-24,2025-06-10,20077
bc368ff3-ca4e-4204-8b50-2e7ebe18280b,2026-08-11 18:50:32.275348+00,PipeLovers 3 para Empresas,Gonzalo Cami,2026-07-15,,447
bcca2641-c50d-4e2f-ad68-23f8c476cc2c,2026-06-18 21:54:55.982897+00,PipeLovers 5 para Empresas,Gustavo Moraes,2025-01-29,,333
bd337419-0fb6-46d0-84ad-0957d4b61f7c,2026-06-18 21:54:55.982897+00,PipeLovers 3 para Empresas,Nicoly,2026-06-10,,377
bd6cf6ff-a2e7-4bb6-9446-24bd4e06a3e0,2026-06-18 21:54:55.982897+00,PipeLovers 3 para Empresas,Nicoly,2025-10-16,2026-01-30,20510
bdc4065f-205f-43ce-81d4-ab2f96ace648,2026-06-18 21:54:55.982897+00,PipeLovers 10 para Empresas,Natália Tamyle,2024-02-22,2025-07-10,20161
bea30608-f02b-437f-bc40-4bf023fb9d78,2026-06-18 21:54:55.982897+00,PipeLovers 15 para Empresas,Bárbara Cabrini,2024-10-31,2025-03-03,20072
bed496c0-3a86-472e-8c40-b852485f7ee0,2026-06-18 21:54:55.982897+00,PipeLovers 3 para Empresas,Nicoly,2026-02-06,2026-03-05,20493
bef024ad-3742-4bf3-8175-44fab05bbdaf,2026-06-18 21:54:55.982897+00,PipeLovers 20 para Empresas,Bárbara Cabrini,2024-07-29,2025-01-07,20329
bf5d826a-8f50-4cb3-8a78-5c7fa5483d8a,2026-09-09 17:00:02.377179+00,PipeLovers 30 para Empresas,Maria Schmitz,2026-08-18,,491
bf7e3670-fb32-4479-9ff1-42cc5f3428f0,2026-06-18 21:54:55.982897+00,PipeLovers 3 para Empresas,Nicoly,2026-02-20,2026-03-23,20479
bf8554cb-c7d9-472b-8a36-2f8f106266ea,2026-06-18 21:54:55.982897+00,PipeLovers 5 para Empresas,Patrícia Zancan,2024-06-03,,278
bf8c58b1-f7c3-480b-bbe7-548d06aa0ceb,2026-06-18 21:54:55.982897+00,PipeLovers 3 para Empresas,Priscila Banzato,2025-02-27,2026-01-12,20511
bfa04f54-dbf0-4b6b-bba2-3f107c48dbd8,2026-06-18 21:54:55.982897+00,PipeLovers 3 para Empresas,Priscila Banzato,2024-11-27,2025-04-04,20085
bfa8d454-d3ab-457e-a26e-f7bc070b80ee,2026-06-18 21:54:55.982897+00,PipeLovers 10 para Empresas,Priscila Banzato,2025-06-13,,386
c07d63af-d6d7-4da9-ab8a-77e3c0d6bfa3,2026-06-18 21:54:55.982897+00,PipeLovers 3 para Empresas,Nicoly,2025-10-23,2025-11-21,20109
c0a13217-5a03-4167-bbdb-d8ca806ae327,2026-06-18 21:54:55.982897+00,PipeLovers 3 para Empresas,Camila Nassar,2025-03-18,2026-01-19,20351
c1227c69-0bba-4dbe-8093-cad83b0e74ab,2026-06-18 21:54:55.982897+00,PipeLovers 3 para Empresas,Camila Nassar,2025-12-16,,130
c12bf13e-c004-428e-a06d-679420b1f84e,2026-06-18 21:54:55.982897+00,PipeLovers 10 para Empresas,Priscila Banzato,2025-04-30,2025-05-30,20078
c1ba19fe-7313-426d-a836-553251c8a336,2026-08-11 18:50:32.275348+00,PipeLovers 3 para Empresas,Gonzalo Cami,2026-07-27,,469
c1cdbfb4-dda3-45ad-b1bd-c4faa5968800,2026-06-18 21:54:55.982897+00,PipeLovers 5 para Empresas,Priscila Banzato,2025-12-16,2026-04-30,20157
c1e6f3a1-7cc3-49a7-a500-e1f439bc6f7e,2026-06-18 21:54:55.982897+00,PipeLovers 3 para Empresas,Camila Nassar,2024-12-20,2025-07-31,20060
c1fc6435-55f1-44f0-9b60-0e6557c5c9b1,2026-06-18 21:54:55.982897+00,PipeLovers 3 para Empresas,Natália Tamyle,2024-02-28,2024-07-30,20466
c2013d59-b1de-4826-b542-0f3fed1f9955,2026-06-18 21:54:55.982897+00,PipeLovers 3 para Empresas,Priscila Banzato,2024-07-16,2025-04-16,20006
c2394a3b-a49e-4cf0-a1f4-f3a3cf715570,2026-06-18 21:54:55.982897+00,PipeLovers 10 para Empresas,Natália Tamyle,2025-07-11,,32
c259f951-f000-43db-9549-0df6fdeaadc3,2026-06-18 21:54:55.982897+00,PipeLovers 3 para Empresas,Gustavo Moraes,2024-10-17,2024-11-18,20559
c27c7c1c-7bd4-4494-be68-a3d9f2e865cf,2026-07-14 19:57:06.264202+00,PipeLovers 15 para Empresas,Priscila Banzato,2026-06-30,,421
c27d8a39-04c0-48bb-ad31-42df28e932f4,2026-06-18 21:54:55.982897+00,PipeLovers 3 para Empresas,Camila Nassar,2024-09-16,2025-06-10,20328
c28d0d13-802e-4656-8025-ce97e4b90939,2026-06-18 21:54:55.982897+00,PipeLovers 5 para Empresas,Gustavo Moraes,2024-12-09,2026-04-13,20106
c292c28c-9c1d-4cf9-84f6-dfd12865d929,2026-08-11 18:50:32.275348+00,PipeLovers 3 para Empresas,Gonzalo Cami,2026-07-27,,460
c2bf6239-b4f0-42d3-8ee5-cdb076a9e81f,2026-06-18 21:54:55.982897+00,PipeLovers 3 para Empresas,Priscila Banzato,2024-12-11,2025-03-11,20588
c2fbda48-8cac-4a6d-b800-04215fc82ee1,2026-06-18 21:54:55.982897+00,PipeLovers 15 para Empresas,Natália Tamyle,2026-02-10,,95
c30acc66-04bc-4034-a300-9f0c776d1fab,2026-06-18 21:54:55.982897+00,PipeLovers 3 para Empresas,Patrícia Zancan,2026-01-12,,20419
c3286952-ac1f-4488-828a-0bbea3b3053b,2026-06-18 21:54:55.982897+00,PipeLovers 15 para Empresas,Bárbara Cabrini,2025-05-30,2025-10-10,20319
c36aac60-f525-432b-85b6-4e942aef9a76,2026-06-18 21:54:55.982897+00,PipeLovers 3 para Empresas,Camila Nassar,2025-04-14,,20159
c36aaf46-5607-4b0f-81d3-1fba50d6d557,2026-06-18 21:54:55.982897+00,PipeLovers 10 para Empresas,Natália Tamyle,2023-10-13,,196
c43ff67d-8977-42ae-a9ca-23881e432137,2026-06-18 21:54:55.982897+00,PipeLovers 3 para Empresas,Gustavo Moraes,2024-11-26,2024-12-19,20476
c4424aa9-9adf-48a1-82ed-a536cc4e3b30,2026-06-18 21:54:55.982897+00,PipeLovers 3 para Empresas,Gustavo Moraes,2024-04-15,2024-12-15,20266
c44489e5-cbad-49cc-9015-f740987a1e18,2026-08-11 18:50:32.275348+00,PipeLovers 10 para Empresas,Nicoly,2026-07-24,,477
c4468a7a-2bc5-484d-b719-67b404f35cf3,2026-06-18 21:54:55.982897+00,PipeLovers 10 para Empresas,Priscila Banzato,2025-11-06,,20256
c4c5a699-da6a-472f-9099-07d24a63b6ae,2026-06-18 21:54:55.982897+00,PipeLovers 3 para Empresas,Nicoly,2026-01-21,2026-02-10,20499
c5007eff-6ebf-438d-af7b-f7ea18a7c7db,2026-06-18 21:54:55.982897+00,PipeLovers 10 para Empresas,Natália Tamyle,2025-04-30,,349
c59a8a5d-604b-460e-b32c-eebad4665c04,2026-06-18 21:54:55.982897+00,PipeLovers 10 para Empresas,Bárbara Cabrini,2024-06-27,2024-08-28,20605
c5a42f97-3f05-43c8-8426-40f76d73ecf0,2026-06-18 21:54:55.982897+00,PipeLovers 3 para Empresas,Gustavo Moraes,2025-12-18,2026-05-13,20167
c6814db8-6407-494b-8aed-89cd82316fac,2026-06-18 21:54:55.982897+00,PipeLovers 3 para Empresas,Priscila Banzato,2025-02-25,2025-03-31,20599
c6c11f36-baa8-4424-8d17-74ae2c542ed6,2026-09-09 17:00:02.377179+00,PipeLovers 5 para Empresas,Nicoly,2026-08-24,,495
c756807e-7a8f-4509-8756-01591f7cda39,2026-06-18 21:54:55.982897+00,PipeLovers 10 para Empresas,Natália Tamyle,2025-03-19,2026-07-29,172
c76addfc-e0d1-4f34-b904-76f8b9c5d3a9,2026-06-18 21:54:55.982897+00,PipeLovers 3 para Empresas,Nicoly,2026-01-30,2026-03-20,20151
c7925825-99de-49ac-b35f-f7d4ff70dd6f,2026-06-18 21:54:55.982897+00,PipeLovers 3 para Empresas,Nicoly,2025-10-16,2026-02-17,20219
c8443538-2a1c-43d6-a01c-f0d432021e24,2026-06-18 21:54:55.982897+00,PipeLovers 15 para Empresas,Bárbara Cabrini,2026-01-05,,78
c847dbcb-02e8-4f4f-99fc-0022d0d69da8,2026-06-18 21:54:55.982897+00,PipeLovers 3 para Empresas,Nicoly,2026-02-19,2026-06-05,20488
c87a7798-629b-49a3-b731-972e677ae287,2026-06-18 21:54:55.982897+00,PipeLovers 5 para Empresas,Gustavo Moraes,2025-01-24,2026-01-16,20473
c8bea128-4f3b-4677-8e27-d4317c024f0c,2026-06-18 21:54:55.982897+00,PipeLovers 3 para Empresas,Camila Nassar,2025-04-15,2025-06-24,20334
c8ebfda7-ffae-4451-82c7-965d400cb144,2026-06-18 21:54:55.982897+00,PipeLovers 3 para Empresas,Camila Nassar,2024-12-20,2025-06-10,20320
c949edf2-5fa4-47ca-8f36-02a07619f972,2026-06-18 21:54:55.982897+00,PipeLovers 5 para Empresas,Bárbara Cabrini,2024-04-18,2024-09-18,20523
c95ee7c1-e20a-4d6b-ba41-68ee4823d4cc,2026-06-18 21:54:55.982897+00,PipeLovers 3 para Empresas,Patrícia Zancan,2024-06-07,,20294
c9b7262d-c4b6-445a-9b2d-f3526ebbd672,2026-06-18 21:54:55.982897+00,PipeLovers 5 para Empresas,Priscila Banzato,2025-09-16,2025-12-22,20025
c9bad2da-3bed-4738-9a69-72b1a523d24e,2026-06-18 21:54:55.982897+00,PipeLovers 3 para Empresas,Patrícia Zancan,2026-01-16,,138
c9ed2f4d-3368-4f62-bec6-b2300a53de09,2026-06-18 21:54:55.982897+00,PipeLovers 3 para Empresas,Patrícia Zancan,2025-05-19,,303
c9ff75b9-cc89-4185-b0e5-fdee9a3a58e8,2026-06-18 21:54:55.982897+00,PipeLovers 5 para Empresas,Bárbara Cabrini,2024-03-07,2024-04-07,20478
ca153309-6e7c-4068-b6a2-40621c60d97e,2026-06-18 21:54:55.982897+00,PipeLovers 3 para Empresas,Gustavo Moraes,2024-08-10,2024-12-08,20287
caa21526-2b6b-40bf-bd76-4fb6119abe69,2026-06-18 21:54:55.982897+00,PipeLovers 3 para Empresas,Camila Nassar,2025-12-10,,208
cacdae28-a1c1-4e82-ad78-880226873b3b,2026-06-18 21:54:55.982897+00,PipeLovers 30 para Empresas,Bárbara Cabrini,2024-08-12,2025-04-08,20119
cad737d2-15d1-46a7-9e5e-6d0b3a4d5839,2026-06-18 21:54:55.982897+00,PipeLovers 3 para Empresas,Gustavo Moraes,2024-10-23,2025-02-22,20402
cbe2c2e2-fcc6-4a41-988c-c0abcd46bd4e,2026-06-18 21:54:55.982897+00,PipeLovers 30 para Empresas,Bárbara Cabrini,2025-01-15,,4
cc3e9e8f-11bf-4f13-93b0-18379710c456,2026-06-18 21:54:55.982897+00,PipeLovers 3 para Empresas,Gustavo Moraes,2026-01-27,2026-07-06,171
ccecd6f0-c2e8-4b39-8c14-3f3a7268ba24,2026-06-18 21:54:55.982897+00,PipeLovers 5 para Empresas,Gustavo Moraes,2025-01-07,,363
cd248189-7696-4ff0-85c5-a4a90417d5af,2026-06-18 21:54:55.982897+00,PipeLovers Individual,Patrícia Zancan,2026-03-06,,364
cd4a4c40-c791-4f62-94d5-09049afa5cb1,2026-06-18 21:54:55.982897+00,PipeLovers 50 para Empresas,Bárbara Cabrini,2025-10-15,,5
cd50b7a4-cc4f-488d-addf-3a1309f0b9c4,2026-06-18 21:54:55.982897+00,PipeLovers 3 para Empresas,Gustavo Moraes,2024-09-30,2024-11-29,20461
cda4d6dc-74dd-425e-8093-323b788da01f,2026-06-18 21:54:55.982897+00,PipeLovers 5 para Empresas,Gustavo Moraes,2024-10-29,2024-12-31,20113
cdf8b7ff-2f24-45c2-a8e9-f7518af2baa4,2026-06-18 21:54:55.982897+00,PipeLovers 5 para Empresas,Patrícia Zancan,2025-07-29,,85
cdfe31e0-8139-44be-883e-37fc26ff978f,2026-06-18 21:54:55.982897+00,PipeLovers 3 para Empresas,Priscila Banzato,2025-02-27,2025-03-31,20489
ce4997db-4a57-48c2-b78e-adba541fda51,2026-06-18 21:54:55.982897+00,PipeLovers 3 para Empresas,Gustavo Moraes,2025-01-08,2025-04-04,20245
ce70f776-4328-4d50-81cd-199e22740037,2026-06-18 21:54:55.982897+00,PipeLovers 3 para Empresas,Gustavo Moraes,2024-12-19,2025-01-18,20509
ce97d0fe-8e77-4886-9a87-027e184b93b5,2026-06-18 21:54:55.982897+00,PipeLovers 5 para Empresas,Gustavo Moraes,2025-02-26,2025-05-12,20144
cf429e3f-a93a-40e1-ab12-56ca1fc31349,2026-06-18 21:54:55.982897+00,PipeLovers 3 para Empresas,Nicoly,2026-05-26,2026-06-25,353
cf81efdb-776f-4e9e-850e-de1c4ffdf685,2026-06-18 21:54:55.982897+00,PipeLovers 3 para Empresas,Patrícia Zancan,2025-08-26,,322
cfcfa26c-ed86-4652-948c-0f86f8f1fdaa,2026-06-18 21:54:55.982897+00,PipeLovers 3 para Empresas,Priscila Banzato,2025-06-12,2025-09-10,20606
cffb4c37-38b3-4aba-a2e7-d735f8ffcee2,2026-06-18 21:54:55.982897+00,PipeLovers 3 para Empresas,Camila Nassar,2026-02-19,,248
d0a3ea0f-db07-4109-aec6-5149f2632c44,2026-09-09 17:00:02.377179+00,PipeLovers 15 para Empresas,Nicoly,2026-08-31,,507
d0e12c91-fdcb-47ec-b33c-9b6b48ac22fa,2026-06-18 21:54:55.982897+00,PipeLovers + Caju,Bárbara Cabrini,2022-06-12,2023-12-06,20075
d119a54e-d542-4303-86c4-b1a331aa6373,2026-06-18 21:54:55.982897+00,PipeLovers 5 para Empresas,Priscila Banzato,2025-06-26,2026-03-31,20105
d1d846fa-929a-456b-8413-caf26e84b03a,2026-06-18 21:54:55.982897+00,PipeLovers 15 para Empresas,Priscila Banzato,2026-05-28,,374
d20e0949-0ecc-4f38-b8dd-1cfc516a9b40,2026-06-18 21:54:55.982897+00,PipeLovers 3 para Empresas,Nicoly,2026-04-01,,105
d21578db-4d78-4fdb-a843-1b44fdb51930,2026-08-11 20:00:59.147172+00,PipeLovers 10 para Empresas,Gustavo Moraes,2025-11-06,,428
d24cd8af-f2cf-43a8-9f9b-d9c8d7e945ce,2026-06-18 21:54:55.982897+00,Zoho CRM & PipeLovers,Bárbara Cabrini,2024-01-01,,202
d2671445-1bf7-4dee-aef0-ff78c653384a,2026-06-18 21:54:55.982897+00,PipeLovers 10 para Empresas,Natália Tamyle,2025-02-24,2025-03-23,20350
d30781a9-8f16-423c-93d7-62be30226fc1,2026-07-14 19:57:06.264202+00,PipeLovers 3 para Empresas,Gonzalo Cami,2026-07-10,,439
d349edc8-8923-4b4a-9c93-a9e5757a1982,2026-06-18 21:54:55.982897+00,PipeLovers 3 para Empresas,Camila Nassar,2024-04-17,2025-08-10,20034
d34e835c-685f-4790-819b-2816b3d9a141,2026-06-18 21:54:55.982897+00,PipeLovers 3 para Empresas,Camila Nassar,2025-04-01,2026-01-12,20012
d44e239a-285f-424f-a548-b7bd598df85f,2026-06-18 21:54:55.982897+00,PipeLovers 5 para Empresas,Priscila Banzato,2025-07-17,2025-10-12,20241
d501ce67-c816-47fd-b6d3-e756379db387,2026-06-18 21:54:55.982897+00,PipeLovers 3 para Empresas,Nicoly,2025-11-07,2025-12-23,20505
d522a3a0-b932-4771-ba2e-edf06eb2ccbe,2026-06-18 21:54:55.982897+00,PipeLovers 5 para Empresas,Gustavo Moraes,2026-03-17,,299
d59aa980-f760-4529-9bb6-66dc286ac87d,2026-06-18 21:54:55.982897+00,PipeLovers 10 para Empresas,Natália Tamyle,2024-07-24,2025-01-14,20582
d60c7453-aab1-46a2-83e0-be359dabe979,2026-06-18 21:54:55.982897+00,PipeLovers 5 para Empresas,Camila Nassar,2025-09-10,,180
d6838b02-e167-4a4c-91c7-9ecbd5d1a7ef,2026-06-18 21:54:55.982897+00,PipeLovers 5 para Empresas,Patrícia Zancan,2025-05-30,,336
d68f2326-fc68-425d-b581-25e568731354,2026-06-18 21:54:55.982897+00,PipeLovers 15 para Empresas,Bárbara Cabrini,2025-09-30,2026-02-02,20343
d6939469-535b-4bb1-a9bf-19f2ebf12aff,2026-06-18 21:54:55.982897+00,PipeLovers 5 para Empresas,Nicoly,2026-04-30,,272
d69797f1-7393-4fe8-8b23-cd742554b75f,2026-06-18 21:54:55.982897+00,PipeLovers 3 para Empresas,Camila Nassar,2026-02-19,2026-07-10,256
d6f76492-8ab4-4c41-b32a-b07c63d832ff,2026-06-18 21:54:55.982897+00,PipeLovers 10 para Empresas,Priscila Banzato,2025-12-22,,20413
d702edb9-bab5-47d2-818d-41da62132e71,2026-06-18 21:54:55.982897+00,PipeLovers 5 para Empresas,Priscila Banzato,2025-11-28,2026-01-13,20234
d70a1e22-9e6a-497a-9f00-ec317e9dee43,2026-07-14 19:57:06.264202+00,PipeLovers 5 para Empresas,Nicoly,2026-06-18,2026-08-12,422
d70d3c89-a854-4ca4-bf8b-8ec7aa1c0bed,2026-06-18 21:54:55.982897+00,PipeLovers 10 para Empresas,Priscila Banzato,2025-08-12,2025-11-28,20069
d737c73f-8219-48a4-aa1d-98fad102a233,2026-06-18 21:54:55.982897+00,PipeLovers 3 para Empresas,Gustavo Moraes,2024-02-21,2024-12-22,20428
d7438d50-c177-4359-b717-278caf8bd720,2026-06-18 21:54:55.982897+00,PipeLovers 3 para Empresas,Camila Nassar,2025-11-26,2026-05-25,20139
d7469e6d-f8d4-42d1-b084-0a615e8efff2,2026-06-18 21:54:55.982897+00,PipeLovers 15 para Empresas,Priscila Banzato,2026-02-13,,108
d7a07a06-9ba7-49ca-8147-d40cbc2d27a1,2026-06-18 21:54:55.982897+00,PipeLovers 10 para Empresas,Priscila Banzato,2026-04-29,,297
d7a634e5-43ad-405c-b941-404fbc359807,2026-06-18 21:54:55.982897+00,PipeLovers 5 para Empresas,Gustavo Moraes,2024-12-18,2026-04-20,20135
d7dfb4c5-1237-46ae-85b7-a47cbb27c125,2026-06-18 21:54:55.982897+00,PipeLovers 10 para Empresas,Bárbara Cabrini,2024-06-26,2024-11-19,20551
d82220d0-d9c9-4309-9ae9-0b09b4522556,2026-06-18 21:54:55.982897+00,PipeLovers 3 para Empresas,Bárbara Cabrini,2023-11-09,2024-03-09,20250
d8770a4d-a703-46e3-a988-cf2c6c3c43f3,2026-06-18 21:54:55.982897+00,PipeLovers 10 para Empresas,Priscila Banzato,2026-05-20,,371
d88a3fbf-22e3-4158-b7dd-bd1b30d8a5c0,2026-06-18 21:54:55.982897+00,NULL,NULL,,,380
d97d2117-652d-4623-92c4-78c70cb54b3e,2026-06-18 21:54:55.982897+00,PipeLovers💜Take Blip,Bárbara Cabrini,2023-01-01,2023-03-31,20420
d99ee03c-60f5-44d9-9677-9c99535d0520,2026-06-18 21:54:55.982897+00,PipeLovers 5 para Empresas,Gustavo Moraes,2025-08-27,2025-11-04,20435
d9b03509-15eb-4613-b5e3-f1e0939ea3f9,2026-06-18 21:54:55.982897+00,PipeLovers 10 para Empresas,Natália Tamyle,2024-07-15,2025-03-07,20237
d9cfc6d2-0110-4f4c-9c5a-a7607eb9f8cc,2026-06-18 21:54:55.982897+00,PipeLovers 10 para Empresas,Natália Tamyle,2025-08-28,,218
d9e86581-4982-4998-9762-eed83a36484b,2026-06-18 21:54:55.982897+00,PipeLovers 3 para Empresas,Camila Nassar,2024-09-04,2025-05-27,20096
da24f35c-5556-47fd-a288-bd1b3f8929fa,2026-06-18 21:54:55.982897+00,PipeLovers 5 para Empresas,Gustavo Moraes,2025-11-18,,142
da2df1d1-23b3-436f-9e71-f2f1ece0b734,2026-06-18 21:54:55.982897+00,PipeLovers 5 para Empresas,Priscila Banzato,2025-09-26,2026-04-02,20354
da308076-37cf-44b6-9306-54d80df9c5c0,2026-06-18 21:54:55.982897+00,PipeLovers 75 para Empresas,Bárbara Cabrini,2026-03-30,,52
da38523a-e8df-499b-a3e8-dfd1378bc863,2026-06-18 21:54:55.982897+00,PipeLovers 10 para Empresas,Natália Tamyle,2024-10-15,,110
da3a1cff-12ef-42a5-bef4-421e84d20db0,2026-06-18 21:54:55.982897+00,PipeLovers 3 para Empresas,Priscila Banzato,2025-02-11,2025-03-09,20530
da41df8a-caf8-4348-978a-79d3c9e02ade,2026-06-18 21:54:55.982897+00,PipeLovers 10 para Empresas,Natália Tamyle,2024-10-17,2025-07-10,20278
da75fb6f-486a-4b80-a445-da1416d76e3e,2026-07-14 19:57:06.264202+00,PipeLovers 5 para Empresas,Nicoly,2026-06-19,,393
da8b55cd-5211-446a-907d-012961780a6a,2026-06-18 21:54:55.982897+00,PipeLovers 10 para Empresas,Natália Tamyle,2026-01-27,,267
dad2a1fe-ba1b-4096-920b-77ede7261dee,2026-06-18 21:54:55.982897+00,PipeLovers 3 para Empresas,Priscila Banzato,2026-04-16,,230
daffdfb2-64a5-4081-b918-2628894c6d3d,2026-07-14 19:57:06.264202+00,PipeLovers 3 para Empresas,Gonzalo Cami,2026-07-03,,426
db364b8a-abd5-488f-8d25-c5b1110cc18b,2026-06-18 21:54:55.982897+00,PipeLovers 15 para Empresas,Natália Tamyle,2025-03-20,2026-01-30,20202
db4ba55a-fff5-4989-ba84-95d2bc0b79e8,2026-07-14 19:57:06.264202+00,PipeLovers 3 para Empresas,Nicoly,2026-06-16,2026-08-14,387
db6b2c63-68e9-43a1-9374-02d4b4788645,2026-06-18 21:54:55.982897+00,PipeLovers 50 para Empresas,Bárbara Cabrini,2024-07-17,2024-10-19,20011
db77f044-2ef3-4bac-93f9-fe972394fb4a,2026-06-18 21:54:55.982897+00,PipeLovers 5 para Empresas,Patrícia Zancan,2025-04-30,,335
dbc9f1f4-c028-4e1b-8c99-feac2c88ba13,2026-06-18 21:54:55.982897+00,PipeLovers 5 para Empresas,Gustavo Moraes,2024-04-11,2025-06-17,20112
dbca3562-d955-4514-8de3-0806f2cb295a,2026-06-18 21:54:55.982897+00,PipeLovers 3 para Empresas,Camila Nassar,2025-03-20,2026-02-27,20032
dbf6ab60-b135-45b7-a6a3-94a1a029b5d3,2026-06-18 21:54:55.982897+00,PipeLovers 5 para Empresas,Gustavo Moraes,2024-12-30,2025-11-04,20134
dc7bff72-73f8-4223-a811-698ae1ad2c37,2026-06-18 21:54:55.982897+00,PipeLovers 15 para Empresas,Natália Tamyle,2025-07-16,2026-01-30,20345
dc7f23c4-3d14-43a6-96e5-0410333e9519,2026-06-18 21:54:55.982897+00,PipeLovers 3 para Empresas,Patrícia Zancan,2024-10-18,,158
dca4d8d1-384e-44fb-bccc-cca672913528,2026-06-18 21:54:55.982897+00,PipeLovers 10 para Empresas,Priscila Banzato,2025-08-13,2025-10-10,20140
dcb5c286-aefa-4473-89cf-575023bf2a24,2026-06-18 21:54:55.982897+00,PipeLovers 3 para Empresas,Nicoly,2026-05-19,,383
dd0e44b3-dc12-444a-9be9-c67f6945d2ca,2026-06-18 21:54:55.982897+00,PipeLovers 3 para Empresas,Gustavo Moraes,2024-08-26,2024-12-06,20164
ddb38e86-0848-40fb-9622-a585df30aa8f,2026-09-09 17:00:02.377179+00,PipeLovers 3 para Empresas,Gonzalo Cami,2026-08-04,,488
de02f04a-4dee-4e49-9b1e-7e84bdef8824,2026-06-18 21:54:55.982897+00,PipeLovers 5 para Empresas,Nicoly,2026-03-30,,120
de0b3c21-a414-4587-9679-51c89e0c79cf,2026-06-18 21:54:55.982897+00,PipeLovers 30 para Empresas,Priscila Banzato,2026-05-29,,366
de2ee276-163a-49c7-b6a9-49f43028a642,2026-06-18 21:54:55.982897+00,PipeLovers 15 para Empresas,Natália Tamyle,2025-06-12,2026-02-13,20364
de88e810-5b5c-4806-b4bd-b33af4d8d033,2026-06-18 21:54:55.982897+00,PipeLovers 20 para Empresas,Bárbara Cabrini,2024-09-24,2025-03-14,20486
deb68c51-af1a-49be-a935-f89e5b252db6,2026-06-18 21:54:55.982897+00,PipeLovers 15 para Empresas,Natália Tamyle,2024-06-17,,166
decb749e-3372-4f8e-84dd-f060044b7c57,2026-06-18 21:54:55.982897+00,PipeLovers 3 para Empresas,Gustavo Moraes,2024-09-23,2024-12-24,20242
df26aff7-bc88-4612-83d2-b0a4bef3b2ff,2026-06-18 21:54:55.982897+00,PipeLovers 3 para Empresas,Camila Nassar,2025-02-11,2025-08-29,20567
df2d9df3-b87c-4f7c-8a44-12952a1a7eb6,2026-06-18 21:54:55.982897+00,PipeLovers 3 para Empresas,Nicoly,2025-09-22,2025-10-23,20109
df6dcaa4-80d5-4d0a-932b-182db2285278,2026-06-18 21:54:55.982897+00,PipeLovers 10 para Empresas,Gustavo Moraes,2023-11-24,2026-02-09,20100
df936e80-5a33-461c-a111-db7e3c8f4ffa,2026-06-18 21:54:55.982897+00,PipeLovers 20 para Empresas,Priscila Banzato,2026-02-09,2026-04-03,20354
dfcabed9-6322-4171-9ca5-4e5263ac2789,2026-06-18 21:54:55.982897+00,PipeLovers 3 para Empresas,Camila Nassar,2025-07-30,,274
dfd600c2-f239-49f3-8d62-2330f6ac9b34,2026-08-11 18:50:32.275348+00,PipeLovers 3 para Empresas,Gonzalo Cami,2026-07-21,,464
dfe870e4-0914-43c6-bb78-08e51cb78330,2026-06-18 21:54:55.982897+00,PipeLovers 3 para Empresas,Nicoly,2026-05-15,,290
dfea49b9-f66c-4ad1-be91-a18d614633bc,2026-06-18 21:54:55.982897+00,PipeLovers 3 para Empresas,Camila Nassar,2025-12-26,2026-06-11,20475
e0343e3a-3e09-49c0-bd61-fe9ed5904302,2026-09-09 17:00:02.377179+00,PipeLovers 5 para Empresas,Nicoly,2026-08-21,,502
e0991f89-538a-44dd-acb8-df4f44ab4797,2026-06-18 21:54:55.982897+00,PipeLovers 3 para Empresas,Camila Nassar,2025-05-02,2026-04-16,20185
e09c2fbc-ab8d-4b5e-a628-23ecb5cd5808,2026-06-18 21:54:55.982897+00,PipeLovers 3 para Empresas,Camila Nassar,2025-01-03,2025-05-10,20292
e12dedf3-3cd3-4d44-af60-530eeee64542,2026-06-18 21:54:55.982897+00,PipeLovers 5 para Empresas,Bárbara Cabrini,2024-05-08,2024-09-10,20592
e15a4d1b-77cd-454b-9b25-e75846aeb19c,2026-06-18 21:54:55.982897+00,PipeLovers 30 para Empresas,Bárbara Cabrini,2026-04-23,,48
e1688f8e-505e-4afb-9a03-affed1053ab6,2026-06-18 21:54:55.982897+00,PipeLovers 3 para Empresas,Camila Nassar,2024-05-20,2026-02-13,20274
e1ad43a0-de00-450b-8428-04ea377a5b23,2026-06-18 21:54:55.982897+00,PipeLovers 10 para Empresas,Natália Tamyle,2025-05-20,2025-11-10,20238
e203da52-85ac-448d-b613-1adf1d27042f,2026-06-18 21:54:55.982897+00,PipeLovers 3 para Empresas,Camila Nassar,2024-11-29,2025-07-30,20607
e24c4a7f-edee-4aca-94dc-b0d77c4f92ae,2026-06-18 21:54:55.982897+00,PipeLovers 15 para Empresas,Natália Tamyle,2026-03-13,,51
e287033b-ef7b-48ec-aa68-95ab05e64a3e,2026-06-18 21:54:55.982897+00,PipeLovers 5 para Empresas,Bárbara Cabrini,2026-04-07,,6
e2c85175-b278-498e-9fe1-c9c2058c8e39,2026-06-18 21:54:55.982897+00,PipeLovers 15 para Empresas,Bárbara Cabrini,2024-09-27,2025-03-21,20140
e387ed2b-1b95-4403-b396-7dcd41f6d673,2026-06-18 21:54:55.982897+00,PipeLovers 3 para Empresas,Camila Nassar,2025-02-15,2025-09-30,20367
e467508d-64c6-4668-a25c-34667100f7af,2026-06-18 21:54:55.982897+00,PipeLovers 3 para Empresas,Camila Nassar,2025-02-25,2026-04-16,20220
e46adbe0-cc6b-41a3-9bc8-a9ad74d48d83,2026-06-18 21:54:55.982897+00,PipeLovers 3 para Empresas,Bárbara Cabrini,2024-02-02,2024-06-06,20544
e4706b90-b347-406e-857f-5951285a6e36,2026-06-18 21:54:55.982897+00,PipeLovers 3 para Empresas,Nicoly,2026-03-11,2026-05-20,20595
e488d395-ae16-4d23-9f8d-25a88dd26e06,2026-06-18 21:54:55.982897+00,PipeLovers 10 para Empresas,Natália Tamyle,2025-03-31,2025-05-10,20141
e4ece93f-b126-4400-a87d-fa48bdd747fe,2026-08-11 18:50:32.275348+00,PipeLovers 10 para Empresas,Nicoly,2026-07-23,,471
e55e3ccb-dd54-46e4-b6a9-c5c5d4b8fdcf,2026-06-18 21:54:55.982897+00,PipeLovers 30 para Empresas,Bárbara Cabrini,2025-01-31,,29
e5f089ea-8b43-46f3-97e2-6155abe5364b,2026-06-18 21:54:55.982897+00,PipeLovers 5 para Empresas,Gustavo Moraes,2026-03-12,,301
e5f984a9-cc9b-425f-a1ac-49f7dd0b3bf1,2026-06-18 21:54:55.982897+00,PipeLovers 3 para Empresas,Camila Nassar,2025-11-26,2026-06-30,68
e60cf592-c220-4725-b30d-9856df7bf5af,2026-06-18 21:54:55.982897+00,PipeLovers 15 para Empresas,Priscila Banzato,2025-08-20,2026-01-13,20147
e64c700d-cf4f-45be-baf2-2f5a8b13ecab,2026-06-18 21:54:55.982897+00,PipeLovers 5 para Empresas,Gustavo Moraes,2024-01-10,2025-10-01,20331
e655236f-b5da-4c2b-985b-dc6bf53426da,2026-06-18 21:54:55.982897+00,PipeLovers 5 para Empresas,Nicoly,2026-03-31,,117
e66cf5fd-56f5-43cb-aefc-a1a002428f55,2026-06-18 21:54:55.982897+00,PipeLovers 30 para Empresas,Bárbara Cabrini,2024-10-30,2025-08-05,20217
e6cc3682-7636-48bd-bae7-3a0426b8694b,2026-06-18 21:54:55.982897+00,PipeLovers 10 para Empresas,Natália Tamyle,2025-02-21,2026-03-03,20541
e71e5fca-909a-4de9-8294-6431e8386782,2026-06-18 21:54:55.982897+00,PipeLovers 3 para Empresas,Nicoly,2026-03-24,2026-04-23,58
e73142bb-a892-44d6-b4c2-e0766ed615fa,2026-06-18 21:54:55.982897+00,PipeLovers 5 para Empresas,Priscila Banzato,2025-05-29,2025-09-10,20286
e750735d-d5c8-4c22-875f-2e758159be3d,2026-06-18 21:54:55.982897+00,PipeLovers 3 para Empresas,Camila Nassar,2025-08-20,,379
e782db8b-e71f-4de4-b17f-066e9c91d145,2026-06-18 21:54:55.982897+00,PipeLovers 3 para Empresas,Nicoly,2026-03-27,2026-06-05,87
e7e63410-011f-4afa-81b9-d32237cc2055,2026-06-18 21:54:55.982897+00,ChatGuru | PipeLovers para Empresas,Bárbara Cabrini,2023-10-31,2025-08-01,20081
e80d3901-6d16-49a8-8f1d-1cff4fc040a6,2026-06-18 21:54:55.982897+00,PipeLovers 10 para Empresas,Priscila Banzato,2025-09-12,2026-05-01,20045
e858e875-018c-4954-8962-63e676af50c5,2026-06-18 21:54:55.982897+00,PipeLovers 20 para Empresas,Priscila Banzato,2026-04-30,,263
e864d7e7-7b3c-4c2c-ae2e-04cd935e5663,2026-06-18 21:54:55.982897+00,PipeLovers 10 para Empresas,Gustavo Moraes,2024-05-21,,143
e87d8d09-0fce-44b5-b046-ed02e3e0cce2,2026-06-18 21:54:55.982897+00,PipeLovers 3 para Empresas,Camila Nassar,2025-02-07,2025-05-10,20261
e8e25638-652f-43ac-88b8-a2f361f3d630,2026-06-18 21:54:55.982897+00,PipeLovers 5 para Empresas,Gustavo Moraes,2024-11-04,2025-06-04,20318
ea08aef8-44d1-4185-b5d1-325dcb85c947,2026-06-18 21:54:55.982897+00,PipeLovers 5 para Empresas,Patrícia Zancan,2025-09-19,,20170
ea48ad6e-aa0e-4ca2-bbef-e989fd2665d1,2026-06-18 21:54:55.982897+00,PipeLovers 3 para Empresas,Camila Nassar,2025-12-11,2026-05-08,20471
ea572b44-b785-465e-8854-7eb18e80b76e,2026-06-18 21:54:55.982897+00,PipeLovers 3 para Empresas,Camila Nassar,2025-02-20,2026-04-16,20540
ebd4b362-85f6-4221-99cf-efeedf1f2d01,2026-06-18 21:54:55.982897+00,PipeLovers 3 para Empresas,Camila Nassar,2024-10-21,,20203
ebdb4adb-e50b-44ad-935e-79c7859162dc,2026-07-14 19:57:06.264202+00,PipeLovers 10 para Empresas,Nicoly,2026-07-08,,430
ebe8e1c8-69a8-4785-a05d-28fa3eeb25f0,2026-06-18 21:54:55.982897+00,PipeLovers 3 para Empresas,Patrícia Zancan,2026-01-30,,100
ec0d70bc-492c-44ca-9544-93102a58f441,2026-06-18 21:54:55.982897+00,PipeLovers 3 para Empresas,Nicoly,2025-08-27,2025-10-16,20554
ed3a2571-98b3-4e90-8e6f-37cc60f5b191,2026-06-18 21:54:55.982897+00,PipeLovers 50 para Empresas,Bárbara Cabrini,2026-02-13,2026-08-01,155
edab6932-dc52-4245-9f61-2eaf4d65e51b,2026-06-18 21:54:55.982897+00,PipeLovers 5 para Empresas,Gustavo Moraes,2025-09-30,,20206
edab8fdc-9f5e-4b0a-9c88-9668a0bf5b9a,2026-06-18 21:54:55.982897+00,PipeLovers 3 para Empresas,Gustavo Moraes,2024-11-19,2025-12-10,20263
edf6aae1-2993-446e-9cd0-829aa6635608,2026-06-18 21:54:55.982897+00,PipeLovers 3 para Empresas,Camila Nassar,2026-03-04,,287
ee05b198-0fca-4ab9-b1aa-e4709b7cce98,2026-06-18 21:54:55.982897+00,PipeLovers 5 para Empresas,Priscila Banzato,2025-06-16,2025-08-20,20143
ee2fbfdc-0967-4ab2-9089-8634d8410a32,2026-06-18 21:54:55.982897+00,PipeLovers 5 para Empresas,Gustavo Moraes,2025-02-03,2025-10-17,20186
eef264b7-8813-46f7-bb8b-c7d0bda0acec,2026-06-18 21:54:55.982897+00,PipeLovers 10 para Empresas,Gustavo Moraes,2025-11-10,2026-04-20,20300
ef0173f9-c7a8-4205-b4fd-bfaee46a9087,2026-06-18 21:54:55.982897+00,PipeLovers 3 para Empresas,Priscila Banzato,2025-01-09,2025-03-21,20556
ef03192b-309f-4eea-a36c-e249a8bafc7c,2026-06-18 21:54:55.982897+00,PipeLovers 3 para Empresas,Patrícia Zancan,2024-12-17,,316
efad6ada-3861-4472-87fd-204b983adf07,2026-06-18 21:54:55.982897+00,PipeLovers 10 para Empresas,Priscila Banzato,2025-06-04,2025-07-10,20380
efee0d06-b98f-44e4-b32d-983a3f392f69,2026-06-18 21:54:55.982897+00,PipeLovers 10 para Empresas,Natália Tamyle,2024-08-21,2025-04-04,20569
f0031e97-0784-49d3-95c0-db460e6edf2d,2026-06-18 21:54:55.982897+00,PipeLovers 5 para Empresas,Natália Tamyle,2024-04-30,2025-01-14,20404
f0a0eba5-5ad2-411c-9bbf-2042892c0fdf,2026-06-18 21:54:55.982897+00,PipeLovers 5 para Empresas,Nicoly,2026-05-15,,344
f16f3993-8458-4796-8695-0f422c95d8c5,2026-06-18 21:54:55.982897+00,PipeLovers 3 para Empresas,Nicoly,2026-02-03,2026-05-10,89
f1862738-1a4c-405c-b84e-46e3e6ed5bd1,2026-06-18 21:54:55.982897+00,PipeLovers 3 para Empresas,Camila Nassar,2025-08-28,2026-08-20,20133
f1d989aa-5f1f-4a73-a64b-00f6aecfec38,2026-06-18 21:54:55.982897+00,PipeLovers 5 para Empresas,Priscila Banzato,2025-05-06,2025-07-10,20394
f28ed4d9-d884-4bac-850a-4c93400f4898,2026-06-18 21:54:55.982897+00,PipeLovers 10 para Empresas,Natália Tamyle,2025-04-08,,204
f2959f95-5966-4872-80a9-641fd1c7ead7,2026-06-18 21:54:55.982897+00,PipeLovers 10 para Empresas,Priscila Banzato,2026-04-17,,213
f2ada131-4f00-49b3-9b0f-a60d6fbd5a33,2026-06-18 21:54:55.982897+00,PipeLovers 3 para Empresas,Gustavo Moraes,2024-07-11,2025-01-15,20348
f38f1eb7-5dc8-4eb6-92ed-8631c2bf03b8,2026-06-18 21:54:55.982897+00,PipeLovers 3 para Empresas,Gustavo Moraes,2024-10-15,2025-01-15,20271
f43f2228-8bba-41fb-a4ac-ef286f8ec538,2026-06-18 21:54:55.982897+00,PipeLovers 3 para Empresas,Camila Nassar,2024-12-06,2025-05-29,20405
f450babb-fea0-464b-adfa-3876aeea5c23,2026-06-18 21:54:55.982897+00,PipeLovers 3 para Empresas,Nicoly,2026-04-10,2026-08-20,162
f58561fb-c473-4f9d-ae50-19f0a635c0ee,2026-06-18 21:54:55.982897+00,PipeLovers 15 para Empresas,Bárbara Cabrini,2025-04-04,2025-09-01,20063
f5cbdabb-f543-4bac-adb2-4b1ebbdfd16d,2026-09-09 17:00:02.377179+00,PipeLovers 3 para Empresas,Gonzalo Cami,2026-08-28,,506
f5e5a20f-e437-4569-8d81-0168600f5e05,2026-06-18 21:54:55.982897+00,PipeLovers 3 para Empresas,Camila Nassar,2025-09-01,2026-03-15,20272
f61a2a0d-330f-4eed-869c-2ad5d2f1e9a1,2026-06-18 21:54:55.982897+00,PipeLovers 5 para Empresas,Gustavo Moraes,2025-11-27,,147
f63ce843-6b11-4f58-8cc0-97682c42e121,2026-06-18 21:54:55.982897+00,PipeLovers 3 para Empresas,Camila Nassar,2025-05-30,2025-11-10,20223
f64449c6-710c-4cfb-8f9f-37aa2b81c8aa,2026-09-09 17:00:02.377179+00,PipeLovers 3 para Empresas,Gonzalo Cami,2026-08-19,,510
f6d7f900-775d-4622-a33f-8cde5602ddff,2026-06-18 21:54:55.982897+00,PipeLovers 3 para Empresas,Camila Nassar,2024-06-27,,20264
f74409a0-5d18-4cc3-a615-3dae1071c60c,2026-06-18 21:54:55.982897+00,PipeLovers 3 para Empresas,Camila Nassar,2025-03-12,2025-10-07,20557
f81686bc-585c-4bb9-b722-0936e9df210e,2026-09-09 17:00:02.377179+00,PipeLovers 15 para Empresas,Nicoly,2026-08-04,,498
f8bb9e12-ac60-4545-afbf-875273d01154,2026-07-14 19:57:06.264202+00,PipeLovers 20 para Empresas,Priscila Banzato,2026-06-30,,408
f8c5ff8e-cf6a-4ec3-b3e7-d52c11ee2bbf,2026-06-18 21:54:55.982897+00,PipeLovers 3 para Empresas,Camila Nassar,2024-12-04,2025-11-10,20188
f8e3aeb7-2bbb-46f5-8d63-31fe73dbe265,2026-06-18 21:54:55.982897+00,PipeLovers 10 para Empresas,Priscila Banzato,2025-07-31,2025-09-16,20363
f90c502c-83c5-4fe9-b20e-9f34c330bbc7,2026-06-18 21:54:55.982897+00,PipeLovers 3 para Empresas,Camila Nassar,2024-02-29,,302
f91e1c47-f186-4637-9d7b-477bd21388f8,2026-06-18 21:54:55.982897+00,PipeLovers 3 para Empresas,Camila Nassar,2025-11-28,,90
f98a7361-3f0e-41fd-b04d-76402199e179,2026-06-18 21:54:55.982897+00,PipeLovers 10 para Empresas,Priscila Banzato,2025-05-06,2025-07-10,20046
f9983486-c5a9-4e02-861e-fbe5d5f66353,2026-06-18 21:54:55.982897+00,PipeLovers 10 para Empresas,Natália Tamyle,2024-08-12,2025-04-04,20415
facbb0d3-600b-4d95-8376-e36ae2f82452,2026-06-18 21:54:55.982897+00,PipeLovers 5 para Empresas,Gustavo Moraes,2025-02-07,2025-07-08,20399
fb38e020-d995-49c8-9026-37afb3ae5283,2026-06-18 21:54:55.982897+00,PipeLovers 5 para Empresas,Gustavo Moraes,2025-11-19,,311
fb581d96-a7b0-4646-8820-480225efdf44,2026-06-18 21:54:55.982897+00,PipeLovers 10 para Empresas,Natália Tamyle,2025-12-16,,183
fba45bff-35dc-49ab-b80c-11c45fd833cf,2026-06-18 21:54:55.982897+00,PipeLovers 5 para Empresas,Bárbara Cabrini,2024-06-03,2024-06-28,20563
fbd5a080-fb67-4afd-bcdf-16daf46208b9,2026-06-18 21:54:55.982897+00,PipeLovers 5 para Empresas,Priscila Banzato,2025-12-11,2026-01-06,20110
fc3c19b8-0012-4972-b297-7dd1611229de,2026-06-18 21:54:55.982897+00,PipeLovers 3 para Empresas,Nicoly,2025-11-21,2026-01-10,20177
fc48875d-0036-45bb-82a9-394daa43b50a,2026-06-18 21:54:55.982897+00,PipeLovers ALL IN para Empresas,Priscila Banzato,2026-05-29,,382
fc49774b-a37a-4432-921c-f1c22183bd37,2026-06-18 21:54:55.982897+00,PipeLovers 3 para Empresas,Nicoly,2025-10-28,2026-01-23,20589
fc6ef6b2-5582-4a1a-86f9-ade0f7b13a4c,2026-08-11 18:50:32.275348+00,PipeLovers 5 para Empresas,Nicoly,2026-07-22,,475
fc737810-111d-43b3-b9c8-0637e263a4ee,2026-06-18 21:54:55.982897+00,PipeLovers 3 para Empresas,Patrícia Zancan,2025-12-02,,194
fc8d4d79-6131-490c-8c4f-2d0efe6a77f5,2026-06-18 21:54:55.982897+00,PipeLovers 5 para Empresas,Patrícia Zancan,2025-12-29,,185
fd49ca87-3b6f-41b5-8432-412e16f9ae6a,2026-06-18 21:54:55.982897+00,PipeLovers 5 para Empresas,Nicoly,2026-03-30,2026-07-13,98
fd989c01-87ea-40b0-a432-593cfade6098,2026-06-18 21:54:55.982897+00,PipeLovers 5 para Empresas,Gustavo Moraes,2025-03-20,2025-10-10,20377
fd9cbd99-2d62-407a-90bb-910580a6c46c,2026-06-18 21:54:55.982897+00,PipeLovers ALL IN para Empresas,Bárbara Cabrini,2025-08-01,2025-10-10,20561
fdf0c435-b6b9-4ef0-9e2f-126d720edf60,2026-06-18 21:54:55.982897+00,PipeLovers 3 para Empresas,Camila Nassar,2026-02-27,,49
fe06395b-c2b1-4526-a53c-7fd487ad638a,2026-06-18 21:54:55.982897+00,PipeLovers 3 para Empresas,Camila Nassar,2025-10-09,,357
fe2cca8a-4943-4c3a-a366-902c6b0b42b8,2026-06-18 21:54:55.982897+00,PipeLovers 3 para Empresas,Camila Nassar,2025-04-30,2026-05-31,20297
fe371276-3373-4fbf-a0fd-5905e2d783fc,2026-06-18 21:54:55.982897+00,PipeLovers 3 para Empresas,Camila Nassar,2026-01-21,,184
fe634aae-26be-4d9b-aa23-d6beed3eaf8e,2026-06-18 21:54:55.982897+00,PipeLovers 3 para Empresas,Camila Nassar,2025-07-16,2026-02-13,20038
ff31cadd-5cbb-4f7a-890c-1a484b71663b,2026-06-18 21:54:55.982897+00,PipeLovers 5 para Empresas,Gustavo Moraes,2025-04-04,2026-04-03,20095
ff9ed426-3799-4017-9305-504ab9f0eb7e,2026-06-18 21:54:55.982897+00,PipeLovers 3 para Empresas,Priscila Banzato,2025-04-17,2025-06-10,20166
ffd813fd-6ddc-4783-bbf2-8377e3e4240b,2026-06-18 21:54:55.982897+00,PipeLovers 3 para Empresas,Nicoly,2026-01-30,2026-02-28,20485
ffecf4a1-8616-4b75-b16e-961544c7f120,2026-06-18 21:54:55.982897+00,PipeLovers 3 para Empresas,Priscila Banzato,2025-07-29,2025-08-28,20094