"Código";"Aula";"Curso";"Aluno";"CPF";"Email";"Data da Avaliação";"Avaliação";"Mensagem"
3187;"Como fazer uma apresentação comercial matadora";"Como fazer uma apresentação comercial matadora";"CLAUDIO NASCIMENTO";"";"claudio.nascimento@corpay.com.br";"01/10/2026 21:21";"5";"Excelente aula de como realizar apresentação comercial visando fechamento de negócios, muito bem focado em cada passo do processo."
4007;"Como identificar oportunidades de expansão em clientes da carteira";"Como identificar oportunidades de expansão em clientes da carteira";"Daniel Morais";"";"daniel@grupopremieralimentos.com.br";"01/10/2026 16:51";"5";""
3636;"Jolt Effect: Como vencer a indecisão do cliente";"Jolt Effect: Como vencer a indecisão do cliente";"Gisele Vieira";"";"gisele.vieira@luzagroup.com";"01/10/2026 11:25";"5";"Super enriquecedor. "
4479;"Work-life Balance: técnicas para um equilibrio saudável";"Work-life Balance: técnicas para um equilibrio saudável";"Paola Gilier de Franca Pedroso";"";"paola.pedroso@pucpr.br";"01/10/2026 07:57";"5";"Que conteúdo massa!"
4614;"Módulo 6: Certificação de IA - IA na Gestão do Time e na Liderança Comercial";"Certificação em Inteligência Artificial em Vendas B2B";"Rômulo Silva de Oliveira";"";"romulo.oliveira@bmchyundai.com.br";"30/09/2026 14:09";"5";""
3871;"Reativação de contas inativas";"Reativação de contas inativas";"Matheus Moura";"";"matheus.moura@mexx.com.br";"30/09/2026 11:01";"5";"Que aula diferenciada!!! 
"
3559;"Lidando com o não: o que separa SDRs comuns dos que sempre batem meta";"Lidando com o não: o que separa SDRs comuns dos que sempre batem meta";"Jessica Amaral";"";"jessica.amaral@gruposkill.com.br";"30/09/2026 10:41";"5";"Amei o conteúdo!! Muito bom!! "
3597;"Priorização de Carteira de Clientes";"Priorização de Carteira de Clientes";"Nicoli Souza";"44005897819";"nicoli@costaesampaioseguros.com.br";"30/09/2026 09:33";"5";""
3673;"Autogestão para Liderar";"Autogestão para Liderar";"Paola Gilier de Franca Pedroso";"";"paola.pedroso@pucpr.br";"30/09/2026 08:33";"5";""
3473;"SDRs: ""Superando a barreira das secretarias executivas"" com Régis Faccini";"Superando a barreira das secretarias executivas";"Monalisa Silva";"";"monalisa.silva@tmimice.com.br";"29/09/2026 19:16";"5";""
4546;"Sinais de Intenção de Compra: como usar dado pra saber a hora certa de abordar";"Sinais de Intenção de Compra: como usar dado pra saber a hora certa de abordar";"Bruna Ferreira Luz Quesado";"";"bruna@brpolen.com.br";"29/09/2026 18:48";"5";""
4471;"Gestão de mudanças em programas de canais";"Gestão de mudanças em programas de canais";"GLEYCE";"";"gleyce.alves@corpay.com.br";"29/09/2026 18:04";"5";""
3350;"Rotinas de Gestão de Canais Indiretos";"Rotinas de Gestão de Canais Indiretos";"GLEYCE";"";"gleyce.alves@corpay.com.br";"29/09/2026 17:58";"5";""
3178;"Primeiros passos para criar um playbook de canais";"Primeiros passos para criar um playbook de canais";"GLEYCE";"";"gleyce.alves@corpay.com.br";"29/09/2026 17:41";"5";"Importantíssimo um Playbook claro que reúne o passo a passo de como realizar tarefas, desde o primeiro contato com o cliente até o pós-venda para o parceiro, pois sem regras claras periga o insucesso."
3023;"Gestão de relacionamento com parceiros estratégicos";"Gestão de relacionamento com parceiros estratégicos";"GLEYCE";"";"gleyce.alves@corpay.com.br";"29/09/2026 17:30";"5";"EXATO! Ouvir, definir, medir e acompanhar!

A base do relacionamento de sucesso é sim, a confiança em nós parceiros e a credibilidade da marca!"
3406;"Estratégias Win-Win: Como construir sinergia real com parceiros";"Estratégias Win-Win: Como construir sinergia real com parceiros";"GLEYCE";"";"gleyce.alves@corpay.com.br";"29/09/2026 17:23";"5";"Perfeita conclusão. Sem uma escuta ativa e o HUMANO na idealização e abertura da ""casa"" não se consegue connstruir na IA soluções para processos manuais lentos e dificuldade de medir o retorno sobre o investimento (ROI). "
3362;"Job Descrition dos executivos de Canais e Parcerias";"Job Descrition dos executivos de Canais e Parcerias";"GLEYCE";"";"gleyce.alves@corpay.com.br";"29/09/2026 17:15";"4";""
4639;" Planejamento Go-To-Market para 2027";" Planejamento Go-To-Market para 2027";"Daniel Morais";"";"daniel@grupopremieralimentos.com.br";"29/09/2026 14:17";"5";""
3238;"Estruturando uma área de Customer Success";"Estruturando uma área de Customer Success";"Ana Flávia De Souza Lima";"";"anaflavia.desouza@cmii.com.br";"29/09/2026 11:41";"3";""
3645;"Gatilhos para upsell e cross-sell na jornada do cliente";"Gatilhos para upsell e cross-sell na jornada do cliente";"Nicoli Souza";"44005897819";"nicoli@costaesampaioseguros.com.br";"29/09/2026 10:27";"5";""
3444;"Pré-Vendas: ""Práticas de comunicação escrita efetiva"" com Daniela Souza";"Práticas de comunicação escrita efetiva";"DANIELA FERNANDES";"";"daniela.fernandes@ptarental.com.br";"29/09/2026 09:11";"5";""
4019;"Como aplicar ABM em pré-vendas";"Como aplicar ABM em pré-vendas";"Rodrigo Nascimento";"";"rodrigo.nascimento@brpolen.com.br";"29/09/2026 01:55";"5";""
3489;"SDRs: ""Contorno de objeções na prospecção B2B"" com Jordete Braga";"Contorno de objeções na prospecção B2B";"Yasmin Moraes Nascimento";"";"yasminmoraesnasc@gmail.com";"28/09/2026 14:54";"5";""
4046;"Linguagem persuasiva na comunicação verbal e não-verbal";"Linguagem persuasiva na comunicação verbal e não-verbal";"Luana Souza";"12852349795";"luana98.ls@gmail.com";"28/09/2026 10:15";"5";""
4477;"Módulo 2: Certificação de IA - IA na Prospecção Pesquisa, Personalização e Ritmo";"Certificação em Inteligência Artificial em Vendas B2B";"Evelin	Penteado";"";"evelin@emusys.com.br";"28/09/2026 08:44";"4";""
3864;"Módulo 1: Certificação de Vendedores B2B Prospecção Inteligente e Geração de Demanda";"Certificação de Vendedores B2B";"Janina Camilo";"";"vendas2@caixaecia.com";"28/09/2026 08:25";"5";""
3759;"Fluxo de cadência e follow up";"Fluxo de cadência e follow up";"Fernanda Cozzer";"";"atendimento7@metacursos.com.br";"27/09/2026 17:16";"5";""
3900;"LinkedIn para pré-vendedores: o básico que funciona";"LinkedIn para pré-vendedores: o básico que funciona";"Fernanda Cozzer";"";"atendimento7@metacursos.com.br";"27/09/2026 15:37";"5";"Aula maravilhosa, Camila falou tudo de forma pratica, maravilhosa."
3841;"Networking para se tornar referência no seu mercado";"Networking para se tornar referência no seu mercado";"Carlos Eduardo de Almeida Alberici";"22398365808";"carlos.eduardo@voipdobrasil.com.br";"26/09/2026 14:16";"4";""
3441;"Organização de rotina para entregar mais com menos estresse";"Organização de rotina para entregar mais com menos estresse";"Rafaela Paravatti";"";"rafaela.paravatti@predialize.com.br";"25/09/2026 18:01";"5";""
2998;"Metodologia SPICED da Winning by Design";"Metodologia SPICED da Winning by Design";"Bruna Ferreira Luz Quesado";"";"bruna@brpolen.com.br";"25/09/2026 17:55";"5";""
3543;"SDRs: ""Mapeando e contornando objeções com IA"" com Hugo Nascimento";"Mapeando e contornando objeções com IA";"Matheus Moura";"";"matheus.moura@mexx.com.br";"25/09/2026 16:07";"3";""
3510;"SDRs: ""Transformar objeções em oportunidades"" com Winnicius Cunha";"Transformar objeções em oportunidades";"Matheus Moura";"";"matheus.moura@mexx.com.br";"25/09/2026 15:55";"3";""
3663;"Novo Material";"O que são Battlecards e como eles ajudam você a vencer a concorrência";"Andreia Andrade";"";"andreia.andrade@carefy.com.br";"25/09/2026 13:24";"5";""
4639;" Planejamento Go-To-Market para 2027";" Planejamento Go-To-Market para 2027";"Thiago Pereira da Silva";"";"thiago.silva@bmchyundai.com.br";"25/09/2026 12:01";"5";""
3037;"Boas práticas de mensagens no Linkedin e WhatsApp";"Boas práticas de mensagens no Linkedin e WhatsApp";"Alice Dorneles Moreira";"";"alicemoreira@magnobarth.com.br";"24/09/2026 14:10";"5";""
4482;"Reativação de leads com base histórica do CRM";"Reativação de leads com base histórica do CRM";"DANIELA FERNANDES";"";"daniela.fernandes@ptarental.com.br";"23/09/2026 17:13";"5";""
3045;"Neurovendas: como adaptar seu processo comercial à lógica de decisão do cérebro humano";"Neurovendas: como adaptar seu processo comercial à lógica de decisão do cérebro humano";"DANIELA FERNANDES";"";"daniela.fernandes@ptarental.com.br";"23/09/2026 15:09";"5";""
3852;"Módulo 3: Certificação de Vendedores B2B - Negociação e Fechamento";"Módulo 3: Certificação de Vendedores B2B - Negociação e Fechamento";"Icaro Ferreira Barbosa";"05572094552";"icarotimol@gmail.com";"23/09/2026 14:31";"5";""
4498;"Como destravar fechamentos no final de mês";"Como destravar fechamentos no final de mês";"Cintia Teresa Tobias";"";"cintia.tobias@centric.com.br";"23/09/2026 14:22";"5";""
4530;"Aula 4: Gatilhos Mentais para contorno de objeções e fechamento";"Oratória para Vendedores B2B  ";"DANIELA FERNANDES";"";"daniela.fernandes@ptarental.com.br";"23/09/2026 13:42";"5";""
4205;"Módulo 2: Certificação de IA - IA na Prospecção: Pesquisa, Personalização e Ritmo";"Módulo 2: Certificação de IA - IA na Prospecção: Pesquisa, Personalização e Ritmo";"CRISTINA RODRIGUES";"30177132884";"cristina.rodrigues@ptarental.com.br";"23/09/2026 10:56";"5";""
3468;"SDRs: ""Autoestima e autoconfiança a favor do vendedor"" com Cássio Gifford do G4 Educaçã";"Autoestima e autoconfiança a favor do vendedor";"Paola Gilier de Franca Pedroso";"";"paola.pedroso@pucpr.br";"23/09/2026 10:42";"5";""
4608;"O impacto da saúde física na resiliência de prospecção";"O impacto da saúde física na resiliência de prospecção";"CRISTINA RODRIGUES";"30177132884";"cristina.rodrigues@ptarental.com.br";"23/09/2026 09:07";"5";""
3045;"Neurovendas: como adaptar seu processo comercial à lógica de decisão do cérebro humano";"Neurovendas: como adaptar seu processo comercial à lógica de decisão do cérebro humano";"Pedro Xavier ";"";"phxferreira@outlook.com";"22/09/2026 22:02";"4";""
3872;"Módulo 1 - Estratégia de Posicionamento e Planejamento Comercial";"Programa de Gestão de Vendas B2B";"ALCY JUNIOR";"";"alcy.junior@grupodecio.com.br";"22/09/2026 20:49";"5";""
4419;"Módulo 4: Certificação de IA - IA na Proposta e na Comunicação Comercial";"Módulo 4: Certificação de IA - IA na Proposta e na Comunicação Comercial";"Lucas da Silva de Oliveira";"";"lucas.oliveira@monde.com.br";"22/09/2026 16:15";"5";""
4492;"Módulo 4: Certificação de IA - IA na Proposta e na Comunicação Comercial";"Certificação em Inteligência Artificial em Vendas B2B";"Lucas da Silva de Oliveira";"";"lucas.oliveira@monde.com.br";"22/09/2026 15:57";"5";""
3653;"Como se preparar para suas reuniões comerciais usando IA";"Como se preparar para suas reuniões comerciais usando IA";"Pedro Xavier ";"";"phxferreira@outlook.com";"22/09/2026 15:51";"3";""
4454;"Como funciona uma área de compras profissional";"Como funciona uma área de compras profissional?";"Daniel Morais";"";"daniel@grupopremieralimentos.com.br";"22/09/2026 13:26";"5";""
3060;"Metodologia MEDDPICC para vendas enterprise";"Metodologia MEDDPICC para vendas enterprise";"Iris da Silva Martins Pereira";"45597045890";"iris.mpereira@corpay.com.br";"22/09/2026 10:55";"5";""
3615;"Propostas Comerciais Efetivas";"Propostas Comerciais Efetivas";"Nicoli Souza";"44005897819";"nicoli@costaesampaioseguros.com.br";"22/09/2026 09:41";"5";""
3510;"SDRs: ""Transformar objeções em oportunidades"" com Winnicius Cunha";"Transformar objeções em oportunidades";"Cristiane Cunha";"";"facenter.cristiane@gmail.com";"21/09/2026 22:20";"5";""
3772;"Técnicas de Rapport para prospecção";"Técnicas de Rapport para prospecção";"Bruno Nery";"";"bruno.nery@tecnogera.com.br";"21/09/2026 21:56";"5";"Aprendi mais nessa aula incrível."
3044;"Discovery e causa raiz: como investigar o problema certo antes de vender";"Discovery e causa raiz: como investigar o problema certo antes de vender";"Pedro Xavier ";"";"phxferreira@outlook.com";"21/09/2026 21:20";"5";""
3060;"Metodologia MEDDPICC para vendas enterprise";"Metodologia MEDDPICC para vendas enterprise";"Leandro Messias";"";"leandromessias268@gmail.com";"21/09/2026 20:26";"5";""
3084;"Definição de Metas Baseado em Capacity";"Definição de Metas Baseado em Capacity";"Rodrigo Nascimento";"";"rodrigo.nascimento@brpolen.com.br";"21/09/2026 19:07";"5";""
3028;"Dar e receber feedback com clareza";"Dar e receber feedback com clareza";"Daniel Morais";"";"daniel@grupopremieralimentos.com.br";"21/09/2026 16:57";"5";""
3587;"Estratégias de Negociação";"Estratégias de Negociação";"Nicoli Souza";"44005897819";"nicoli@costaesampaioseguros.com.br";"21/09/2026 16:38";"5";""
3733;"Fidelização de Clientes: A chave para alavancar suas vendas";"Fidelização de Clientes: A chave para alavancar suas vendas";"Marco Garuti";"";"vendas7.vocical@grupovocical.com.br";"21/09/2026 16:13";"5";""
3786;"Conteúdos e habilidades que um profissional de Vendas precisa saber";"Inicie sua jornada para Executivos por aqui";"Pedro Xavier ";"";"phxferreira@outlook.com";"21/09/2026 15:18";"5";""
3783;"Criando a cultura de treinamento na sua empresa";"Inicie sua jornada para Executivos por aqui";"Pedro Xavier ";"";"phxferreira@outlook.com";"21/09/2026 15:16";"5";""
3784;"O que é o Plano de Desenvolvimento Individual";"Inicie sua jornada para Executivos por aqui";"Pedro Xavier ";"";"phxferreira@outlook.com";"21/09/2026 15:16";"5";""
3781;"Tudo o que você precisa saber sobre a Universidade Pipelovers";"Inicie sua jornada para Executivos por aqui";"Pedro Xavier ";"";"phxferreira@outlook.com";"21/09/2026 15:14";"5";""
4608;"O impacto da saúde física na resiliência de prospecção";"O impacto da saúde física na resiliência de prospecção";"Cintia Teresa Tobias";"";"cintia.tobias@centric.com.br";"21/09/2026 13:59";"5";"Conscientização do auto cuidado. 
Aula, tema, palestrante....tudo sensacional. 
"
4608;"O impacto da saúde física na resiliência de prospecção";"O impacto da saúde física na resiliência de prospecção";"Luciane";"";"luciane3711@hotmail.com";"21/09/2026 13:59";"5";""
4418;"Módulo 3: Certificação de IA - IA na Qualificação e na Reunião de Descoberta";"Módulo 3: Certificação de IA - IA na Qualificação e na Reunião de Descoberta";"Lucas da Silva de Oliveira";"";"lucas.oliveira@monde.com.br";"21/09/2026 13:56";"5";""
4478;"Módulo 3: Certificação de IA - IA na Qualificação e na Reunião de Descoberta";"Certificação em Inteligência Artificial em Vendas B2B";"Lucas da Silva de Oliveira";"";"lucas.oliveira@monde.com.br";"21/09/2026 13:25";"5";""
3270;"Como diminuir a rotatividade da sua equipe";"Como diminuir a rotatividade da sua equipe";"Daniel Morais";"";"daniel@grupopremieralimentos.com.br";"21/09/2026 12:40";"5";""
3344;"SDRs com Ana Duccini “Produtividade Baseada em Cadência e Gestão do Tempo”";"Produtividade Baseada em Cadência e Gestão do Tempo";"Paola Gilier de Franca Pedroso";"";"paola.pedroso@pucpr.br";"21/09/2026 12:33";"5";""
3450;"Pré-Vendas: ""Como montar uma rotina de sucesso e equilíbrio"" com Fabiane Kobayashi ";"Como montar uma rotina de sucesso e equilíbrio";"Paola Gilier de Franca Pedroso";"";"paola.pedroso@pucpr.br";"21/09/2026 11:53";"5";""
4421;"Módulo 6: Certificação de IA - IA na Gestão do Time e na Liderança Comercial";"Módulo 6: Certificação de IA - IA na Gestão do Time e na Liderança Comercial";"Matheus Moura";"";"matheus.moura@mexx.com.br";"21/09/2026 07:13";"3";""
3583;"Conexão em abordagens frias: como fugir do óbvio e conquistar atenção";"Conexão em abordagens frias: como fugir do óbvio e conquistar atenção";"Bruno Nery";"";"bruno.nery@tecnogera.com.br";"19/09/2026 10:28";"5";"Gostei muito e das dicas do e-mail."
2998;"Metodologia SPICED da Winning by Design";"Metodologia SPICED da Winning by Design";"Marcio Finkenauer ";"";"marcio.finkenauer@corpay.com.br";"18/09/2026 23:18";"5";""
3597;"Priorização de Carteira de Clientes";"Priorização de Carteira de Clientes";"Francisco Coutinho";"";"francisco.coutinho@crmpiperun.com";"18/09/2026 16:01";"5";"Muito boa aula, rapazeada. "
3388;"SDRs ""Escuta Ativa"" com Guilherme Bonaroti";"Escuta Ativa";"THAMIRES";"";"thamires.ribeiro@corpay.com.br";"18/09/2026 10:27";"5";""
4420;"Módulo 5: Certificação de IA - IA na Gestão de Objeções e no Fechamento";"Módulo 5: Certificação de IA - IA na Gestão de Objeções e no Fechamento";"Israel Silva Anunciacao Aires";"14419877626";"israel.aires@medika.com.br";"18/09/2026 10:19";"5";""
4419;"Módulo 4: Certificação de IA - IA na Proposta e na Comunicação Comercial";"Módulo 4: Certificação de IA - IA na Proposta e na Comunicação Comercial";"Israel Silva Anunciacao Aires";"14419877626";"israel.aires@medika.com.br";"18/09/2026 10:18";"5";""
3370;"SDRs com Gabriel Baeta ""Modelo GPCT""";"Modelo GPCT";"Matheus Moura";"";"matheus.moura@mexx.com.br";"18/09/2026 09:20";"2";""
2995;"PDI - Plano de Desenvolvimento Individual";"PDI - Plano de Desenvolvimento Individual";"Paola Gilier de Franca Pedroso";"";"paola.pedroso@pucpr.br";"18/09/2026 07:58";"5";""
3197;"A reta final da venda: da apresentação do preço ao fechamento";"A reta final da venda: da apresentação do preço ao fechamento";"CLAUDIO NASCIMENTO";"";"claudio.nascimento@corpay.com.br";"17/09/2026 18:56";"5";"Excelente linhas de argumentações e apresentação na forma de negociar esplanada pelo mediador."
3605;"Usando o CRM para gestão de tempo";"Usando o CRM para gestão de tempo";"Vitória Oliveira Silva Claret";"";"vitoria.consorcios@costaesampaioseguros.com.br";"17/09/2026 18:05";"5";""
3651;"Consistência em resultados: como ter previsibilidade para bater metas";"Consistência em resultados: como ter previsibilidade para bater metas";"Gisele Vieira";"";"gisele.vieira@luzagroup.com";"17/09/2026 16:11";"5";""
4450;"Como SDRs negociam atenção, informação e próximos passos antes da oportunidade.";"Como SDRs negociam atenção, informação e próximos passos antes da oportunidade.";"CRISTINA RODRIGUES";"30177132884";"cristina.rodrigues@ptarental.com.br";"17/09/2026 09:15";"5";""
3626;"Como aumentar a conversão melhorando sua proposta comercial";"Como aumentar a conversão melhorando sua proposta comercial";"Yasmin Telles";"";"yptelles@gmail.com";"16/09/2026 21:57";"5";""
3572;" Executivos de Vendas: ""Top performers: habitos , rotinas e atitudes de vendedores";"Top performers: habitos , rotinas e atitudes de vendedores que batem meta";"Yasmin Telles";"";"yptelles@gmail.com";"16/09/2026 17:31";"5";""
3567;"SDRs: ""Planejamento e organização para bater a meta"" com Luciano Tomazi";"Planejamento e organização para bater a meta";"CRISTINA RODRIGUES";"30177132884";"cristina.rodrigues@ptarental.com.br";"16/09/2026 16:13";"5";""
4497;"Arquitetura de concessões: ceder sem destruir margem";"Arquitetura de concessões: ceder sem destruir margem";"Cintia Teresa Tobias";"";"cintia.tobias@centric.com.br";"16/09/2026 14:00";"5";"aprendizagem da melhor qualidade 
"
3517;"SDRs: ""Aumentando a qualidade dos dados em bases de prospecção"" com Paulo Krieser";"Aumentando a qualidade dos dados em bases de prospecção";"Dalila Castro Mosquetti";"";"dalilacastrocomercial@gmail.com";"16/09/2026 13:21";"5";""
3370;"SDRs com Gabriel Baeta ""Modelo GPCT""";"Modelo GPCT";"Renan Michelon";"";"renanmichelom17@gmail.com";"15/09/2026 22:57";"5";""
3864;"Módulo 1: Certificação de Vendedores B2B Prospecção Inteligente e Geração de Demanda";"Certificação de Vendedores B2B";"Cristiane Cunha";"";"facenter.cristiane@gmail.com";"15/09/2026 20:53";"5";""
3760;"Gerando conexão com o lead no primeiro contato";"Gerando conexão com o lead no primeiro contato";"Maicon  Silva";"";"maicon.dasilva@zohocorp.com";"15/09/2026 20:24";"5";"que didática perfeita parabéns pela aula duas mestras. "
3760;"Gerando conexão com o lead no primeiro contato";"Gerando conexão com o lead no primeiro contato";"Michel Luis Caldas de Souza";"";"michel.souza@zohocorp.com";"15/09/2026 18:29";"5";"Amei o conteúdo. Tierri nota 1000."
3041;"Mapeando influenciadores e decisores na venda B2B";"Mapeando influenciadores e decisores na venda B2B";"Mirella Marques";"";"mari.espindola@hotmail.com";"15/09/2026 16:15";"5";""
3750;"Como conduzir vendas de soluções complexas";"Como conduzir vendas de soluções complexas";"Luís Felipe Caetano Silva";"";"l.caetano@vtech-br.com";"15/09/2026 14:35";"5";""
4418;"Módulo 3: Certificação de IA - IA na Qualificação e na Reunião de Descoberta";"Módulo 3: Certificação de IA - IA na Qualificação e na Reunião de Descoberta";"CRISTINA RODRIGUES";"30177132884";"cristina.rodrigues@ptarental.com.br";"15/09/2026 13:57";"5";""
4420;"Módulo 5: Certificação de IA - IA na Gestão de Objeções e no Fechamento";"Módulo 5: Certificação de IA - IA na Gestão de Objeções e no Fechamento";"CRISTINA RODRIGUES";"30177132884";"cristina.rodrigues@ptarental.com.br";"15/09/2026 13:56";"5";""
4034;"Mapeando o Perfil Comportamental do seu Lead (Metodologia DISC)";"Mapeando o Perfil Comportamental do seu Lead (Metodologia DISC)";"CRISTINA RODRIGUES";"30177132884";"cristina.rodrigues@ptarental.com.br";"15/09/2026 13:56";"5";""
4008;"Matriz de Kraljic: como comprador compra o seu produto";"Matriz de Kraljic: como comprador compra o seu produto";"CRISTINA RODRIGUES";"30177132884";"cristina.rodrigues@ptarental.com.br";"15/09/2026 13:56";"5";""
3060;"Metodologia MEDDPICC para vendas enterprise";"Metodologia MEDDPICC para vendas enterprise";"Mirella Marques";"";"mari.espindola@hotmail.com";"15/09/2026 13:54";"5";""
4554;"Módulo 5: Certificação de IA - IA na Gestão de Objeções e no Fechamento";"Certificação em Inteligência Artificial em Vendas B2B";"CRISTINA RODRIGUES";"30177132884";"cristina.rodrigues@ptarental.com.br";"15/09/2026 12:54";"5";""
3723;"Como vender para diferentes perfis comportamentais (DISC)";"Como vender para diferentes perfis comportamentais (DISC)";"Dalila Castro Mosquetti";"";"dalilacastrocomercial@gmail.com";"15/09/2026 12:53";"5";""
3502;"Construção (e evolução) de cadências de prospecção ativa";"Construção (e evolução) de cadências de prospecção ativa";"Stefane Lima";"";"stefane.lima@luzagroup.com";"15/09/2026 10:30";"5";""
3510;"SDRs: ""Transformar objeções em oportunidades"" com Winnicius Cunha";"Transformar objeções em oportunidades";"Stefane Lima";"";"stefane.lima@luzagroup.com";"15/09/2026 10:28";"5";""
3836;"WhatsApp que converte: como conduzir a conversa até a reunião";"WhatsApp que converte: como conduzir a conversa até a reunião";"Iris da Silva Martins Pereira";"45597045890";"iris.mpereira@corpay.com.br";"15/09/2026 10:01";"5";""
4496;"Fundamentos e preparação da negociação B2B";"Fundamentos e preparação da negociação B2B ";"Natanael	Lavarda";"";"natanael.lavarda@questores.com.br";"15/09/2026 08:48";"5";""
4034;"Mapeando o Perfil Comportamental do seu Lead (Metodologia DISC)";"Mapeando o Perfil Comportamental do seu Lead (Metodologia DISC)";"Matheus Moura";"";"matheus.moura@mexx.com.br";"15/09/2026 08:11";"5";""
4472;"Criando credibilidade em poucos segundos em ligações";"Criando credibilidade em poucos segundos em ligações";"CRISTINA RODRIGUES";"30177132884";"cristina.rodrigues@ptarental.com.br";"14/09/2026 16:37";"5";""
3199;"Como fazer vendas para grandes contas";"Como fazer vendas para grandes contas";"Dalila Castro Mosquetti";"";"dalilacastrocomercial@gmail.com";"14/09/2026 16:35";"5";""
4496;"Fundamentos e preparação da negociação B2B";"Fundamentos e preparação da negociação B2B ";"CRISTINA RODRIGUES";"30177132884";"cristina.rodrigues@ptarental.com.br";"14/09/2026 16:33";"5";""
4477;"Módulo 2: Certificação de IA - IA na Prospecção Pesquisa, Personalização e Ritmo";"Certificação em Inteligência Artificial em Vendas B2B";"CRISTINA RODRIGUES";"30177132884";"cristina.rodrigues@ptarental.com.br";"14/09/2026 16:31";"5";""
4454;"Como funciona uma área de compras profissional";"Como funciona uma área de compras profissional?";"DANIELA FERNANDES";"";"daniela.fernandes@ptarental.com.br";"14/09/2026 16:17";"5";""
3347;"SDRs com Jessica Bosco e Fernanda Garcia “Técnicas de Cold Calling”";"Técnicas de Cold Calling";"Alice Dorneles Moreira";"";"alicemoreira@magnobarth.com.br";"14/09/2026 15:03";"5";""
3961;"Como aprofundar o diagnóstico na primeira conversa";"Como aprofundar o diagnóstico na primeira conversa";"Dalila Castro Mosquetti";"";"dalilacastrocomercial@gmail.com";"14/09/2026 14:40";"5";""
4472;"Criando credibilidade em poucos segundos em ligações";"Criando credibilidade em poucos segundos em ligações";"Monalisa Silva";"";"monalisa.silva@tmimice.com.br";"14/09/2026 14:00";"5";""
4472;"Criando credibilidade em poucos segundos em ligações";"Criando credibilidade em poucos segundos em ligações";"Larissa Frutuoso Chamarro";"38864294821";"larissa.oliveira@magis5.com.br";"14/09/2026 13:58";"5";""
3770;"Storytelling para SDR: como abrir conversas sem soar genérico";"Storytelling para SDR: como abrir conversas sem soar genérico";"LUCIANA APARECIDA ARRUDA TARGINO DE SOUZA";"";"luciana.arruda@grupoeletrolar.com.br";"14/09/2026 13:15";"5";""
3718;"Qualificação de oportunidades com SPIN Selling";"Qualificação de oportunidades com SPIN Selling";"Everton Domiciano";"";"everton.domiciano@grupodecio.com.br";"14/09/2026 12:43";"5";""
4036;"Módulo 6: Especialização em Prospecção - Mapa de Poder & Multi-Threading";"Programa Especialização em Prospecção";"LUCIANA APARECIDA ARRUDA TARGINO DE SOUZA";"";"luciana.arruda@grupoeletrolar.com.br";"14/09/2026 12:03";"5";""
3187;"Como fazer uma apresentação comercial matadora";"Como fazer uma apresentação comercial matadora";"Luana Guerra";"";"luana.torres@radadvogados.com.br";"12/09/2026 22:16";"5";""
3571;"Executivos de Vendas: ""Técnicas de oratória para executivos de vendas"" com Beatriz Ko ";"Técnicas de oratória para executivos de vendas";"Luana Guerra";"";"luana.torres@radadvogados.com.br";"12/09/2026 22:16";"5";""
3489;"SDRs: ""Contorno de objeções na prospecção B2B"" com Jordete Braga";"Contorno de objeções na prospecção B2B";"Luciane";"";"luciane3711@hotmail.com";"12/09/2026 12:29";"5";""
3083;"Forecast de Vendas: Processos e Previsibilidade";"Forecast de Vendas: Processos e Previsibilidade";"Gisele Vieira";"";"gisele.vieira@luzagroup.com";"11/09/2026 16:23";"5";"Muito bom!"
3772;"Técnicas de Rapport para prospecção";"Técnicas de Rapport para prospecção";"Michel Luis Caldas de Souza";"";"michel.souza@zohocorp.com";"11/09/2026 16:17";"5";"Conteúdo maravilhoso!"
3734;"Arquitetura de Vendas de Alta Performance";"Arquitetura de Vendas de Alta Performance";"André	Cordeiro";"38939086848";"andre@bakkenhospitalar.com.br";"11/09/2026 15:13";"5";"Conteúdo sensacional, poderia ser uma aula de 03h haha"
3861;"Módulo 1: Programa de Gestão - Estratégia de Posicionamento e Planejamento Comercial";"Módulo 1: Programa de Gestão - Estratégia de Posicionamento e Planejamento Comercial";"Dalila Castro Mosquetti";"";"dalilacastrocomercial@gmail.com";"11/09/2026 15:11";"5";""
3876;"Módulo 5 - Rotinas de gestão comercial rituais, processos e ferramentas";"Programa de Gestão de Vendas B2B";"Jessica Amaral";"";"jessica.amaral@gruposkill.com.br";"11/09/2026 14:46";"5";"Conteúdo muito valioso! Foram vários insights que já estou mapeando e aplicando com o meu time. Além disso, as interações com os participantes foram excelentes, principalmente para trocar experiências e perceber que algumas situações que vivenciamos no dia a dia não acontecem só comigo. 😂 Isso também trouxe ótimas perspectivas e aprendizados!
"
4420;"Módulo 5: Certificação de IA - IA na Gestão de Objeções e no Fechamento";"Módulo 5: Certificação de IA - IA na Gestão de Objeções e no Fechamento";"Fernanda Cristina Holzlsauer Favaro";"26924425801";"fernanda.favaro@corpay.com.br";"11/09/2026 11:17";"5";""
3774;"Reuniões com C-level: abordagem consultiva para ganhar credibilidade";"Reuniões com C-level: abordagem consultiva para ganhar credibilidade";"CLAUDIO NASCIMENTO";"";"claudio.nascimento@corpay.com.br";"10/09/2026 19:48";"4";"Boas trocas e estrategias aos Clevels."
4019;"Como aplicar ABM em pré-vendas";"Como aplicar ABM em pré-vendas";"Dalila Castro Mosquetti";"";"dalilacastrocomercial@gmail.com";"10/09/2026 17:45";"5";""
4437;"Case Real";"Metodologia TP WEB";"Tainá Santos";"";"santos.taina@totalpass.com.br";"10/09/2026 17:04";"5";""
3039;"119. PipeLovers Executivos de Vendas: ";"Gatilhos que aceleram a jornada de compra";"Bruna Maziero";"";"bmaziero@softexpert.com";"10/09/2026 16:53";"5";""
2034;"Segmentação de Canais e Parceiros";"CANAIS E PARCERIAS";"CARLOS ALBERTO MARINHO CAPOSSOLI";"";"carlos.marinho@corpay.com.br";"10/09/2026 15:13";"5";"Excelente"
3609;"Feiras e Eventos: hacks para valer a pena para o vendedor";"Feiras e Eventos: hacks para valer a pena para o vendedor";"Moisés Souza de Paula";"";"moidepaula@hotmail.com";"10/09/2026 15:08";"5";""
3147;"Pipeline de Parcerias Estratégicas";"Pipeline de Parcerias Estratégicas";"CARLOS ALBERTO MARINHO CAPOSSOLI";"";"carlos.marinho@corpay.com.br";"10/09/2026 14:04";"5";"Muito bom."
3745;"10 verdades que aceleram seu desenvolvimento profissional";"10 verdades que aceleram seu desenvolvimento profissional";"Cleisson Leandro";"";"cleisson@hartbau.com.br";"10/09/2026 13:18";"5";""
4486;"Quizz | Onboarding B2B";"Quizz Base B2B | TotalPass";"Tainá Santos";"";"santos.taina@totalpass.com.br";"10/09/2026 12:34";"5";""
4411;"Produto TotalPass (Parte 4)";"Produtos TotalPass";"Tainá Santos";"";"santos.taina@totalpass.com.br";"10/09/2026 12:30";"5";""
1953;"162 - Metodologia GPCT para qualificação de oportunidades com Jony Nardes";"Metodologia GPCT para qualificação de oportunidades";"Maria Luiza	Maluf Zanetti";"";"maria.zanetti@monde.com.br";"10/09/2026 11:44";"5";"Adorei essa aula!"
3639;"Estratégias de cadência no WhatsApp para leads inbound";"Estratégias de cadência no WhatsApp para leads inbound";"Moisés Souza de Paula";"";"moidepaula@hotmail.com";"10/09/2026 10:54";"5";""
4008;"Matriz de Kraljic: como comprador compra o seu produto";"Matriz de Kraljic: como comprador compra o seu produto";"Jéssica Sansigolo";"";"jessica.sansigolo@img.com.br";"09/09/2026 23:28";"5";""
4195;"Para quem vendemos";"Para quem vendemos";"Tainá Santos";"";"santos.taina@totalpass.com.br";"09/09/2026 17:04";"5";""
4191;"Jornada do Cliente";"Jornada do Cliente";"Tainá Santos";"";"santos.taina@totalpass.com.br";"09/09/2026 16:29";"5";""
4036;"Módulo 6: Especialização em Prospecção - Mapa de Poder & Multi-Threading";"Programa Especialização em Prospecção";"Amanda Querois";"";"vendas4.elloforterp@grupovocical.com.br";"09/09/2026 15:03";"5";""
4034;"Mapeando o Perfil Comportamental do seu Lead (Metodologia DISC)";"Mapeando o Perfil Comportamental do seu Lead (Metodologia DISC)";"Dalila Castro Mosquetti";"";"dalilacastrocomercial@gmail.com";"09/09/2026 14:13";"5";""
4496;"Fundamentos e preparação da negociação B2B";"Fundamentos e preparação da negociação B2B ";"Cintia Teresa Tobias";"";"cintia.tobias@centric.com.br";"09/09/2026 14:06";"5";"Toda aula do Ronaldo, é uma inspiração. "
4478;"Módulo 3: Certificação de IA - IA na Qualificação e na Reunião de Descoberta";"Certificação em Inteligência Artificial em Vendas B2B";"Luís Felipe Caetano Silva";"";"l.caetano@vtech-br.com";"09/09/2026 12:59";"5";""
3718;"Qualificação de oportunidades com SPIN Selling";"Qualificação de oportunidades com SPIN Selling";"CAROLINE";"";"caroline.campos@fleetcor.com.br";"09/09/2026 12:35";"5";""
4210;"Carreira em Y para Vendedores";"Carreira em Y para Vendedores";"Matheus Moura";"";"matheus.moura@mexx.com.br";"09/09/2026 09:31";"5";""
3239;"Criação de bases de prospecção com LDRs";"Criação de bases de prospecção com LDRs";"Matheus Moura";"";"matheus.moura@mexx.com.br";"09/09/2026 09:11";"5";""
3666;"Novo Material";"Como vender mais em feiras e eventos";"Matheus Moura";"";"matheus.moura@mexx.com.br";"09/09/2026 07:27";"5";""
3556;"SDRs: ""Como expandir sua rede em eventos"" com Gabriela Ehlert";"Como expandir sua rede em eventos";"Matheus Moura";"";"matheus.moura@mexx.com.br";"09/09/2026 07:05";"5";""
3609;"Feiras e Eventos: hacks para valer a pena para o vendedor";"Feiras e Eventos: hacks para valer a pena para o vendedor";"Matheus Moura";"";"matheus.moura@mexx.com.br";"09/09/2026 06:53";"5";""
4048;"Gatilhos Mentais para contorno de objeções e fechamento";"Gatilhos Mentais para contorno de objeções e fechamento";"Pedro Xavier ";"";"phxferreira@outlook.com";"08/09/2026 21:31";"5";""
3818;"Técnicas de negociação de preço e desconto";"Técnicas de negociação de preço e desconto";"Enilton de Figueiredo Ineu";"94940681068";"enilton.figueiredo@bodipasa.com.br";"08/09/2026 16:47";"4";""
3304;"SDRs com Gustavo Pagotto ";"Aprendizados de 100 Mentorias para SDRs";"Lucas da Silva de Oliveira";"";"lucas.oliveira@monde.com.br";"08/09/2026 16:32";"5";""
4482;"Reativação de leads com base histórica do CRM";"Reativação de leads com base histórica do CRM";"Maria Helena Batista";"";"maria.helena@predialize.com.br";"08/09/2026 14:03";"5";""
4482;"Reativação de leads com base histórica do CRM";"Reativação de leads com base histórica do CRM";"Lucas da Silva de Oliveira";"";"lucas.oliveira@monde.com.br";"08/09/2026 14:01";"5";""
4420;"Módulo 5: Certificação de IA - IA na Gestão de Objeções e no Fechamento";"Módulo 5: Certificação de IA - IA na Gestão de Objeções e no Fechamento";"Matheus Moura";"";"matheus.moura@mexx.com.br";"08/09/2026 11:37";"5";""
4418;"Módulo 3: Certificação de IA - IA na Qualificação e na Reunião de Descoberta";"Módulo 3: Certificação de IA - IA na Qualificação e na Reunião de Descoberta";"Matheus Moura";"";"matheus.moura@mexx.com.br";"08/09/2026 10:55";"4";""
4420;"Módulo 5: Certificação de IA - IA na Gestão de Objeções e no Fechamento";"Módulo 5: Certificação de IA - IA na Gestão de Objeções e no Fechamento";"Carlos Dias";"";"carlosdias@nasajon.com.br";"08/09/2026 09:29";"5";""
4479;"Work-life Balance: técnicas para um equilibrio saudável";"Work-life Balance: técnicas para um equilibrio saudável";"Pedro Xavier ";"";"phxferreira@outlook.com";"04/09/2026 16:23";"5";""
4420;"Módulo 5: Certificação de IA - IA na Gestão de Objeções e no Fechamento";"Módulo 5: Certificação de IA - IA na Gestão de Objeções e no Fechamento";"Lucas da Silva de Oliveira";"";"lucas.oliveira@monde.com.br";"04/09/2026 10:59";"5";""
4047;"Oratória em reuniões e apresentações comerciais";"Oratória em reuniões e apresentações comerciais";"Pedro Xavier ";"";"phxferreira@outlook.com";"04/09/2026 07:50";"5";""
4046;"Linguagem persuasiva na comunicação verbal e não-verbal";"Linguagem persuasiva na comunicação verbal e não-verbal";"Pedro Xavier ";"";"phxferreira@outlook.com";"03/09/2026 21:15";"5";""
4543;"Aula 4: Métricas e rituais de gestão de programas de indicação";"Programa de Indicação de Clientes";"Dalila Castro Mosquetti";"";"dalilacastrocomercial@gmail.com";"03/09/2026 15:53";"5";""
4524;"Aula 1: A indicação como canal de vendas ";"Programa de Indicação de Clientes";"Dalila Castro Mosquetti";"";"dalilacastrocomercial@gmail.com";"03/09/2026 15:51";"5";""
4525;"Aula 2: A persona do indicador e a definição do modelo de recompensa";"Programa de Indicação de Clientes";"Dalila Castro Mosquetti";"";"dalilacastrocomercial@gmail.com";"03/09/2026 15:50";"5";""
3041;"Mapeando influenciadores e decisores na venda B2B";"Mapeando influenciadores e decisores na venda B2B";"CRISTINA RODRIGUES";"30177132884";"cristina.rodrigues@ptarental.com.br";"03/09/2026 15:15";"5";""
3269;"Construção de metas comerciais";"Construção de metas comerciais";"Renato da Silva Rodrigues de Oliveira";"07265731670";"comercial@growmate.io";"03/09/2026 15:00";"5";""
3516;"SDRs: ""Planejamento de atividades diárias para maximizar a qualificação de leads"" com B";"Planejamento de atividades diárias para maximizar a qualificação de leads";"Lucas da Silva de Oliveira";"";"lucas.oliveira@monde.com.br";"03/09/2026 13:54";"5";""
3718;"Qualificação de oportunidades com SPIN Selling";"Qualificação de oportunidades com SPIN Selling";"Pedro Bismarques";"";"pbismarquestecnologia@gmail.com";"03/09/2026 11:05";"5";"EXCELENTE CONTEUDO! DESENVOLVENDO UMA NOVA HABILIDADE! "
4055;"Módulo 1: Certificação de IA - Fundamentos de IA em vendas";"Módulo 1: Certificação de IA - Fundamentos de IA em vendas";"Alexsandro  Cordeiro";"";"alexsandro@boxti.com.br";"03/09/2026 10:20";"5";""
3937;"Módulo 1: Especialização em Prospecção - Geração de Demanda Prevísivel";"Programa Especialização em Prospecção";"Monalisa Silva";"";"monalisa.silva@tmimice.com.br";"02/09/2026 22:35";"5";""
4214;"Técnicas de Storytelling em Vendas";"Técnicas de Storytelling em Vendas";"Pedro Xavier ";"";"phxferreira@outlook.com";"02/09/2026 21:03";"5";""
3790;"Conteúdos e habilidades que um profissional de Gestão Comercial precisa saber";"Inicie sua jornada de Gestão por aqui";"Dalila Castro Mosquetti";"";"dalilacastrocomercial@gmail.com";"02/09/2026 18:25";"5";""
3787;"Tudo o que você precisa saber sobre a Universidade Pipelovers";"Inicie sua jornada de Gestão por aqui";"Dalila Castro Mosquetti";"";"dalilacastrocomercial@gmail.com";"02/09/2026 18:24";"5";""
4166;"Contexto histórico";"Introdução ao pré-vendas";"Dalila Castro Mosquetti";"";"dalilacastrocomercial@gmail.com";"02/09/2026 18:20";"5";""
4422;"Acesse a área da Rapport";"Acesso Rapport";"Dalila Castro Mosquetti";"";"dalilacastrocomercial@gmail.com";"02/09/2026 17:49";"5";""
3602;"Qualificação de Oportunidades";"Qualificação de Oportunidades";"Dalila Castro Mosquetti";"";"dalilacastrocomercial@gmail.com";"02/09/2026 16:25";"5";""
3041;"Mapeando influenciadores e decisores na venda B2B";"Mapeando influenciadores e decisores na venda B2B";"Dalila Castro Mosquetti";"";"dalilacastrocomercial@gmail.com";"02/09/2026 16:25";"5";""
3727;"Como gerar mais oportunidades de vendas utilizando um fluxo de cadências na prospecção";"Como gerar mais oportunidades de vendas utilizando um fluxo de cadências na prospecção";"DANIELA FERNANDES";"";"daniela.fernandes@ptarental.com.br";"02/09/2026 15:24";"5";""
3197;"A reta final da venda: da apresentação do preço ao fechamento";"A reta final da venda: da apresentação do preço ao fechamento";"Jefferson";"";"jefferson.cavalcanti@luzagroup.com";"02/09/2026 15:05";"2";""
3848;"Metodologia BANT para qualificação de oportunidades";"Metodologia BANT para qualificação de oportunidades";"Lucas da Silva de Oliveira";"";"lucas.oliveira@monde.com.br";"02/09/2026 14:49";"3";""
4055;"Módulo 1: Certificação de IA - Fundamentos de IA em vendas";"Módulo 1: Certificação de IA - Fundamentos de IA em vendas";"Cintia Teresa Tobias";"";"cintia.tobias@centric.com.br";"02/09/2026 14:29";"5";"Super aula"
3729;"Estratégias Diferenciadas em Vendas Complexas";"Estratégias Diferenciadas em Vendas Complexas";"DANIELA FERNANDES";"";"daniela.fernandes@ptarental.com.br";"02/09/2026 14:24";"5";""
3643;"Acelerando Negociações: Técnicas práticas para fechamento";"Acelerando Negociações: Técnicas práticas para fechamento";"DANIELA FERNANDES";"";"daniela.fernandes@ptarental.com.br";"02/09/2026 14:23";"5";""
3281;"Planejamento Anual de Vendas";"Planejamento Anual de Vendas";"Eduardo	Peres";"";"eduardo.peres@uinspect.com.br";"02/09/2026 14:20";"5";""
3213;"Saúde financeira pra quem vive de meta";"Saúde financeira pra quem vive de meta";"Maria Luiza	Maluf Zanetti";"";"maria.zanetti@monde.com.br";"02/09/2026 12:49";"5";""
3239;"Criação de bases de prospecção com LDRs";"Criação de bases de prospecção com LDRs";"Eduarda Vieira da Silva";"";"eduarda.silva@mexx.com.br";"02/09/2026 11:38";"5";""
3566;"SDRs: ";"Cold Calling Sucks: dicas do livro para perder o medo e fazer ligações";"Lucas da Silva de Oliveira";"";"lucas.oliveira@monde.com.br";"02/09/2026 11:23";"5";""
3571;"Executivos de Vendas: ""Técnicas de oratória para executivos de vendas"" com Beatriz Ko ";"Técnicas de oratória para executivos de vendas";"DANIELA FERNANDES";"";"daniela.fernandes@ptarental.com.br";"02/09/2026 10:33";"5";""
2503;"O que é Revenue Operations?";"O que é Revenue Operations?";"GUSTAVO HENRIQUE";"";"gustavo.henrique@grupodecio.com.br";"01/09/2026 22:39";"5";""
3010;"""Challenger Sales"": a venda desafiadora";"""Challenger Sales"": a venda desafiadora";"CLAUDIO NASCIMENTO";"";"claudio.nascimento@corpay.com.br";"01/09/2026 20:57";"5";"Excelentes insights e reflexões."
3990;"Gestão de carteira de parceiros com a Matriz RFM";"Gestão de carteira de parceiros com a Matriz RFM";"Matheus Moura";"";"matheus.moura@mexx.com.br";"01/09/2026 16:35";"3";""
3510;"SDRs: ""Transformar objeções em oportunidades"" com Winnicius Cunha";"Transformar objeções em oportunidades";"Lucas da Silva de Oliveira";"";"lucas.oliveira@monde.com.br";"01/09/2026 16:11";"4";""
4008;"Matriz de Kraljic: como comprador compra o seu produto";"Matriz de Kraljic: como comprador compra o seu produto";"Eduardo";"";"eduardo.jesus@grupodecio.com.br";"01/09/2026 14:49";"5";""
3566;"SDRs: ";"Cold Calling Sucks: dicas do livro para perder o medo e fazer ligações";"Anderson Konichi";"";"radcomercial11@gmail.com";"01/09/2026 08:27";"5";""
3988;"Estrutura de mensagens de abertura que despertam interesse";"Estrutura de mensagens de abertura que despertam interesse";"DANIELA FERNANDES";"";"daniela.fernandes@ptarental.com.br";"31/08/2026 17:38";"5";""
4479;"Work-life Balance: técnicas para um equilibrio saudável";"Work-life Balance: técnicas para um equilibrio saudável";"Marco";"";"salmeida.marco@yahoo.com";"31/08/2026 17:10";"5";""
3664;"Estratégias de venda para base";"Estratégias de venda para base";"DANIELA FERNANDES";"";"daniela.fernandes@ptarental.com.br";"31/08/2026 16:45";"5";""
3563;"SDRs: ";"Os 8 Ímãs da atenção: Capturando o interesse do lead desde o primeiro contato";"BEATRIZ TOMÉ DA SILVA";"";"cadastro@grupoeletrolar.com.br";"31/08/2026 16:31";"5";""
4198;"Estrutura de condução e apresentações de vendas";"Estrutura de condução e apresentações de vendas";"Pedro Xavier ";"";"phxferreira@outlook.com";"31/08/2026 16:31";"5";""
3380;"SDRs ""Fluxos de Cadência de Prospecção"" com Matheus Quirino";"Fluxos de Cadência de Prospecção";"NAYARA MAIA";"";"comercial.nayara@goolifebr.com.br";"31/08/2026 15:51";"3";""
4491;"Venda Mais: Desbloqueie Sua Performance em Vendas";"Venda Mais: Desbloqueie Sua Performance em Vendas";"Matheus Gomes";"";"matheus.gomes@pipelovers.net";"31/08/2026 15:40";"5";""
4473;"Criando discursos de prospecção para novas ofertas";"Criando discursos de prospecção para novas ofertas";"Monalisa Silva";"";"monalisa.silva@tmimice.com.br";"31/08/2026 13:56";"5";""
3316;"Prova de Conceito (POC): quando usar, como alinhar e gerar conversão";"Prova de Conceito (POC): quando usar, como alinhar e gerar conversão";"Matheus Moura";"";"matheus.moura@mexx.com.br";"31/08/2026 13:14";"5";""
3632;"Prática de negociação com metodologia de Harvard";"Prática de negociação com metodologia de Harvard";"DANIELA FERNANDES";"";"daniela.fernandes@ptarental.com.br";"31/08/2026 10:44";"5";""
3296;"Indicadores das empresas que ajudam os gestores comerciais";"Indicadores das empresas que ajudam os gestores comerciais";"GUSTAVO HENRIQUE";"";"gustavo.henrique@grupodecio.com.br";"31/08/2026 09:22";"5";""
3922;"ACELERANDO NEGOCIAÇÕES: HACKS PRÁTICOS PARA FECHAMENTO";"ACELERANDO NEGOCIAÇÕES: HACKS PRÁTICOS PARA FECHAMENTO";"Vera";"";"vera.pavan96@gmail.com";"29/08/2026 17:16";"3";""
3852;"Módulo 3: Certificação de Vendedores B2B - Negociação e Fechamento";"Módulo 3: Certificação de Vendedores B2B - Negociação e Fechamento";"Vera";"";"vera.pavan96@gmail.com";"29/08/2026 16:11";"5";""
3729;"Estratégias Diferenciadas em Vendas Complexas";"Estratégias Diferenciadas em Vendas Complexas";"Pedro Xavier ";"";"phxferreira@outlook.com";"29/08/2026 14:56";"4";""
3718;"Qualificação de oportunidades com SPIN Selling";"Qualificação de oportunidades com SPIN Selling";"Camila Carvalho";"";"camila.decarvalho@thomsonreuters.com";"29/08/2026 14:52";"5";"Spin é demais."
3122;"Criando uma Cultura de Alta Performance";"Criando uma Cultura de Alta Performance";"GUSTAVO HENRIQUE";"";"gustavo.henrique@grupodecio.com.br";"29/08/2026 12:15";"5";""
3718;"Qualificação de oportunidades com SPIN Selling";"Qualificação de oportunidades com SPIN Selling";"CLAUDIO NASCIMENTO";"";"claudio.nascimento@corpay.com.br";"28/08/2026 21:17";"5";"Muito bom os esclarecimentos e etapas do Spin Selling."
3444;"Pré-Vendas: ""Práticas de comunicação escrita efetiva"" com Daniela Souza";"Práticas de comunicação escrita efetiva";"Camila Carvalho";"";"camila.decarvalho@thomsonreuters.com";"28/08/2026 21:04";"5";""
3072;"Como gerar engajamento em reuniões online";"Como gerar engajamento em reuniões online";"Yago Souza";"";"yago.souza@webrota.com.br";"28/08/2026 17:42";"5";""
3452;"SDRs: ""Você está qualificando ou só fazendo agendamento?"" com Dhionas Roell";"Você está qualificando ou só fazendo agendamento?";"Larissa Frutuoso Chamarro";"38864294821";"larissa.oliveira@magis5.com.br";"28/08/2026 16:25";"5";""
3200;"O impacto de comunicar a estratégia da empresa para vendedores";"O impacto de comunicar a estratégia da empresa para vendedores";"GUSTAVO HENRIQUE";"";"gustavo.henrique@grupodecio.com.br";"28/08/2026 15:48";"5";""
3183;"Como ser interessante sem ser interesseiro";"Como ser interessante sem ser interesseiro";"Larissa Frutuoso Chamarro";"38864294821";"larissa.oliveira@magis5.com.br";"28/08/2026 15:12";"5";""
4491;"Venda Mais: Desbloqueie Sua Performance em Vendas";"Venda Mais: Desbloqueie Sua Performance em Vendas";"PATRICIA MELLO";"";"patricia.fernandes@corpay.com.br";"28/08/2026 11:53";"5";"Conteúdo super adequado "
3061;"Como calcular e demonstrar o ROI para o cliente";"Como calcular e demonstrar o ROI para o cliente";"Yago Souza";"";"yago.souza@webrota.com.br";"28/08/2026 08:16";"5";""
3312;"Otimização de processos manuais com IA";"Otimização de processos manuais com IA";"Izabela Cristina da Silva Martins";"02000196195";"izabela.comercial@determix.com.br";"27/08/2026 22:14";"5";""
4528;"Aula 2: Linguagem persuasiva na comunicação verbal e não-verbal";"Oratória para Vendedores B2B  ";"DANIELA FERNANDES";"";"daniela.fernandes@ptarental.com.br";"27/08/2026 17:33";"5";""
3364;"SDRs com Bianca Junqueira ""SPIN Selling na Prospecção""";"SPIN Selling na Prospecção";"Lucas da Silva de Oliveira";"";"lucas.oliveira@monde.com.br";"27/08/2026 17:03";"5";""
3406;"Estratégias Win-Win: Como construir sinergia real com parceiros";"Estratégias Win-Win: Como construir sinergia real com parceiros";"CARLOS ALBERTO MARINHO CAPOSSOLI";"";"carlos.marinho@corpay.com.br";"27/08/2026 16:19";"5";"Bom"
4034;"Mapeando o Perfil Comportamental do seu Lead (Metodologia DISC)";"Mapeando o Perfil Comportamental do seu Lead (Metodologia DISC)";"DANIELA FERNANDES";"";"daniela.fernandes@ptarental.com.br";"27/08/2026 14:39";"5";""
3023;"Gestão de relacionamento com parceiros estratégicos";"Gestão de relacionamento com parceiros estratégicos";"CARLOS ALBERTO MARINHO CAPOSSOLI";"";"carlos.marinho@corpay.com.br";"27/08/2026 12:54";"4";"BOM "
3178;"Primeiros passos para criar um playbook de canais";"Primeiros passos para criar um playbook de canais";"CARLOS ALBERTO MARINHO CAPOSSOLI";"";"carlos.marinho@corpay.com.br";"27/08/2026 12:06";"4";"GOSTEI"
4451;"Ciclo de feedback de leads entre pré-vendas e marketing";"Ciclo de feedback de leads entre pré-vendas e marketing";"Cintia Teresa Tobias";"";"cintia.tobias@centric.com.br";"26/08/2026 18:29";"5";""
3919;"Metodologia GPCT para qualificação de oportunidades";"Metodologia GPCT para qualificação de oportunidades";"Alice Dorneles Moreira";"";"alicemoreira@magnobarth.com.br";"26/08/2026 16:35";"5";""
4175;"MTD";"Introdução ao pré-vendas";"Bianca	Marques";"";"bianca.marques@monde.com.br";"26/08/2026 13:29";"5";"Queira muito fazer parte da rapport, está sendo um oportunidade perfeita ♥"
4477;"Módulo 2: Certificação de IA - IA na Prospecção Pesquisa, Personalização e Ritmo";"Certificação em Inteligência Artificial em Vendas B2B";"Michel Luis Caldas de Souza";"";"michel.souza@zohocorp.com";"25/08/2026 20:01";"5";""
3331;"Engajamento de Parceiros";"Engajamento de Parceiros";"CARLOS ALBERTO MARINHO CAPOSSOLI";"";"carlos.marinho@corpay.com.br";"25/08/2026 17:42";"4";"Bom."
3502;"Construção (e evolução) de cadências de prospecção ativa";"Construção (e evolução) de cadências de prospecção ativa";"Nivia";"";"nivia.rodrigues@itau-unibanco.com.br";"25/08/2026 17:32";"5";"Samanta é ótima, bom conteúdo e muita aplicabilidade."
3553;"SDRs: ""CAC e LTV: O que esses números significam para a prospecção?"" com Pedro Assis";"CAC e LTV: O que esses números significam para a prospecção?";"Eduarda Vieira da Silva";"";"eduarda.silva@mexx.com.br";"25/08/2026 13:34";"3";""
3528;"SDRs: ""Ciência para validação de mensagens de prospecção"" com Kayuá Freitas ";"Ciência para validação de mensagens de prospecção";"Eduarda Vieira da Silva";"";"eduarda.silva@mexx.com.br";"25/08/2026 11:19";"1";""
4479;"Work-life Balance: técnicas para um equilibrio saudável";"Work-life Balance: técnicas para um equilibrio saudável";"DANIELA FERNANDES";"";"daniela.fernandes@ptarental.com.br";"25/08/2026 10:08";"5";""
2998;"Metodologia SPICED da Winning by Design";"Metodologia SPICED da Winning by Design";"Isabela Torres";"";"isabela.torres@mexx.com.br";"25/08/2026 10:02";"5";""
3618;"A jornada do onboarding à promoção";"A jornada do onboarding à promoção";"Paola Gilier de Franca Pedroso";"";"paola.pedroso@pucpr.br";"25/08/2026 10:00";"5";""
4050;"SDR + copiloto de IA: papéis e responsabilidades";"SDR + copiloto de IA: papéis e responsabilidades";"CARLOS ALBERTO MARINHO CAPOSSOLI";"";"carlos.marinho@corpay.com.br";"25/08/2026 08:44";"5";"GOSTEI MUITO."
4419;"Módulo 4: Certificação de IA - IA na Proposta e na Comunicação Comercial";"Módulo 4: Certificação de IA - IA na Proposta e na Comunicação Comercial";"Matheus Moura";"";"matheus.moura@mexx.com.br";"25/08/2026 07:43";"4";""
4210;"Carreira em Y para Vendedores";"Carreira em Y para Vendedores";"Pedro Xavier ";"";"phxferreira@outlook.com";"24/08/2026 21:34";"5";""
4492;"Módulo 4: Certificação de IA - IA na Proposta e na Comunicação Comercial";"Certificação em Inteligência Artificial em Vendas B2B";"Carina Tomaszewski Pereira";"";"cpereira@foursales-company.com";"24/08/2026 16:42";"4";""
3661;" Recuperando a confiança em momentos de baixo desempenho";"Recuperando a confiança em momentos de baixo desempenho";"Yasmin Bustamante Afonso";"44257094893";"yasmin@kamino.com.br";"24/08/2026 16:36";"5";""
3994;"Estratégias para cultivar relacionamentos com clientes e gerar novas oportunidades";"Estratégias para cultivar relacionamentos com clientes e gerar novas oportunidades";"DANIELA FERNANDES";"";"daniela.fernandes@ptarental.com.br";"24/08/2026 13:54";"5";""
3794;"Conteúdos e habilidades que um profissional de Pré Vendas precisa saber";"Inicie sua jornada de Pré Vendas por aqui";"DANIELA FERNANDES";"";"daniela.fernandes@ptarental.com.br";"24/08/2026 13:42";"5";""
3792;"Criando a cultura de treinamento na sua empresa";"Inicie sua jornada de Pré Vendas por aqui";"DANIELA FERNANDES";"";"daniela.fernandes@ptarental.com.br";"24/08/2026 13:10";"5";""
4050;"SDR + copiloto de IA: papéis e responsabilidades";"SDR + copiloto de IA: papéis e responsabilidades";"Lara Abreu";"";"laraaguiarabreu@gmail.com";"24/08/2026 12:22";"5";""
3786;"Conteúdos e habilidades que um profissional de Vendas precisa saber";"Inicie sua jornada para Executivos por aqui";"DANIELA FERNANDES";"";"daniela.fernandes@ptarental.com.br";"24/08/2026 10:02";"5";""
3584;"Como ajustar seu discurso para diferentes perfis de clientes";"Como ajustar seu discurso para diferentes perfis de clientes";"DANIELA FERNANDES";"";"daniela.fernandes@ptarental.com.br";"24/08/2026 08:56";"5";""
1942;"140 - Certificação para canais e parcerias";"Certificação para canais e parcerias";"Nathalia Meireles de Oliveira Sales";"";"nathaliameireles@kedu.com.br";"23/08/2026 21:13";"3";""
3135;"Previsibilidade de forecast em programas de canais";"Previsibilidade de forecast em programas de canais";"Nathalia Meireles de Oliveira Sales";"";"nathaliameireles@kedu.com.br";"23/08/2026 20:19";"2";""
3937;"Módulo 1: Especialização em Prospecção - Geração de Demanda Prevísivel";"Programa Especialização em Prospecção";"Flavia Aragão";"";"flavia.thatiany@gmail.com";"23/08/2026 19:44";"5";""
4166;"Contexto histórico";"Introdução ao pré-vendas";"Gizela Costa Muniz";"";"gizela.muniz@starian.com";"23/08/2026 16:15";"4";""
4046;"Linguagem persuasiva na comunicação verbal e não-verbal";"Linguagem persuasiva na comunicação verbal e não-verbal";"CARLOS ALBERTO MARINHO CAPOSSOLI";"";"carlos.marinho@corpay.com.br";"22/08/2026 16:09";"5";"EXCELENTE."
4212;"Quantificando a dor do cliente durante a prospecção";"Quantificando a dor do cliente durante a prospecção";"CARLOS ALBERTO MARINHO CAPOSSOLI";"";"carlos.marinho@corpay.com.br";"22/08/2026 14:41";"5";"excelente"
4055;"Módulo 1: Certificação de IA - Fundamentos de IA em vendas";"Módulo 1: Certificação de IA - Fundamentos de IA em vendas";"Michel Luis Caldas de Souza";"";"michel.souza@zohocorp.com";"21/08/2026 20:06";"5";""
4211;"10 passos para uma cold call eficiente";"10 passos para uma cold call eficiente";"Cintia Teresa Tobias";"";"cintia.tobias@centric.com.br";"21/08/2026 18:10";"5";"Seguindo, acompanhando, aprendendo e amando o conteudo. "
4212;"Quantificando a dor do cliente durante a prospecção";"Quantificando a dor do cliente durante a prospecção";"Cintia Teresa Tobias";"";"cintia.tobias@centric.com.br";"21/08/2026 17:59";"5";"Não seja um folder falante, é abrir a mente!"
3721;"Técnicas de organização de funil para previsibilidade";"Técnicas de organização de funil para previsibilidade";"Tamires Santos";"";"tamires.santos@voipdobrasil.com.br";"21/08/2026 17:47";"4";""
3441;"Organização de rotina para entregar mais com menos estresse";"Organização de rotina para entregar mais com menos estresse";"NAYARA MAIA";"";"comercial.nayara@goolifebr.com.br";"21/08/2026 17:05";"4";""
4046;"Linguagem persuasiva na comunicação verbal e não-verbal";"Linguagem persuasiva na comunicação verbal e não-verbal";"Bruno Ferraz de Carvalho";"";"bruno.ferraz@grupopremieralimentos.com.br";"21/08/2026 15:18";"5";"esse cara é top de mais "
3844;"Alta performance começa por dentro";"Alta performance começa por dentro";"Paola Gilier de Franca Pedroso";"";"paola.pedroso@pucpr.br";"21/08/2026 12:53";"5";""
4419;"Módulo 4: Certificação de IA - IA na Proposta e na Comunicação Comercial";"Módulo 4: Certificação de IA - IA na Proposta e na Comunicação Comercial";"Rafael	Citro";"64336344868";"rafael.citro@inntecnet.com.br";"21/08/2026 12:51";"4";""
4419;"Módulo 4: Certificação de IA - IA na Proposta e na Comunicação Comercial";"Módulo 4: Certificação de IA - IA na Proposta e na Comunicação Comercial";"CARLOS ALBERTO MARINHO CAPOSSOLI";"";"carlos.marinho@corpay.com.br";"21/08/2026 11:35";"5";"Gostei."
3388;"SDRs ""Escuta Ativa"" com Guilherme Bonaroti";"Escuta Ativa";"DANIELA FERNANDES";"";"daniela.fernandes@ptarental.com.br";"21/08/2026 10:22";"5";""
3770;"Storytelling para SDR: como abrir conversas sem soar genérico";"Storytelling para SDR: como abrir conversas sem soar genérico";"Gabrielle Ap Soares";"";"soaresgabrielle88@gmail.com";"20/08/2026 22:08";"5";""
3876;"Módulo 5 - Rotinas de gestão comercial rituais, processos e ferramentas";"Programa de Gestão de Vendas B2B";"Livia Serato Pereira da Silva";"06979775600";"liviaserato@yahoo.com.br";"20/08/2026 21:27";"5";""
3520;"SDRs: ""Rotinas de autoavaliação de performance de pre-vendedores"" com Danndhara Anaclet";"Rotinas de autoavaliação de performance de pre-vendedores";"DANIELA FERNANDES";"";"daniela.fernandes@ptarental.com.br";"20/08/2026 17:14";"5";""
1940;" 163 - Motivação em pré-vendas: Como descobrir o que sustenta sua alta perfomance";"Motivação em pré-vendas: como descobrir o que sustenta sua alta performance";"DANIELA FERNANDES";"";"daniela.fernandes@ptarental.com.br";"20/08/2026 16:22";"5";""
3437;"Plano de carreira em pré-vendas";"Plano de carreira em pré-vendas";"DANIELA FERNANDES";"";"daniela.fernandes@ptarental.com.br";"20/08/2026 15:22";"5";""
3433;"Criação e aplicação de agentes de IA para pré vendas";"Criação e aplicação de agentes de IA para pré vendas";"DANIELA FERNANDES";"";"daniela.fernandes@ptarental.com.br";"20/08/2026 11:51";"5";""
3030;"Crescimento orientado pela experiência do cliente";"Crescimento orientado pela experiência do cliente";"RODRIGO WEBER";"";"weber@cartrom.com.br";"20/08/2026 11:45";"5";"Excelente dinâmica e conteúdo técnico. Parabéns!"
3579;"Melhores práticas de CRM para pré vendedores";"Melhores práticas de CRM para pré vendedores";"DANIELA FERNANDES";"";"daniela.fernandes@ptarental.com.br";"20/08/2026 09:41";"5";""
3747;"Boas práticas de relacionamento para parcerias duradouras";"Boas práticas de relacionamento para parcerias duradouras";"Nathalia Meireles de Oliveira Sales";"";"nathaliameireles@kedu.com.br";"20/08/2026 07:56";"3";""
4214;"Técnicas de Storytelling em Vendas";"Técnicas de Storytelling em Vendas";"Peterson Soares";"17700278822";"petersonsoaresdj@gmail.com";"19/08/2026 22:25";"5";""
3587;"Estratégias de Negociação";"Estratégias de Negociação";"Paola Gilier de Franca Pedroso";"";"paola.pedroso@pucpr.br";"19/08/2026 17:56";"5";""
3641;"Controle de ansiedade em meio às mudanças";"Controle de ansiedade em meio às mudanças";"Paola Gilier de Franca Pedroso";"";"paola.pedroso@pucpr.br";"19/08/2026 17:55";"5";""
3517;"SDRs: ""Aumentando a qualidade dos dados em bases de prospecção"" com Paulo Krieser";"Aumentando a qualidade dos dados em bases de prospecção";"DANIELA FERNANDES";"";"daniela.fernandes@ptarental.com.br";"19/08/2026 17:44";"5";""
3502;"Construção (e evolução) de cadências de prospecção ativa";"Construção (e evolução) de cadências de prospecção ativa";"DANIELA FERNANDES";"";"daniela.fernandes@ptarental.com.br";"19/08/2026 16:19";"5";""
3655;"Value Based Selling: entregando valor ao seu cliente";"Value Based Selling: entregando valor ao seu cliente";"Eliana";"";"eliana.caetano@grupodecio.com.br";"19/08/2026 15:04";"5";""
3044;"Discovery e causa raiz: como investigar o problema certo antes de vender";"Discovery e causa raiz: como investigar o problema certo antes de vender";"Marco Aurélio dos Santos";"";"marco.santos@medika.com.br";"19/08/2026 13:45";"5";""
3770;"Storytelling para SDR: como abrir conversas sem soar genérico";"Storytelling para SDR: como abrir conversas sem soar genérico";"Nivia";"";"nivia.rodrigues@itau-unibanco.com.br";"19/08/2026 13:01";"5";""
3344;"SDRs com Ana Duccini “Produtividade Baseada em Cadência e Gestão do Tempo”";"Produtividade Baseada em Cadência e Gestão do Tempo";"DANIELA FERNANDES";"";"daniela.fernandes@ptarental.com.br";"19/08/2026 11:09";"5";""
3037;"Boas práticas de mensagens no Linkedin e WhatsApp";"Boas práticas de mensagens no Linkedin e WhatsApp";"DANIELA FERNANDES";"";"daniela.fernandes@ptarental.com.br";"18/08/2026 17:17";"5";""
3038;"Por que o telefone ainda supera e-mails e mensagens na primeira conexão?";"Por que o telefone ainda supera e-mails e mensagens na primeira conexão?";"DANIELA FERNANDES";"";"daniela.fernandes@ptarental.com.br";"18/08/2026 17:16";"5";""
4211;"10 passos para uma cold call eficiente";"10 passos para uma cold call eficiente";"Lucas da Silva de Oliveira";"";"lucas.oliveira@monde.com.br";"18/08/2026 13:53";"2";""
4212;"Quantificando a dor do cliente durante a prospecção";"Quantificando a dor do cliente durante a prospecção";"Michel Luis Caldas de Souza";"";"michel.souza@zohocorp.com";"18/08/2026 13:18";"3";""
3444;"Pré-Vendas: ""Práticas de comunicação escrita efetiva"" com Daniela Souza";"Práticas de comunicação escrita efetiva";"Paola Gilier de Franca Pedroso";"";"paola.pedroso@pucpr.br";"18/08/2026 13:16";"5";""
3424;"SDRs: ""Comunicação não violenta em conversas difíceis"" com Cindy Carbonari da Alicerce";"Comunicação não violenta em conversas difíceis";"Paola Gilier de Franca Pedroso";"";"paola.pedroso@pucpr.br";"18/08/2026 12:49";"5";""
3153;"Mão na massa com IA: Aumente suas conversões e escale suas vendas outbound";"Mão na massa com IA: Aumente suas conversões e escale suas vendas outbound";"Eduarda Vieira da Silva";"";"eduarda.silva@mexx.com.br";"18/08/2026 11:33";"5";""
3056;"Os 4 pilares de uma oratória de impacto ";"Os 4 pilares de uma oratória de impacto";"Paola Gilier de Franca Pedroso";"";"paola.pedroso@pucpr.br";"18/08/2026 10:16";"5";""
3388;"SDRs ""Escuta Ativa"" com Guilherme Bonaroti";"Escuta Ativa";"Paola Gilier de Franca Pedroso";"";"paola.pedroso@pucpr.br";"18/08/2026 10:15";"5";""
4205;"Módulo 2: Certificação de IA - IA na Prospecção: Pesquisa, Personalização e Ritmo";"Módulo 2: Certificação de IA - IA na Prospecção: Pesquisa, Personalização e Ritmo";"Eduarda Vieira da Silva";"";"eduarda.silva@mexx.com.br";"18/08/2026 08:37";"5";"Professor atento aos alunos presentes e seus questionamentos, possui ótima didática! "
3043;"Resiliência em vendas: Como superar rejeições constantes";"Resiliência em vendas: Como superar rejeições constantes";"CRISTINA RODRIGUES";"30177132884";"cristina.rodrigues@ptarental.com.br";"17/08/2026 17:11";"5";""
4032;"Módulo 5: Certificação de Vendedores B2B - Habilidades Essenciais e Rotina do Vendedor";"Certificação de Vendedores B2B";"Josyane Costa";"";"josyane.costa@thomsonreuters.com";"17/08/2026 16:25";"5";""
3633;"Social selling para dominar nichos";"Social selling para dominar nichos";"DANIELA FERNANDES";"";"daniela.fernandes@ptarental.com.br";"17/08/2026 14:03";"5";""
3884;"Como realizar testes A/B  para maximizar resultados";"Como realizar testes A/B  para maximizar resultados";"CRISTINA RODRIGUES";"30177132884";"cristina.rodrigues@ptarental.com.br";"17/08/2026 09:45";"5";""
3771;"Venda com clareza: Storytelling e Argumentação para Executivos de Vendas";"Venda com clareza: Storytelling e Argumentação para Executivos de Vendas";"Bruno Nery";"";"bruno.nery@tecnogera.com.br";"15/08/2026 13:21";"5";"Nuuuuu que aula. Me prendeu muito e tive insights maravilhosos. Que reflexão no final....VENDER É O QUE MAIS ATENDE O OUTRO!"
3424;"SDRs: ""Comunicação não violenta em conversas difíceis"" com Cindy Carbonari da Alicerce";"Comunicação não violenta em conversas difíceis";"Thaissa";"";"thaissa@ubeton.com.br";"14/08/2026 15:25";"5";""
4205;"Módulo 2: Certificação de IA - IA na Prospecção: Pesquisa, Personalização e Ritmo";"Módulo 2: Certificação de IA - IA na Prospecção: Pesquisa, Personalização e Ritmo";"Isabela Torres";"";"isabela.torres@mexx.com.br";"14/08/2026 09:59";"5";""
3344;"SDRs com Ana Duccini “Produtividade Baseada em Cadência e Gestão do Tempo”";"Produtividade Baseada em Cadência e Gestão do Tempo";"Matheus Moura";"";"matheus.moura@mexx.com.br";"14/08/2026 07:49";"4";""
2998;"Metodologia SPICED da Winning by Design";"Metodologia SPICED da Winning by Design";"Matheus Moura";"";"matheus.moura@mexx.com.br";"14/08/2026 07:43";"4";""
3716;"Customer Health Score: indicadores para prevenir o churn";"Customer Health Score: indicadores para prevenir o churn";"Caroline Arruda Martins";"";"caroline.arruda-martins@itau-unibanco.com.br";"13/08/2026 18:56";"5";""
4210;"Carreira em Y para Vendedores";"Carreira em Y para Vendedores";"Marco";"";"salmeida.marco@yahoo.com";"13/08/2026 16:51";"5";""
3044;"Discovery e causa raiz: como investigar o problema certo antes de vender";"Discovery e causa raiz: como investigar o problema certo antes de vender";"Matheus Moura";"";"matheus.moura@mexx.com.br";"13/08/2026 13:45";"5";""
3718;"Qualificação de oportunidades com SPIN Selling";"Qualificação de oportunidades com SPIN Selling";"Matheus Moura";"";"matheus.moura@mexx.com.br";"13/08/2026 13:36";"5";""
3922;"ACELERANDO NEGOCIAÇÕES: HACKS PRÁTICOS PARA FECHAMENTO";"ACELERANDO NEGOCIAÇÕES: HACKS PRÁTICOS PARA FECHAMENTO";"Matheus Moura";"";"matheus.moura@mexx.com.br";"13/08/2026 13:20";"5";""
3639;"Estratégias de cadência no WhatsApp para leads inbound";"Estratégias de cadência no WhatsApp para leads inbound";"DANIELA FERNANDES";"";"daniela.fernandes@ptarental.com.br";"13/08/2026 13:14";"5";""
3010;"""Challenger Sales"": a venda desafiadora";"""Challenger Sales"": a venda desafiadora";"Camila Carvalho";"";"camila.decarvalho@thomsonreuters.com";"13/08/2026 11:46";"5";""
3647;"Acelerando fechamentos no inicio do ano";"Acelerando fechamentos no inicio do ano";"Matheus Moura";"";"matheus.moura@mexx.com.br";"13/08/2026 07:53";"4";""
4205;"Módulo 2: Certificação de IA - IA na Prospecção: Pesquisa, Personalização e Ritmo";"Módulo 2: Certificação de IA - IA na Prospecção: Pesquisa, Personalização e Ritmo";"Matheus Moura";"";"matheus.moura@mexx.com.br";"13/08/2026 07:30";"4";""
3055;"Estoicismo aplicado à venda: disciplina, paciência e resultado";"Estoicismo aplicado à venda: disciplina, paciência e resultado";"DANIELA FERNANDES";"";"daniela.fernandes@ptarental.com.br";"12/08/2026 16:41";"5";""
4210;"Carreira em Y para Vendedores";"Carreira em Y para Vendedores";"Thiago Pereira da Silva";"";"thiago.silva@bmchyundai.com.br";"12/08/2026 14:45";"5";""
4210;"Carreira em Y para Vendedores";"Carreira em Y para Vendedores";"GRASIELA MOREIRA";"34071590807";"grasiela.moreira@translovato.com.br";"12/08/2026 13:52";"5";"Aula super interessante "
3043;"Resiliência em vendas: Como superar rejeições constantes";"Resiliência em vendas: Como superar rejeições constantes";"DANIELA FERNANDES";"";"daniela.fernandes@ptarental.com.br";"12/08/2026 10:29";"5";""
3439;"Challenger Sales na prospecção: como provocar o lead do jeito certo";"Challenger Sales na prospecção: como provocar o lead do jeito certo";"ELOISE MIRANDA APOLINÁRIO";"";"eloise.miranda@captei.com.br";"12/08/2026 10:19";"5";""
3061;"Como calcular e demonstrar o ROI para o cliente";"Como calcular e demonstrar o ROI para o cliente";"Andre Costa";"";"andrelucas.costa@webrota.com.br";"12/08/2026 09:26";"5";""
3475;"Estratégias de Customer Success para aceleração e crescimento";"Estratégias de Customer Success para aceleração e crescimento";"Vitor Costa";"";"vitor@proesc.com";"11/08/2026 23:54";"5";""
3812;"Estrutura de uma operação de gestão de carteira (CS)";"Estrutura de uma operação de gestão de carteira (CS)";"Vitor Costa";"";"vitor@proesc.com";"11/08/2026 23:19";"5";""
3337;"SDRs com Oshry Vidal ""Aumento de Conversão na Prospecção""";"Aumento de Conversão na Prospecção";"Emilly Vilaça Nunes Menezes";"";"emillyvnunes@hotmail.com";"11/08/2026 18:58";"5";""
3661;" Recuperando a confiança em momentos de baixo desempenho";"Recuperando a confiança em momentos de baixo desempenho";"DANIELA FERNANDES";"";"daniela.fernandes@ptarental.com.br";"11/08/2026 14:40";"5";""
3072;"Como gerar engajamento em reuniões online";"Como gerar engajamento em reuniões online";"DANIELA FERNANDES";"";"daniela.fernandes@ptarental.com.br";"11/08/2026 14:34";"5";""
3636;"Jolt Effect: Como vencer a indecisão do cliente";"Jolt Effect: Como vencer a indecisão do cliente";"ALEXANDRE JORGE";"88886409672";"alexandre.jorge@grupodecio.com.br";"11/08/2026 13:16";"5";"Excelente aula!!"
3061;"Como calcular e demonstrar o ROI para o cliente";"Como calcular e demonstrar o ROI para o cliente";"DANIELA FERNANDES";"";"daniela.fernandes@ptarental.com.br";"11/08/2026 11:32";"5";""
3653;"Como se preparar para suas reuniões comerciais usando IA";"Como se preparar para suas reuniões comerciais usando IA";"DANIELA FERNANDES";"";"daniela.fernandes@ptarental.com.br";"11/08/2026 10:02";"5";""
3050;"Antes do pitch: como usar o contexto do lead pra abrir portas";"Antes do pitch: como usar o contexto do lead pra abrir portas";"Kleber Leme";"";"kleme@qualisign.com.br";"10/08/2026 17:53";"5";"Didático!"
4450;"Como SDRs negociam atenção, informação e próximos passos antes da oportunidade.";"Como SDRs negociam atenção, informação e próximos passos antes da oportunidade.";"Cintia Teresa Tobias";"";"cintia.tobias@centric.com.br";"10/08/2026 13:59";"5";"Super Aula. 
amei o tema"
3452;"SDRs: ""Você está qualificando ou só fazendo agendamento?"" com Dhionas Roell";"Você está qualificando ou só fazendo agendamento?";"Lucas da Silva de Oliveira";"";"lucas.oliveira@monde.com.br";"10/08/2026 13:59";"5";""
3044;"Discovery e causa raiz: como investigar o problema certo antes de vender";"Discovery e causa raiz: como investigar o problema certo antes de vender";"DANIELA FERNANDES";"";"daniela.fernandes@ptarental.com.br";"10/08/2026 12:58";"5";""
3636;"Jolt Effect: Como vencer a indecisão do cliente";"Jolt Effect: Como vencer a indecisão do cliente";"Fernanda Vaz";"";"fernandavaz@midfalconi.com";"10/08/2026 09:56";"5";""
2999;"Planejamento de Métricas de Execução";"Planejamento de Métricas de Execução";"DANIELA FERNANDES";"";"daniela.fernandes@ptarental.com.br";"10/08/2026 09:32";"5";""
3038;"Por que o telefone ainda supera e-mails e mensagens na primeira conexão?";"Por que o telefone ainda supera e-mails e mensagens na primeira conexão?";"Andrea";"";"andrea.silva@luzagroup.com";"10/08/2026 08:50";"5";""
3579;"Melhores práticas de CRM para pré vendedores";"Melhores práticas de CRM para pré vendedores";"CRISTINA RODRIGUES";"30177132884";"cristina.rodrigues@ptarental.com.br";"10/08/2026 08:33";"5";""
3037;"Boas práticas de mensagens no Linkedin e WhatsApp";"Boas práticas de mensagens no Linkedin e WhatsApp";"Michel Luis Caldas de Souza";"";"michel.souza@zohocorp.com";"09/08/2026 12:40";"3";""
4046;"Linguagem persuasiva na comunicação verbal e não-verbal";"Linguagem persuasiva na comunicação verbal e não-verbal";"Gabriela Oliveira";"";"gabrielam2dtelecom@gmail.com";"08/08/2026 15:06";"5";"Muitas observações que não prestava atenção, e realmente facilitam a aproximação com o cliente"
3718;"Qualificação de oportunidades com SPIN Selling";"Qualificação de oportunidades com SPIN Selling";"DENO GONÇALVES";"";"deno.goncalves@ptarental.com.br";"08/08/2026 11:39";"5";""
3602;"Qualificação de Oportunidades";"Qualificação de Oportunidades";"DANIELA FERNANDES";"";"daniela.fernandes@ptarental.com.br";"07/08/2026 11:14";"5";""
3673;"Autogestão para Liderar";"Autogestão para Liderar";"RODRIGO WEBER";"";"weber@cartrom.com.br";"07/08/2026 10:43";"4";""
3770;"Storytelling para SDR: como abrir conversas sem soar genérico";"Storytelling para SDR: como abrir conversas sem soar genérico";"Mônica Campos";"";"monica.decampos@thomsonreuters.com";"06/08/2026 17:20";"5";""
3358;"SDRs com Pedro Caldeira ""Como ser um SDR Top Performer?""";"Como ser um SDR Top Performer?";"Mônica Campos";"";"monica.decampos@thomsonreuters.com";"06/08/2026 17:19";"5";""
4047;"Oratória em reuniões e apresentações comerciais";"Oratória em reuniões e apresentações comerciais";"Maria Rosa de Sousa";"";"timolcontatos@gmail.com";"06/08/2026 16:39";"5";""
3655;"Value Based Selling: entregando valor ao seu cliente";"Value Based Selling: entregando valor ao seu cliente";"Carlos Andrade";"";"comercial2@galtecom.com.br";"06/08/2026 08:55";"5";""
3455;"SDRs: Técnicas para reduzir no-show de prospects com José de Sousa";"Técnicas para reduzir no-show de prospects";"ELOISE MIRANDA APOLINÁRIO";"";"eloise.miranda@captei.com.br";"06/08/2026 08:46";"5";""
3823;"Como usar o whatsapp para vender mais";"Como usar o whatsapp para vender mais";"NAYARA MAIA";"";"comercial.nayara@goolifebr.com.br";"05/08/2026 15:53";"5";""
3041;"Mapeando influenciadores e decisores na venda B2B";"Mapeando influenciadores e decisores na venda B2B";"DANIELA FERNANDES";"";"daniela.fernandes@ptarental.com.br";"05/08/2026 15:22";"5";""
4000;"Cultura de valorização: como engajar times de vendas no dia a dia";"Cultura de valorização: como engajar times de vendas no dia a dia";"Paloma Pereira Gomes Bahia";"";"paloma.bahia@acspro.com.br";"05/08/2026 15:22";"5";""
4191;"Jornada do Cliente";"Jornada do Cliente";"Gabriel Safra";"";"gabriel.safra@totalpass.com.br";"05/08/2026 14:24";"4";"Muito bom entender toda a jornada do cliente
"
4048;"Gatilhos Mentais para contorno de objeções e fechamento";"Gatilhos Mentais para contorno de objeções e fechamento";"Thiago Pereira da Silva";"";"thiago.silva@bmchyundai.com.br";"05/08/2026 14:02";"5";""
3573;"Executivos de Vendas: ""SPIN Selling em negociações complexas"" com Pamela Gottschalk";"SPIN Selling em negociações complexas";"DANIELA FERNANDES";"";"daniela.fernandes@ptarental.com.br";"05/08/2026 13:32";"5";""
3060;"Metodologia MEDDPICC para vendas enterprise";"Metodologia MEDDPICC para vendas enterprise";"DANIELA FERNANDES";"";"daniela.fernandes@ptarental.com.br";"05/08/2026 13:08";"5";""
3042;"O que realmente funciona em contas estratégicas";"O que realmente funciona em contas estratégicas";"Carlos Andrade";"";"comercial2@galtecom.com.br";"05/08/2026 10:32";"5";""
3664;"Estratégias de venda para base";"Estratégias de venda para base";"Carlos Andrade";"";"comercial2@galtecom.com.br";"05/08/2026 10:31";"5";""
4205;"Módulo 2: Certificação de IA - IA na Prospecção: Pesquisa, Personalização e Ritmo";"Módulo 2: Certificação de IA - IA na Prospecção: Pesquisa, Personalização e Ritmo";"DANIELA FERNANDES";"";"daniela.fernandes@ptarental.com.br";"05/08/2026 08:32";"5";""
3597;"Priorização de Carteira de Clientes";"Priorização de Carteira de Clientes";"Tamires Santos";"";"tamires.santos@voipdobrasil.com.br";"05/08/2026 06:39";"5";""
3526;"SDRs: ""Mapeando o comportamento de diferentes consumidores"" com Augusto Canabrava";"Mapeando o comportamento de diferentes consumidores";"PRISCILA MELLO PARACAMPOS";"";"priscila.mello@catho.com";"04/08/2026 18:01";"5";""
3320;"Como construir autoridade na sua empresa como gestor comercial";"Como construir autoridade na sua empresa como gestor comercial";"Maria Helena Batista";"";"maria.helena@predialize.com.br";"04/08/2026 17:52";"5";""
4008;"Matriz de Kraljic: como comprador compra o seu produto";"Matriz de Kraljic: como comprador compra o seu produto";"Marco";"";"salmeida.marco@yahoo.com";"04/08/2026 16:41";"5";""
3667;"Geração de demanda através do Whatsapp";"Geração de demanda através do Whatsapp";"Carlos Andrade";"";"comercial2@galtecom.com.br";"04/08/2026 16:32";"5";""
4417;"Inteligência Artificial no CRM: Casos Reais e Aplicações Práticas";"Inteligência Artificial no CRM: Casos Reais e Aplicações Práticas";"Michel Luis Caldas de Souza";"";"michel.souza@zohocorp.com";"04/08/2026 13:33";"5";"Conteúdo riquíssimo!"
4055;"Módulo 1: Certificação de IA - Fundamentos de IA em vendas";"Módulo 1: Certificação de IA - Fundamentos de IA em vendas";"DANIELA FERNANDES";"";"daniela.fernandes@ptarental.com.br";"04/08/2026 12:51";"5";""
4019;"Como aplicar ABM em pré-vendas";"Como aplicar ABM em pré-vendas";"Carlos Andrade";"";"comercial2@galtecom.com.br";"04/08/2026 11:37";"5";""
3634;"Venda com autoridade: como dominar o negócio e segmento do cliente";"Venda com autoridade: como dominar o negócio e segmento do cliente";"Carlos Andrade";"";"comercial2@galtecom.com.br";"04/08/2026 09:23";"5";""
4211;"10 passos para uma cold call eficiente";"10 passos para uma cold call eficiente";"Luciana Dario";"";"lucianadario@mplseguros.com.br";"03/08/2026 21:40";"5";""
3061;"Como calcular e demonstrar o ROI para o cliente";"Como calcular e demonstrar o ROI para o cliente";"Carlos Andrade";"";"comercial2@galtecom.com.br";"03/08/2026 16:54";"5";""
3592;"Como provar valor ao cliente?";"Como provar valor ao cliente?";"Carlos Andrade";"";"comercial2@galtecom.com.br";"03/08/2026 16:23";"5";""
3655;"Value Based Selling: entregando valor ao seu cliente";"Value Based Selling: entregando valor ao seu cliente";"CRISTINA RODRIGUES";"30177132884";"cristina.rodrigues@ptarental.com.br";"03/08/2026 16:11";"5";""
3510;"SDRs: ""Transformar objeções em oportunidades"" com Winnicius Cunha";"Transformar objeções em oportunidades";"Carlos Andrade";"";"comercial2@galtecom.com.br";"03/08/2026 15:33";"5";""
3774;"Reuniões com C-level: abordagem consultiva para ganhar credibilidade";"Reuniões com C-level: abordagem consultiva para ganhar credibilidade";"PRISCILA MELLO PARACAMPOS";"";"priscila.mello@catho.com";"03/08/2026 15:13";"5";""
3598;"Engenharia de Valor para Provar ROI";"Engenharia de Valor para Provar ROI";"DANIELA FERNANDES";"";"daniela.fernandes@ptarental.com.br";"03/08/2026 15:00";"5";""
3337;"SDRs com Oshry Vidal ""Aumento de Conversão na Prospecção""";"Aumento de Conversão na Prospecção";"Carlos Andrade";"";"comercial2@galtecom.com.br";"03/08/2026 14:56";"5";""
4008;"Matriz de Kraljic: como comprador compra o seu produto";"Matriz de Kraljic: como comprador compra o seu produto";"DANIELA FERNANDES";"";"daniela.fernandes@ptarental.com.br";"03/08/2026 14:37";"5";""
3171;"Spin Selling como você nunca viu: O poder das perguntas para fechar mais negócios";"Spin Selling como você nunca viu: O poder das perguntas para fechar mais negócios";"PRISCILA MELLO PARACAMPOS";"";"priscila.mello@catho.com";"03/08/2026 14:04";"5";""
4211;"10 passos para uma cold call eficiente";"10 passos para uma cold call eficiente";"Gabriela Desponds";"";"gabriela.desponds@totalpass.com.br";"03/08/2026 13:49";"5";""
3489;"SDRs: ""Contorno de objeções na prospecção B2B"" com Jordete Braga";"Contorno de objeções na prospecção B2B";"Carlos Andrade";"";"comercial2@galtecom.com.br";"03/08/2026 12:15";"5";""
3219;"SPIN Selling como metodologia em todo funil de vendas ";"SPIN Selling como metodologia em todo funil de vendas";"PRISCILA MELLO PARACAMPOS";"";"priscila.mello@catho.com";"03/08/2026 11:52";"5";""
3347;"SDRs com Jessica Bosco e Fernanda Garcia “Técnicas de Cold Calling”";"Técnicas de Cold Calling";"Carlos Andrade";"";"comercial2@galtecom.com.br";"03/08/2026 11:28";"5";""
3038;"Por que o telefone ainda supera e-mails e mensagens na primeira conexão?";"Por que o telefone ainda supera e-mails e mensagens na primeira conexão?";"Carlos Andrade";"";"comercial2@galtecom.com.br";"03/08/2026 11:28";"5";""
4198;"Estrutura de condução e apresentações de vendas";"Estrutura de condução e apresentações de vendas";"DANIELA FERNANDES";"";"daniela.fernandes@ptarental.com.br";"03/08/2026 11:07";"5";""
3379;"SDRs com Julia Ennes ""Construindo seu PDI como Pré-Vendedor""";"Construindo um PDI como Pré-Vendedor";"Rafaela Paravatti";"";"rafaela.paravatti@predialize.com.br";"31/07/2026 18:35";"5";""
3634;"Venda com autoridade: como dominar o negócio e segmento do cliente";"Venda com autoridade: como dominar o negócio e segmento do cliente";"NAYARA MAIA";"";"comercial.nayara@goolifebr.com.br";"31/07/2026 16:53";"4";""
4198;"Estrutura de condução e apresentações de vendas";"Estrutura de condução e apresentações de vendas";"Thomas Willian da Silva Medeiros";"";"thomas.medeiros@img.com.br";"31/07/2026 16:21";"5";""
3056;"Os 4 pilares de uma oratória de impacto ";"Os 4 pilares de uma oratória de impacto";"Paula Manuela Silveira Paixão Santos";"06972348510";"paula@ayoapp.com.br";"31/07/2026 15:49";"5";""
4417;"Inteligência Artificial no CRM: Casos Reais e Aplicações Práticas";"Inteligência Artificial no CRM: Casos Reais e Aplicações Práticas";"Gabriel Goulart de Albuquerque";"";"gabriel.albuquerque@ayko.tech";"31/07/2026 12:43";"5";""
3572;" Executivos de Vendas: ""Top performers: habitos , rotinas e atitudes de vendedores";"Top performers: habitos , rotinas e atitudes de vendedores que batem meta";"João Paiva";"";"joao.paiva@thomsonreuters.com";"31/07/2026 12:19";"5";""
4417;"Inteligência Artificial no CRM: Casos Reais e Aplicações Práticas";"Inteligência Artificial no CRM: Casos Reais e Aplicações Práticas";"Carlos Dias";"";"carlosdias@nasajon.com.br";"31/07/2026 12:04";"5";""
4417;"Inteligência Artificial no CRM: Casos Reais e Aplicações Práticas";"Inteligência Artificial no CRM: Casos Reais e Aplicações Práticas";"Carina Tomaszewski Pereira";"";"cpereira@foursales-company.com";"31/07/2026 12:04";"3";""
4019;"Como aplicar ABM em pré-vendas";"Como aplicar ABM em pré-vendas";"Eduarda Biscaia Santos";"";"eduarda.santos@leadfy.me";"31/07/2026 11:48";"5";""
4205;"Módulo 2: Certificação de IA - IA na Prospecção: Pesquisa, Personalização e Ritmo";"Módulo 2: Certificação de IA - IA na Prospecção: Pesquisa, Personalização e Ritmo";"Larissa Sousa";"";"larissa.sousa@solides.com.br";"31/07/2026 11:37";"5";""
3093;"Calculando seu CAC e Unit Economics";"Calculando seu CAC e Unit Economics";"Jessica Amaral";"";"jessica.amaral@gruposkill.com.br";"31/07/2026 08:38";"5";""
3217;"Follow-up na prática: o que falar, quando e por quê";"Follow-up na prática: o que falar, quando e por quê";"Elisangela";"";"elisangelacpaulino@yahoo.com.br";"30/07/2026 18:28";"5";""
3056;"Os 4 pilares de uma oratória de impacto ";"Os 4 pilares de uma oratória de impacto";"Bruno Rocha";"";"bruno.rocha@solides.com.br";"30/07/2026 13:49";"5";""
3718;"Qualificação de oportunidades com SPIN Selling";"Qualificação de oportunidades com SPIN Selling";"Gil Pereira";"";"gil@lemaef.com.br";"30/07/2026 13:10";"5";""
4055;"Módulo 1: Certificação de IA - Fundamentos de IA em vendas";"Módulo 1: Certificação de IA - Fundamentos de IA em vendas";"Lucas P. R. Magalhães";"";"lucas.magalhaes@sidrasul.com.br";"30/07/2026 10:51";"5";""
4037;"Como prender atenção do lead na Cold Call";"Como prender atenção do lead na Cold Call";"BRUNA OLIVEIRA";"";"oliveira.bruna@totalpass.com.br";"30/07/2026 08:49";"5";""
3849;"Módulo 1:  Certificação de Vendedores B2B - Prospecção Inteligente e Geração de Demanda";"Módulo 1:  Certificação de Vendedores B2B - Prospecção Inteligente e Geração de Demanda";"Kleber Leme";"";"kleme@qualisign.com.br";"29/07/2026 19:47";"5";"Grande Abraço ao Baratella, conheci ele e o Pai em um Evento de certificado digital promovido por eles.

"
3846;"Produtividade em vendas: como priorizar o que gera resultado";"Produtividade em vendas: como priorizar o que gera resultado";"NAYARA MAIA";"";"comercial.nayara@goolifebr.com.br";"29/07/2026 17:00";"4";""
3771;"Venda com clareza: Storytelling e Argumentação para Executivos de Vendas";"Venda com clareza: Storytelling e Argumentação para Executivos de Vendas";"Andressa	Souza";"";"andressa3192@gmail.com";"29/07/2026 15:16";"5";""
4047;"Oratória em reuniões e apresentações comerciais";"Oratória em reuniões e apresentações comerciais";"Thiago Pereira da Silva";"";"thiago.silva@bmchyundai.com.br";"29/07/2026 13:59";"5";""
4205;"Módulo 2: Certificação de IA - IA na Prospecção: Pesquisa, Personalização e Ritmo";"Módulo 2: Certificação de IA - IA na Prospecção: Pesquisa, Personalização e Ritmo";"Carlos Dias";"";"carlosdias@nasajon.com.br";"29/07/2026 13:42";"5";""
4046;"Linguagem persuasiva na comunicação verbal e não-verbal";"Linguagem persuasiva na comunicação verbal e não-verbal";"Vanessa Conceição Nascimento";"";"vanessa.nascimento@gleebem.com.br";"29/07/2026 11:50";"5";""
4205;"Módulo 2: Certificação de IA - IA na Prospecção: Pesquisa, Personalização e Ritmo";"Módulo 2: Certificação de IA - IA na Prospecção: Pesquisa, Personalização e Ritmo";"DOUGLAS SAMORINHA";"";"douglas.santos@ptarental.com.br";"28/07/2026 19:58";"5";"Maravilhosa aula"
4198;"Estrutura de condução e apresentações de vendas";"Estrutura de condução e apresentações de vendas";"Bruno Henrico Bulgareli Gallardo";"";"bruno.gallardo@liderkraft.com.br";"28/07/2026 15:35";"5";""
3301;"CRM como aliado e não como inimigo";"CRM como aliado e não como inimigo";"Júlia Nascimento de Azambuja";"";"bistex@bistex.com.br";"28/07/2026 14:24";"5";""
4055;"Módulo 1: Certificação de IA - Fundamentos de IA em vendas";"Módulo 1: Certificação de IA - Fundamentos de IA em vendas";"Daniella Lima";"";"daniella.lima@solides.com.br";"28/07/2026 14:10";"5";""
4055;"Módulo 1: Certificação de IA - Fundamentos de IA em vendas";"Módulo 1: Certificação de IA - Fundamentos de IA em vendas";"Bianca	Marques";"";"bianca.marques@monde.com.br";"28/07/2026 13:42";"5";"Aula muito boa"
4205;"Módulo 2: Certificação de IA - IA na Prospecção: Pesquisa, Personalização e Ritmo";"Módulo 2: Certificação de IA - IA na Prospecção: Pesquisa, Personalização e Ritmo";"Carina Tomaszewski Pereira";"";"cpereira@foursales-company.com";"28/07/2026 12:05";"5";""
4050;"SDR + copiloto de IA: papéis e responsabilidades";"SDR + copiloto de IA: papéis e responsabilidades";"João Pedro Furtado Dias";"";"joaodias@kedu.com.br";"28/07/2026 10:47";"5";""
4205;"Módulo 2: Certificação de IA - IA na Prospecção: Pesquisa, Personalização e Ritmo";"Módulo 2: Certificação de IA - IA na Prospecção: Pesquisa, Personalização e Ritmo";"Thais Cândido";"";"thais@ayoapp.com.br";"28/07/2026 10:09";"1";""
3862;"Módulo 2: Programa de Gestão - Recrutamento, Remuneração e Desenvolvimento de Equipes ";"Módulo 2: Programa de Gestão - Recrutamento, Remuneração e Desenvolvimento de Equipes ";"Thyago 	Pires";"";"thyago@megasolutionstecnologia.com.br";"27/07/2026 22:37";"5";"muito bom !"
3871;"Reativação de contas inativas";"Reativação de contas inativas";"Lucas Santos";"";"lucassilva@kedu.com.br";"27/07/2026 15:13";"5";""
3718;"Qualificação de oportunidades com SPIN Selling";"Qualificação de oportunidades com SPIN Selling";"Ana Carolina Santana";"";"vendas8@mundodaagua.com.br";"27/07/2026 10:15";"5";""
4055;"Módulo 1: Certificação de IA - Fundamentos de IA em vendas";"Módulo 1: Certificação de IA - Fundamentos de IA em vendas";"Carlos Dias";"";"carlosdias@nasajon.com.br";"27/07/2026 09:06";"5";""
3768;"Rituais para engajar, acompanhar e desenvolver talentos";"Rituais para engajar, acompanhar e desenvolver talentos";"Luis Lima";"";"luis.lima@hsm.com.br";"27/07/2026 07:03";"5";""
3046;"Construção de networking e conexões de valor";"Construção de networking e conexões de valor";"JOHNICA ALMEIDA";"";"johnica.almeida@grupodecio.com.br";"26/07/2026 20:01";"4";""
3849;"Módulo 1:  Certificação de Vendedores B2B - Prospecção Inteligente e Geração de Demanda";"Módulo 1:  Certificação de Vendedores B2B - Prospecção Inteligente e Geração de Demanda";"Gustavo Brandão";"";"gb@timol.com.br";"26/07/2026 18:39";"5";""
3816;"Linguagem corporal na prática: técnica, intenção e confiança";"Linguagem corporal na prática: técnica, intenção e confiança";"Carlos Eduardo de Almeida Alberici";"22398365808";"carlos.eduardo@voipdobrasil.com.br";"26/07/2026 18:21";"4";""
3602;"Qualificação de Oportunidades";"Qualificação de Oportunidades";"Priscilane Cavalcante Soares";"";"priscilane.imperbrasce@gmail.com";"26/07/2026 00:20";"1";"Achei a aula meio fraca. Parece mais uma conversação, do que uma aula mesmo!

O certificado está saindo com o nome todo em minúsculo e com a informação QUALIFICAÇÃO DE OPORTUNIDADES de forma deslocada. E o tamanho do arquivo é muito desproporcional. Fica feio pra caramba!"
3638;"Como estruturar um roadmap to close alinhado ao ciclo de compra";"Como estruturar um roadmap to close alinhado ao ciclo de compra";"Jacqueline Molina";"";"jacqueline.molina@tecnogera.com.br";"25/07/2026 08:44";"5";""
3055;"Estoicismo aplicado à venda: disciplina, paciência e resultado";"Estoicismo aplicado à venda: disciplina, paciência e resultado";"NICOLAS SANTANA DA SILVA";"";"nicolas.silva@infojobs.com.br";"24/07/2026 17:15";"5";""
3864;"Módulo 1: Certificação de Vendedores B2B Prospecção Inteligente e Geração de Demanda";"Certificação de Vendedores B2B";"Tamara Silva Sousa";"";"tamara.sousa@captei.com.br";"24/07/2026 16:35";"5";""
4203;"Práticas para o SDR chegar a Alta Performance";"Práticas para o SDR chegar à alta performance";"Wesley Silva Monteiro de Almeida";"70339649437";"filtros1@mundodaagua.com.br";"24/07/2026 15:55";"5";""
4019;"Como aplicar ABM em pré-vendas";"Como aplicar ABM em pré-vendas";"Leandro	Silva";"";"leandro.silva@kurier.com.br";"24/07/2026 15:41";"5";""
4191;"Jornada do Cliente";"Jornada do Cliente";"RACHEL DIAMANTSTEIN";"";"rachel.diamantstein@totalpass.com.br";"24/07/2026 13:59";"5";"Adorei. para quem está entrando total visibilidade da jornada do cliente e conexão dos times para sucesso"
3763;"Métricas que todo pré-vendedor deve saber (e acompanhar)";"Métricas que todo pré-vendedor deve saber (e acompanhar)";"Michel Luis Caldas de Souza";"";"michel.souza@zohocorp.com";"24/07/2026 13:29";"5";"Conteúdo muito válido. Para evoluirmos é sempre necessário entendermos nossas métricas."
3900;"LinkedIn para pré-vendedores: o básico que funciona";"LinkedIn para pré-vendedores: o básico que funciona";"Camila dos Santos Alves";"";"camila.alves@multibelt.com.br";"24/07/2026 11:54";"5";""
4198;"Estrutura de condução e apresentações de vendas";"Estrutura de condução e apresentações de vendas";"Luiz Fernando Dompieri";"";"luiz.dompieri@luzagroup.com";"24/07/2026 09:56";"5";""
4055;"Módulo 1: Certificação de IA - Fundamentos de IA em vendas";"Módulo 1: Certificação de IA - Fundamentos de IA em vendas";"marcia martins melo";"";"marcia.melo@tecnogera.com.br";"23/07/2026 20:28";"5";""
3955;"Channel marketing: estratégias de Aquisição, engajamento e geração de demanda com parceiros";"Channel marketing: estratégias de Aquisição, engajamento e geração de demanda com parceiros";"Julio Cesar Bailer Rodhermel";"";"jcrodhermel@gmail.com";"23/07/2026 19:06";"5";""
3176;"Programa de Afiliados: primeiros passos para criar um novo canal de aquisição";"Programa de Afiliados: primeiros passos para criar um novo canal de aquisição";"Julio Cesar Bailer Rodhermel";"";"jcrodhermel@gmail.com";"23/07/2026 19:04";"4";""
3413;"Afiliados que vendem: como criar um programa de parcerias com escala";"Afiliados que vendem: como criar um programa de parcerias com escala";"Julio Cesar Bailer Rodhermel";"";"jcrodhermel@gmail.com";"23/07/2026 19:01";"5";""
3765;"Onboarding e Customer Success do parceiro";"Onboarding e Customer Success do parceiro";"Julio Cesar Bailer Rodhermel";"";"jcrodhermel@gmail.com";"23/07/2026 18:58";"5";""
4414;"193 PipeLovers💚SDRs: ""Win Loss Analysis: como aprender com as vitórias e derrotas do dia a dia"" com Tárik Medeiros";"Metodologia ""Win-Loss Analysis"" aplicada a prospecção";"Cintia Teresa Tobias";"";"cintia.tobias@centric.com.br";"23/07/2026 13:10";"5";""
3836;"WhatsApp que converte: como conduzir a conversa até a reunião";"WhatsApp que converte: como conduzir a conversa até a reunião";"Michel Luis Caldas de Souza";"";"michel.souza@zohocorp.com";"23/07/2026 13:10";"5";"Conteúdo sensacional. Daniel tem uma ótima didática!"
3997;"Como conduzir conversas difíceis com parceiros estratégicos";"Como conduzir conversas difíceis com parceiros estratégicos";"NICOLAS SANTANA DA SILVA";"";"nicolas.silva@infojobs.com.br";"23/07/2026 11:58";"5";""
4414;"193 PipeLovers💚SDRs: ""Win Loss Analysis: como aprender com as vitórias e derrotas do dia a dia"" com Tárik Medeiros";"Metodologia ""Win-Loss Analysis"" aplicada a prospecção";"Cesar	Ferro";"";"cesar.ferro@tnusistemas.com.br";"23/07/2026 11:37";"4";""
3768;"Rituais para engajar, acompanhar e desenvolver talentos";"Rituais para engajar, acompanhar e desenvolver talentos";"ROSANA APARECIDA BRAGA";"";"rosana.braga@falavinha.com.br";"23/07/2026 10:31";"5";"Adorei o conteúdo. "
4198;"Estrutura de condução e apresentações de vendas";"Estrutura de condução e apresentações de vendas";"LUCIMARA	ORTEGA";"15793587802";"lucimara.ortega@inntecnet.com.br";"23/07/2026 09:22";"5";"Adorei, obrigada pela apresentação"
4046;"Linguagem persuasiva na comunicação verbal e não-verbal";"Linguagem persuasiva na comunicação verbal e não-verbal";"Thiago Pereira da Silva";"";"thiago.silva@bmchyundai.com.br";"22/07/2026 14:02";"5";""
3864;"Módulo 1: Certificação de Vendedores B2B Prospecção Inteligente e Geração de Demanda";"Certificação de Vendedores B2B";"Vitor Lemes";"09878468682";"vitor.lemes@webrota.com.br";"22/07/2026 13:31";"5";""
3305;"Forecast: Como estruturar processo e rotina";"Forecast: Como estruturar processo e rotina";"Daniela Santana";"";"daniela.santana@gruposkill.com.br";"22/07/2026 12:48";"5";""
3851;"Módulo 4: Certificação de Vendedores B2B - Gestão de Carteira e Expansão de Receita";"Módulo 4: Certificação de Vendedores B2B - Gestão de Carteira e Expansão de Receita";"Icaro Ferreira Barbosa";"05572094552";"icarotimol@gmail.com";"22/07/2026 10:27";"5";""
4019;"Como aplicar ABM em pré-vendas";"Como aplicar ABM em pré-vendas";"Suzana Rodrigues";"";"suzana.rodrigues@kurier.com.br";"22/07/2026 09:02";"5";""
3729;"Estratégias Diferenciadas em Vendas Complexas";"Estratégias Diferenciadas em Vendas Complexas";"Moisés Souza de Paula";"";"moidepaula@hotmail.com";"22/07/2026 08:56";"5";""
3543;"SDRs: ""Mapeando e contornando objeções com IA"" com Hugo Nascimento";"Mapeando e contornando objeções com IA";"Rubens Matos Quintero";"";"rubens.matos@ptarental.com.br";"22/07/2026 07:25";"2";""
3718;"Qualificação de oportunidades com SPIN Selling";"Qualificação de oportunidades com SPIN Selling";"Cinthia Marques";"31314690809";"cinthiamarques@kedu.com.br";"21/07/2026 21:54";"3";""
3187;"Como fazer uma apresentação comercial matadora";"Como fazer uma apresentação comercial matadora";"Rafael Mazzarioli";"";"rafael.mazzarioli@webrota.com.br";"21/07/2026 12:25";"5";""
3044;"Discovery e causa raiz: como investigar o problema certo antes de vender";"Discovery e causa raiz: como investigar o problema certo antes de vender";"Bruno Nery";"";"bruno.nery@tecnogera.com.br";"20/07/2026 21:29";"5";"Entendi que preciso melhorar minha investigação de problemas."
3038;"Por que o telefone ainda supera e-mails e mensagens na primeira conexão?";"Por que o telefone ainda supera e-mails e mensagens na primeira conexão?";"Carla Fant";"";"carla.fant@webmaissistemas.com.br";"20/07/2026 17:15";"5";""
3347;"SDRs com Jessica Bosco e Fernanda Garcia “Técnicas de Cold Calling”";"Técnicas de Cold Calling";"Samuel	Barreto";"";"samuel.barreto@nelsys.com.br";"20/07/2026 13:54";"5";""
4055;"Módulo 1: Certificação de IA - Fundamentos de IA em vendas";"Módulo 1: Certificação de IA - Fundamentos de IA em vendas";"Bianca Vieira";"61464629340";"biancavieira@kedu.com.br";"20/07/2026 13:43";"5";"Adorei o curso, muito dinâmico e produtivo. Não só deu exemplos como mostrou na prática, sem enrolação. "
3770;"Storytelling para SDR: como abrir conversas sem soar genérico";"Storytelling para SDR: como abrir conversas sem soar genérico";"Lucas Santos";"";"lucassilva@kedu.com.br";"20/07/2026 11:17";"5";""
3564;"SDRs: ";"Copy com persuasão";"Gabrielly	Menarbini";"";"gabrielly.menarbini@tecnogera.com.br";"20/07/2026 10:26";"5";"Curso construtivo e orientativo"
3041;"Mapeando influenciadores e decisores na venda B2B";"Mapeando influenciadores e decisores na venda B2B";"Priscilane Cavalcante Soares";"";"priscilane.imperbrasce@gmail.com";"20/07/2026 00:19";"5";""
3615;"Propostas Comerciais Efetivas";"Propostas Comerciais Efetivas";"Franciney Palheta Perdigão";"02666042936";"franciney.perdigao@tecnogera.com.br";"19/07/2026 22:13";"5";"Aula excelente, pois, trouxe luz de como apresentar a proposta comercial de forma efetiva. "
3804;"Como priorizar tarefas no dia a dia de pré‑venda";"Como priorizar tarefas no dia a dia de pré‑venda";"Michel Luis Caldas de Souza";"";"michel.souza@zohocorp.com";"19/07/2026 15:45";"5";""
3655;"Value Based Selling: entregando valor ao seu cliente";"Value Based Selling: entregando valor ao seu cliente";"Franciney Palheta Perdigão";"02666042936";"franciney.perdigao@tecnogera.com.br";"18/07/2026 21:58";"5";""
3771;"Venda com clareza: Storytelling e Argumentação para Executivos de Vendas";"Venda com clareza: Storytelling e Argumentação para Executivos de Vendas";"Adriana Salcedo Shimada";"";"adriana.shimada1@gmail.com";"17/07/2026 19:30";"5";""
3632;"Prática de negociação com metodologia de Harvard";"Prática de negociação com metodologia de Harvard";"SHIRLEY DE LIMA SILVA";"31362792802";"shirley.silva@catho.com";"17/07/2026 17:00";"5";"Conteúdo bem explicado e de fácil entendimento"
3922;"ACELERANDO NEGOCIAÇÕES: HACKS PRÁTICOS PARA FECHAMENTO";"ACELERANDO NEGOCIAÇÕES: HACKS PRÁTICOS PARA FECHAMENTO";"NAYARA MAIA";"";"comercial.nayara@goolifebr.com.br";"17/07/2026 15:31";"3";""
3424;"SDRs: ""Comunicação não violenta em conversas difíceis"" com Cindy Carbonari da Alicerce";"Comunicação não violenta em conversas difíceis";"Isabela Serafim ";"";"isabela.silva@gruposkill.com.br";"17/07/2026 15:21";"5";""
3761;"Melhores práticas de dashboards de gestão de vendas";"Melhores práticas de dashboards de gestão de vendas";"Gustavo Brandão";"";"gb@timol.com.br";"17/07/2026 13:26";"5";""
4032;"Módulo 5: Certificação de Vendedores B2B - Habilidades Essenciais e Rotina do Vendedor";"Certificação de Vendedores B2B";"SABRINA FERNANDA KLAEN";"";"sabrina.klaen@danka.com.br";"17/07/2026 11:10";"5";""
3437;"Plano de carreira em pré-vendas";"Plano de carreira em pré-vendas";"Carlos Dias";"";"carlosdias@nasajon.com.br";"17/07/2026 10:47";"5";""
3433;"Criação e aplicação de agentes de IA para pré vendas";"Criação e aplicação de agentes de IA para pré vendas";"Carlos Dias";"";"carlosdias@nasajon.com.br";"17/07/2026 10:46";"5";""
3598;"Engenharia de Valor para Provar ROI";"Engenharia de Valor para Provar ROI";"Adélcio Moratelli";"";"adelcio@mantomac.com.br";"17/07/2026 08:51";"5";""
3231;"Resiliência e adaptação às mudanças em vendas";"Resiliência e adaptação às mudanças em vendas";"Luis Lima";"";"luis.lima@hsm.com.br";"16/07/2026 18:58";"5";""
3579;"Melhores práticas de CRM para pré vendedores";"Melhores práticas de CRM para pré vendedores";"Carlos Dias";"";"carlosdias@nasajon.com.br";"16/07/2026 17:10";"5";""
3582;"Explorando notícias de mercado na prospecção ativa";"Explorando notícias de mercado na prospecção ativa";"KAROLYNE GLUSZCZYNSKI";"";"karolyne.gluszczynski@falavinha.com.br";"16/07/2026 16:58";"5";""
3733;"Fidelização de Clientes: A chave para alavancar suas vendas";"Fidelização de Clientes: A chave para alavancar suas vendas";"Yago Souza";"";"yago.souza@webrota.com.br";"16/07/2026 16:44";"5";""
3994;"Estratégias para cultivar relacionamentos com clientes e gerar novas oportunidades";"Estratégias para cultivar relacionamentos com clientes e gerar novas oportunidades";"Yago Souza";"";"yago.souza@webrota.com.br";"16/07/2026 15:27";"5";""
3666;"Novo Material";"Como vender mais em feiras e eventos";"Rafael Mazzarioli";"";"rafael.mazzarioli@webrota.com.br";"16/07/2026 15:07";"5";""
3633;"Social selling para dominar nichos";"Social selling para dominar nichos";"Carlos Dias";"";"carlosdias@nasajon.com.br";"16/07/2026 13:29";"5";""
3609;"Feiras e Eventos: hacks para valer a pena para o vendedor";"Feiras e Eventos: hacks para valer a pena para o vendedor";"Carlos Dias";"";"carlosdias@nasajon.com.br";"16/07/2026 12:20";"5";""
3639;"Estratégias de cadência no WhatsApp para leads inbound";"Estratégias de cadência no WhatsApp para leads inbound";"Carlos Dias";"";"carlosdias@nasajon.com.br";"16/07/2026 12:11";"5";""
4198;"Estrutura de condução e apresentações de vendas";"Estrutura de condução e apresentações de vendas";"Rafael Mazzarioli";"";"rafael.mazzarioli@webrota.com.br";"16/07/2026 11:00";"5";""
3205;"Rituais efetivos para Gestão de Vendas";"Rituais efetivos para Gestão de Vendas";"Gustavo Brandão";"";"gb@timol.com.br";"16/07/2026 10:37";"5";""
3606;"Controlando a ansiedade em vendas";"Controlando a ansiedade em vendas";"Carlos Dias";"";"carlosdias@nasajon.com.br";"16/07/2026 10:03";"5";""
3631;"Como criar um senso de urgência sem ser agressivo";"Como criar um senso de urgência sem ser agressivo";"Estevão Martins";"";"estevao.martins@bext.vc";"16/07/2026 00:49";"5";""
4198;"Estrutura de condução e apresentações de vendas";"Estrutura de condução e apresentações de vendas";"Carlos Dias";"";"carlosdias@nasajon.com.br";"15/07/2026 16:10";"5";""
3543;"SDRs: ""Mapeando e contornando objeções com IA"" com Hugo Nascimento";"Mapeando e contornando objeções com IA";"Luiz Fernando Rech";"02540255957";"rech@mantomac.com.br";"15/07/2026 15:06";"5";"Top super interresante"
4012;"Módulo 4: Especialização em Prospecção - Mensagens que geram conversão: WhatsApp, Linkedin e E-mail ";"Programa Especialização em Prospecção";"Gisele";"";"gcardoso@aspprev.com.br";"15/07/2026 13:05";"5";""
3919;"Metodologia GPCT para qualificação de oportunidades";"Metodologia GPCT para qualificação de oportunidades";"Jacqueline Molina";"";"jacqueline.molina@tecnogera.com.br";"14/07/2026 18:10";"5";""
3037;"Boas práticas de mensagens no Linkedin e WhatsApp";"Boas práticas de mensagens no Linkedin e WhatsApp";"Carla Fant";"";"carla.fant@webmaissistemas.com.br";"14/07/2026 16:44";"5";""
4199;"Módulo 1: Certificação de IA -  Fundamentos de IA em vendas";"Certificação em Inteligência Artificial em Vendas B2B";"Yasmin Bustamante Afonso";"44257094893";"yasmin@kamino.com.br";"14/07/2026 15:58";"5";""
3171;"Spin Selling como você nunca viu: O poder das perguntas para fechar mais negócios";"Spin Selling como você nunca viu: O poder das perguntas para fechar mais negócios";"NICOLY MAYUMI ALVES MAEDA";"";"nicoly.maeda@catho.com";"14/07/2026 15:53";"5";"Muito didático, amei! "
3848;"Metodologia BANT para qualificação de oportunidades";"Metodologia BANT para qualificação de oportunidades";"Isabela Cristina de Souza Silva dos Santos";"";"isabelasilva@nasajon.com.br";"14/07/2026 09:33";"5";""
3846;"Produtividade em vendas: como priorizar o que gera resultado";"Produtividade em vendas: como priorizar o que gera resultado";"Bruno Nery";"";"bruno.nery@tecnogera.com.br";"13/07/2026 20:47";"5";"Gostei da Call onde aprendi sobre o tratamento dos leads e não tratar  todo cliente de forma gentil e da mesma forma, parecendo um roteiro decorado."
4199;"Módulo 1: Certificação de IA -  Fundamentos de IA em vendas";"Certificação em Inteligência Artificial em Vendas B2B";"Amanda Rocha Tribess";"";"amanda.tribess@starian.com";"13/07/2026 18:54";"5";""
4055;"Módulo 1: Certificação de IA - Fundamentos de IA em vendas";"Módulo 1: Certificação de IA - Fundamentos de IA em vendas";"Aimée Pavanelli";"38082948841";"aimee@agenciacanna.com.br";"13/07/2026 17:44";"5";"Muito boa aula !!"
3576;"Perfil DISC: Autoconhecimento para potencializar resultados";"Perfil DISC: Autoconhecimento para potencializar resultados";"Amanda Rocha Tribess";"";"amanda.tribess@starian.com";"13/07/2026 16:56";"5";""
3559;"Lidando com o não: o que separa SDRs comuns dos que sempre batem meta";"Lidando com o não: o que separa SDRs comuns dos que sempre batem meta";"Bryan Araújo";"";"bryan.araujo@waid.io";"13/07/2026 16:54";"5";"."
3510;"SDRs: ""Transformar objeções em oportunidades"" com Winnicius Cunha";"Transformar objeções em oportunidades";"Amanda Rocha Tribess";"";"amanda.tribess@starian.com";"13/07/2026 15:26";"5";""
4055;"Módulo 1: Certificação de IA - Fundamentos de IA em vendas";"Módulo 1: Certificação de IA - Fundamentos de IA em vendas";"Larissa Frutuoso Chamarro";"38864294821";"larissa.oliveira@magis5.com.br";"13/07/2026 15:16";"5";""
4037;"Como prender atenção do lead na Cold Call";"Como prender atenção do lead na Cold Call";"Gustavo Brandão";"";"gb@timol.com.br";"13/07/2026 15:12";"5";""
3549;"SDRs: ""Técnicas para transformar ""agora não"" em ""vamos marcar"" "" com Ricardo Alvarinho";"Técnicas para transformar ""agora não"" em ""vamos marcar""";"Amanda Rocha Tribess";"";"amanda.tribess@starian.com";"13/07/2026 14:13";"5";""
3664;"Estratégias de venda para base";"Estratégias de venda para base";"Cesar	Ferro";"";"cesar.ferro@tnusistemas.com.br";"13/07/2026 11:27";"4";""
4055;"Módulo 1: Certificação de IA - Fundamentos de IA em vendas";"Módulo 1: Certificação de IA - Fundamentos de IA em vendas";"Daniela Martini";"";"daniela.martini@s2m.com.br";"13/07/2026 10:58";"5";""
3871;"Reativação de contas inativas";"Reativação de contas inativas";"Carlos Andrade";"";"comercial2@galtecom.com.br";"13/07/2026 10:25";"5";""
3772;"Técnicas de Rapport para prospecção";"Técnicas de Rapport para prospecção";"Carlos Andrade";"";"comercial2@galtecom.com.br";"13/07/2026 09:54";"5";""
3038;"Por que o telefone ainda supera e-mails e mensagens na primeira conexão?";"Por que o telefone ainda supera e-mails e mensagens na primeira conexão?";"ANA KAROLINE VIEIRA COSTA";"";"anacosta@kedu.com.br";"13/07/2026 09:13";"5";""
3330;"SDRs com Rafael Follador ""Como Construir o seu Playbook de SDR?""";"Como construir o seu playbook de SDR";"Gustavo Brandão";"";"gb@timol.com.br";"12/07/2026 12:27";"5";""
3573;"Executivos de Vendas: ""SPIN Selling em negociações complexas"" com Pamela Gottschalk";"SPIN Selling em negociações complexas";"Priscilane Cavalcante Soares";"";"priscilane.imperbrasce@gmail.com";"12/07/2026 12:14";"5";"Muito boa!"
3285;"Erros comuns na definição do ICP e como corrigi-los";"Erros comuns na definição do ICP e como corrigi-los";"Pamela Lima";"";"pamelalima@nasajon.com.br";"12/07/2026 09:09";"5";""
3774;"Reuniões com C-level: abordagem consultiva para ganhar credibilidade";"Reuniões com C-level: abordagem consultiva para ganhar credibilidade";"Franciney Palheta Perdigão";"02666042936";"franciney.perdigao@tecnogera.com.br";"11/07/2026 19:31";"5";"Que aula sensacional, muito obrigado pelo compartilhamento do conhecimento e pela didática escolhida."
3718;"Qualificação de oportunidades com SPIN Selling";"Qualificação de oportunidades com SPIN Selling";"Franciney Palheta Perdigão";"02666042936";"franciney.perdigao@tecnogera.com.br";"11/07/2026 17:10";"5";"Aula sensacional, de fato o SPIN é uma excelente ferramenta, para vendas consultivas complexas, e poder aplicá-la de forma assertiva, pode garantir o sucesso da venda."
3818;"Técnicas de negociação de preço e desconto";"Técnicas de negociação de preço e desconto";"Naiara Zimmer";"";"naiara@intexfy.com";"11/07/2026 15:38";"4";""
3044;"Discovery e causa raiz: como investigar o problema certo antes de vender";"Discovery e causa raiz: como investigar o problema certo antes de vender";"Kaio Brener A. Brito";"";"kaio.brito@tecnogera.com.br";"11/07/2026 14:47";"5";""
3598;"Engenharia de Valor para Provar ROI";"Engenharia de Valor para Provar ROI";"Juliano Gonçalves";"";"juliano@mantomac.com.br";"10/07/2026 16:45";"4";"Parabens .. "
3023;"Gestão de relacionamento com parceiros estratégicos";"Gestão de relacionamento com parceiros estratégicos";"Carla Fant";"";"carla.fant@webmaissistemas.com.br";"10/07/2026 13:24";"5";""
4055;"Módulo 1: Certificação de IA - Fundamentos de IA em vendas";"Módulo 1: Certificação de IA - Fundamentos de IA em vendas";"Samuel	Barreto";"";"samuel.barreto@nelsys.com.br";"10/07/2026 13:09";"5";""
1943;"139 - Priorização de canais com base em ROI e potencial de receita";"Priorização de canais com base em ROI e potencial de receita";"Carla Fant";"";"carla.fant@webmaissistemas.com.br";"10/07/2026 10:18";"5";""
3056;"Os 4 pilares de uma oratória de impacto ";"Os 4 pilares de uma oratória de impacto";"Izabel Cristina";"";"izabel.cristina@voipdobrasil.com.br";"10/07/2026 09:16";"5";""
3403;"Como impulsionar o crescimento de receita alavancando canais de distribuição";"Como impulsionar o crescimento de receita alavancando canais de distribuição";"Carla Fant";"";"carla.fant@webmaissistemas.com.br";"10/07/2026 09:00";"5";""
3573;"Executivos de Vendas: ""SPIN Selling em negociações complexas"" com Pamela Gottschalk";"SPIN Selling em negociações complexas";"Jacqueline Molina";"";"jacqueline.molina@tecnogera.com.br";"10/07/2026 06:44";"5";""
3061;"Como calcular e demonstrar o ROI para o cliente";"Como calcular e demonstrar o ROI para o cliente";"Carlos Dias";"";"carlosdias@nasajon.com.br";"09/07/2026 19:05";"5";""
3937;"Módulo 1: Especialização em Prospecção - Geração de Demanda Prevísivel";"Programa Especialização em Prospecção";"ELOISE MIRANDA APOLINÁRIO";"";"eloise.miranda@captei.com.br";"09/07/2026 18:42";"5";""
3653;"Como se preparar para suas reuniões comerciais usando IA";"Como se preparar para suas reuniões comerciais usando IA";"Carlos Dias";"";"carlosdias@nasajon.com.br";"09/07/2026 18:31";"5";""
2999;"Planejamento de Métricas de Execução";"Planejamento de Métricas de Execução";"Carlos Dias";"";"carlosdias@nasajon.com.br";"09/07/2026 18:29";"5";""
3964;"Erros comuns em pitch de vendas";"Erros comuns em pitch de vendas";"Moisés Souza de Paula";"";"moidepaula@hotmail.com";"09/07/2026 14:49";"5";""
3598;"Engenharia de Valor para Provar ROI";"Engenharia de Valor para Provar ROI";"Carlos Dias";"";"carlosdias@nasajon.com.br";"09/07/2026 14:34";"5";""
3790;"Conteúdos e habilidades que um profissional de Gestão Comercial precisa saber";"Inicie sua jornada de Gestão por aqui";"Gustavo Brandão";"";"gb@timol.com.br";"09/07/2026 11:05";"5";""
3055;"Estoicismo aplicado à venda: disciplina, paciência e resultado";"Estoicismo aplicado à venda: disciplina, paciência e resultado";"Rubens Matos Quintero";"";"rubens.matos@ptarental.com.br";"09/07/2026 09:37";"5";""
3592;"Como provar valor ao cliente?";"Como provar valor ao cliente?";"Carlos Dias";"";"carlosdias@nasajon.com.br";"09/07/2026 09:01";"5";""
3602;"Qualificação de Oportunidades";"Qualificação de Oportunidades";"Carlos Dias";"";"carlosdias@nasajon.com.br";"08/07/2026 18:03";"5";""
3060;"Metodologia MEDDPICC para vendas enterprise";"Metodologia MEDDPICC para vendas enterprise";"Carlos Dias";"";"carlosdias@nasajon.com.br";"08/07/2026 17:55";"5";""
3850;"Módulo 2: Certificação de Vendedores B2B - Pitch, Storytelling e Oratória Comercial";"Módulo 2: Certificação de Vendedores B2B - Pitch, Storytelling e Oratória Comercial";"Gabriela Oliveira";"";"gabrielam2dtelecom@gmail.com";"08/07/2026 17:07";"5";"Informações muito claras, que aula de oratória!"
3759;"Fluxo de cadência e follow up";"Fluxo de cadência e follow up";"Carlos Dias";"";"carlosdias@nasajon.com.br";"08/07/2026 16:57";"5";""
3592;"Como provar valor ao cliente?";"Como provar valor ao cliente?";"DANIELA FERNANDES";"";"daniela.fernandes@ptarental.com.br";"08/07/2026 16:54";"5";""
3420;"Como estruturar um programa de canais do zero";"Como estruturar um programa de canais do zero";"Aline Galvão";"36788435812";"alinegalvao@provale.com.br";"08/07/2026 15:45";"4";""
3424;"SDRs: ""Comunicação não violenta em conversas difíceis"" com Cindy Carbonari da Alicerce";"Comunicação não violenta em conversas difíceis";"DANIELA FERNANDES";"";"daniela.fernandes@ptarental.com.br";"08/07/2026 14:11";"5";""
3636;"Jolt Effect: Como vencer a indecisão do cliente";"Jolt Effect: Como vencer a indecisão do cliente";"DANIELA FERNANDES";"";"daniela.fernandes@ptarental.com.br";"08/07/2026 13:10";"5";""
3698;"5 - O profissional do FUTURO, com Michelle Schneider | Vamos de Vendas #49";"5 - O profissional do FUTURO, com Michelle Schneider | Vamos de Vendas #49";"Ana Carolina Santana";"";"vendas8@mundodaagua.com.br";"08/07/2026 09:49";"5";""
3727;"Como gerar mais oportunidades de vendas utilizando um fluxo de cadências na prospecção";"Como gerar mais oportunidades de vendas utilizando um fluxo de cadências na prospecção";"Bianca Vieira";"61464629340";"biancavieira@kedu.com.br";"07/07/2026 10:13";"5";""
3509;"SDRs: ""Otimizando o Fluxo de Contato com Leads"" com Myrian Mourão";"Otimizando o Fluxo de Contato com Leads";"Sabrina Machado";"11677684933";"sabrina.machado@eai.net.br";"07/07/2026 10:06";"5";""
3870;"Módulo 5: Programa de Gestão -  Rotinas de gestão comercial rituais, processos e ferramentas";"Módulo 5: Programa de Gestão -  Rotinas de gestão comercial rituais, processos e ferramentas";"Bianca Vieira";"61464629340";"biancavieira@kedu.com.br";"07/07/2026 09:37";"5";""
3510;"SDRs: ""Transformar objeções em oportunidades"" com Winnicius Cunha";"Transformar objeções em oportunidades";"DANIELA FERNANDES";"";"daniela.fernandes@ptarental.com.br";"07/07/2026 09:26";"5";""
3661;" Recuperando a confiança em momentos de baixo desempenho";"Recuperando a confiança em momentos de baixo desempenho";"VIVIANE LOPES FERREIRA";"";"viviane.ferreira@catho.com";"07/07/2026 07:25";"5";"Já amando o conteúdo com varios insides"
3770;"Storytelling para SDR: como abrir conversas sem soar genérico";"Storytelling para SDR: como abrir conversas sem soar genérico";"Carlos Andrade";"";"comercial2@galtecom.com.br";"06/07/2026 19:32";"5";""
4019;"Como aplicar ABM em pré-vendas";"Como aplicar ABM em pré-vendas";"Bruna Gonzaga";"";"bruna.gonzaga@scoremedia.com.br";"06/07/2026 17:38";"5";""
3818;"Técnicas de negociação de preço e desconto";"Técnicas de negociação de preço e desconto";"NAYARA MAIA";"";"comercial.nayara@goolifebr.com.br";"06/07/2026 16:41";"3";""
3339;"SDRs com Denise Maia ""Abordagens Inteligentes usando Social Selling""";"Abordagens Inteligentes usando Social Selling";"Landerson Massari";"";"landerson@implantecbrasil.com.br";"06/07/2026 16:37";"5";""
4032;"Módulo 5: Certificação de Vendedores B2B - Habilidades Essenciais e Rotina do Vendedor";"Certificação de Vendedores B2B";"Carlos Dias";"";"carlosdias@nasajon.com.br";"06/07/2026 11:36";"5";""
3651;"Consistência em resultados: como ter previsibilidade para bater metas";"Consistência em resultados: como ter previsibilidade para bater metas";"Jacqueline Molina";"";"jacqueline.molina@tecnogera.com.br";"05/07/2026 21:51";"5";""
3039;"119. PipeLovers Executivos de Vendas: ";"Gatilhos que aceleram a jornada de compra";"LUANA LIBERATO DE OLIVEIRA";"";"luana.oliveira@infojobs.com.br";"05/07/2026 14:44";"5";""
3219;"SPIN Selling como metodologia em todo funil de vendas ";"SPIN Selling como metodologia em todo funil de vendas";"LUANA LIBERATO DE OLIVEIRA";"";"luana.oliveira@infojobs.com.br";"05/07/2026 14:17";"5";""
3041;"Mapeando influenciadores e decisores na venda B2B";"Mapeando influenciadores e decisores na venda B2B";"ALEX SANDER BROCHETTO SILVA";"";"alex@compostos.com.br";"05/07/2026 10:50";"5";"Muito bom, como é bom acompanhar o material da PipeLovers...."
3592;"Como provar valor ao cliente?";"Como provar valor ao cliente?";"Peterson Soares";"17700278822";"petersonsoaresdj@gmail.com";"04/07/2026 21:11";"5";""
3655;"Value Based Selling: entregando valor ao seu cliente";"Value Based Selling: entregando valor ao seu cliente";"Peterson Soares";"17700278822";"petersonsoaresdj@gmail.com";"04/07/2026 19:07";"5";""
3060;"Metodologia MEDDPICC para vendas enterprise";"Metodologia MEDDPICC para vendas enterprise";"Priscilane Cavalcante Soares";"";"priscilane.imperbrasce@gmail.com";"04/07/2026 18:50";"5";"Gostei!"
3759;"Fluxo de cadência e follow up";"Fluxo de cadência e follow up";"Sabrina Machado";"11677684933";"sabrina.machado@eai.net.br";"03/07/2026 17:37";"5";""
3631;"Como criar um senso de urgência sem ser agressivo";"Como criar um senso de urgência sem ser agressivo";"LUANA LIBERATO DE OLIVEIRA";"";"luana.oliveira@infojobs.com.br";"03/07/2026 16:29";"5";"TOP"
3655;"Value Based Selling: entregando valor ao seu cliente";"Value Based Selling: entregando valor ao seu cliente";"DANIELA FERNANDES";"";"daniela.fernandes@ptarental.com.br";"03/07/2026 11:45";"5";""
4043;"Maximizando a Prospecção";"Maximizando a Prospecção";"Carlos Dias";"";"carlosdias@nasajon.com.br";"03/07/2026 11:26";"5";""
3188;"O seu lead está com medo?";"O seu lead está com medo?";"Filipe Matos dos Santos";"02530758077";"filipe.santos@estuda.com";"03/07/2026 11:12";"5";""
3996;"Rituais de Gestão de Vendas";"Rituais de Gestão de Vendas";"GIULIA CLARO";"";"giulia.claro@pipelovers.net";"03/07/2026 10:40";"5";""
3988;"Estrutura de mensagens de abertura que despertam interesse";"Estrutura de mensagens de abertura que despertam interesse";"Jamur Sandro Macaneiro";"";"jamur.macaneiro@becomex.com.br";"02/07/2026 17:58";"5";""
3774;"Reuniões com C-level: abordagem consultiva para ganhar credibilidade";"Reuniões com C-level: abordagem consultiva para ganhar credibilidade";"Jamur Sandro Macaneiro";"";"jamur.macaneiro@becomex.com.br";"02/07/2026 17:13";"5";"Parabéns!"
3587;"Estratégias de Negociação";"Estratégias de Negociação";"DANIELA FERNANDES";"";"daniela.fernandes@ptarental.com.br";"02/07/2026 15:09";"5";""
3554;"SDRs: ""Como identificar e explorar oportunidades de Upsell ?"" com Esther Nam";"Como identificar e explorar oportunidades de Upsell ?";"DANIELA FERNANDES";"";"daniela.fernandes@ptarental.com.br";"02/07/2026 13:40";"5";"Conteúdo de grande valia, conhecimento adquirido que pode ser utilizado no dia a dia, facilitando a comunicação e destravas nas negociações. "
3567;"SDRs: ""Planejamento e organização para bater a meta"" com Luciano Tomazi";"Planejamento e organização para bater a meta";"Lucas da Silva de Oliveira";"";"lucas.oliveira@monde.com.br";"02/07/2026 12:55";"5";""
3823;"Como usar o whatsapp para vender mais";"Como usar o whatsapp para vender mais";"Gabriela Oliveira";"";"gabrielam2dtelecom@gmail.com";"02/07/2026 10:45";"5";"Curso super interativo e contribuiu muito para dinamica dos meus atendimentos"
3836;"WhatsApp que converte: como conduzir a conversa até a reunião";"WhatsApp que converte: como conduzir a conversa até a reunião";"Daniel Pirangibe";"20512692700";"danielfreitaspirangibe1@gmail.com";"02/07/2026 10:32";"5";"Sensacional!"
3489;"SDRs: ""Contorno de objeções na prospecção B2B"" com Jordete Braga";"Contorno de objeções na prospecção B2B";"Lucas da Silva de Oliveira";"";"lucas.oliveira@monde.com.br";"02/07/2026 08:33";"5";"Jordete domina muito"
3551;"SDRs: ""O pitch perfeito: Gancho, valor e call to action"" com Rafaela Schultz";"O pitch perfeito: Gancho, valor e call to action";"Lucas da Silva de Oliveira";"";"lucas.oliveira@monde.com.br";"01/07/2026 23:40";"5";""
3584;"Como ajustar seu discurso para diferentes perfis de clientes";"Como ajustar seu discurso para diferentes perfis de clientes";"LUANA LIBERATO DE OLIVEIRA";"";"luana.oliveira@infojobs.com.br";"01/07/2026 18:32";"5";""
3171;"Spin Selling como você nunca viu: O poder das perguntas para fechar mais negócios";"Spin Selling como você nunca viu: O poder das perguntas para fechar mais negócios";"LUANA LIBERATO DE OLIVEIRA";"";"luana.oliveira@infojobs.com.br";"01/07/2026 17:39";"5";"Realmente ajudou a expandir a minha forma de aplicar o SPIN SELLING. Toques simples para gerar mais impacto."
3646;"Prospecção analítica: Estratégias para aumentar a conversão";"Prospecção analítica: Estratégias para aumentar a conversão";"MATHEUS MACIEL";"";"matheus.maciel@ptarental.com.br";"01/07/2026 11:41";"5";""
3460;"Melhores práticas de rampagem de Vendedores ";"Melhores práticas de rampagem de Vendedores";"Rubens Matos Quintero";"";"rubens.matos@ptarental.com.br";"01/07/2026 04:59";"4";""
3937;"Módulo 1: Especialização em Prospecção - Geração de Demanda Prevísivel";"Programa Especialização em Prospecção";"Hanry Teixeira";"";"hanry.teixeira@engeformenergia.com.br";"30/06/2026 18:37";"5";""
3765;"Onboarding e Customer Success do parceiro";"Onboarding e Customer Success do parceiro";"João Fabricio";"";"joao.fabricio@pipelovers.net";"30/06/2026 15:13";"5";""
3820;"Métricas que todo vendedor deve saber (e acompanhar)";"Métricas que todo vendedor deve saber (e acompanhar)";"LUCIMARA	ORTEGA";"15793587802";"lucimara.ortega@inntecnet.com.br";"30/06/2026 09:30";"5";""
3642;"Novo Material";"O que o livro negócio fechado pode te ensinar sobre negociação";"Cesar	Ferro";"";"cesar.ferro@tnusistemas.com.br";"30/06/2026 09:24";"3";""
4017;"Social Selling no B2B e novas formas de prospectar pelo LinkedIn, com Rodrigo Chernhak";"Social Selling no B2B e novas formas de prospectar pelo LinkedIn, com Rodrigo Chernhak";"Rayane Aniely Nascimento De Lima";"";"rayane.lima@bmchyundai.com.br";"30/06/2026 08:33";"4";""
3939;"Como personalizar o CRM em mercados de paixão: o caso Petlove";"Como personalizar o CRM em mercados de paixão: o caso Petlove, com Stefano Balian";"Rayane Aniely Nascimento De Lima";"";"rayane.lima@bmchyundai.com.br";"30/06/2026 08:28";"4";""
3044;"Discovery e causa raiz: como investigar o problema certo antes de vender";"Discovery e causa raiz: como investigar o problema certo antes de vender";"Franciney Palheta Perdigão";"02666042936";"franciney.perdigao@tecnogera.com.br";"29/06/2026 20:14";"5";"Minha primeira aula e experiência com a Pipelovers, quero parabenizar a didática escolhida para transmitir o conhecimento e mostrar a importância de colocar o mesmo em prática para que, dessa forma a evolução seja contínua."
3635;"Técnicas para redução do ciclo de venda: Ativando senso de urgência";"Técnicas para redução do ciclo de venda: Ativando senso de urgência";"Tamires Santos";"";"tamires.santos@voipdobrasil.com.br";"29/06/2026 16:55";"4";""
3914;"Como conduzir conversas difíceis com os leads";"Como conduzir conversas difíceis com os leads";"Michel Luis Caldas de Souza";"";"michel.souza@zohocorp.com";"29/06/2026 13:50";"5";""
4034;"Mapeando o Perfil Comportamental do seu Lead (Metodologia DISC)";"Mapeando o Perfil Comportamental do seu Lead (Metodologia DISC)";"Cintia Teresa Tobias";"";"cintia.tobias@centric.com.br";"29/06/2026 12:58";"5";"As aulas da Fernanda, são ótimas. "
3849;"Módulo 1:  Certificação de Vendedores B2B - Prospecção Inteligente e Geração de Demanda";"Módulo 1:  Certificação de Vendedores B2B - Prospecção Inteligente e Geração de Demanda";"Gabriela Oliveira";"";"gabrielam2dtelecom@gmail.com";"28/06/2026 14:46";"5";"Super dinâmico, muito aprendizado!"
3388;"SDRs ""Escuta Ativa"" com Guilherme Bonaroti";"Escuta Ativa";"Daniel";"";"smilionario47@gmail.com";"28/06/2026 12:20";"5";""
3196;"Novo Material";"Como tomar decisões mais inteligentes usando dados";"Waldenia Oliveira";"";"waldenia.oliveira@tecnogera.com.br";"27/06/2026 21:39";"5";""
3727;"Como gerar mais oportunidades de vendas utilizando um fluxo de cadências na prospecção";"Como gerar mais oportunidades de vendas utilizando um fluxo de cadências na prospecção";"KAROLYNE GLUSZCZYNSKI";"";"karolyne.gluszczynski@falavinha.com.br";"27/06/2026 13:50";"5";""
3224;"Gamification na gestão comercial";"Gamification na gestão comercial";"Gustavo Zanchettin de Souza";"";"gustavo@transfastlog.com.br";"27/06/2026 13:18";"5";"aula muito boa e dinamic, muitas informações para conseguir engajar e estimular a equipe para sempre afiar o machado e aumentar os resultados!"
4010;"Como SDRs podem reduzir objeções de custo nas primeiras conversas";"Como SDRs podem reduzir objeções de custo nas primeiras conversas";"Michel Luis Caldas de Souza";"";"michel.souza@zohocorp.com";"26/06/2026 20:04";"5";"A calma do Lucas em explicar foi sensacional."
3344;"SDRs com Ana Duccini “Produtividade Baseada em Cadência e Gestão do Tempo”";"Produtividade Baseada em Cadência e Gestão do Tempo";"Maria Luiza	Maluf Zanetti";"";"maria.zanetti@monde.com.br";"26/06/2026 17:32";"5";"MARAVILHOSA!"
3571;"Executivos de Vendas: ""Técnicas de oratória para executivos de vendas"" com Beatriz Ko ";"Técnicas de oratória para executivos de vendas";"Lucas Araujo";"23060367809";"lucas.araujo@teruya.com.br";"26/06/2026 17:01";"5";""
3994;"Estratégias para cultivar relacionamentos com clientes e gerar novas oportunidades";"Estratégias para cultivar relacionamentos com clientes e gerar novas oportunidades";"Daniel Morais";"";"daniel@grupopremieralimentos.com.br";"26/06/2026 14:43";"5";""
3549;"SDRs: ""Técnicas para transformar ""agora não"" em ""vamos marcar"" "" com Ricardo Alvarinho";"Técnicas para transformar ""agora não"" em ""vamos marcar""";"Maria Luiza	Maluf Zanetti";"";"maria.zanetti@monde.com.br";"26/06/2026 12:08";"5";""
3044;"Discovery e causa raiz: como investigar o problema certo antes de vender";"Discovery e causa raiz: como investigar o problema certo antes de vender";"Izabel Cristina";"";"izabel.cristina@voipdobrasil.com.br";"26/06/2026 09:35";"4";"Aula excelente!!!"
3721;"Técnicas de organização de funil para previsibilidade";"Técnicas de organização de funil para previsibilidade";"Paula Manuela Silveira Paixão Santos";"06972348510";"paula@ayoapp.com.br";"25/06/2026 21:20";"5";""
4034;"Mapeando o Perfil Comportamental do seu Lead (Metodologia DISC)";"Mapeando o Perfil Comportamental do seu Lead (Metodologia DISC)";"Bianca	Marques";"";"bianca.marques@monde.com.br";"25/06/2026 14:22";"5";"Sempre um conteúdos rico com a Fer!"
3628;"Novo Material";"Arquitetura de uma oferta irrecusável";"Carlos Dias";"";"carlosdias@nasajon.com.br";"25/06/2026 14:12";"5";""
3770;"Storytelling para SDR: como abrir conversas sem soar genérico";"Storytelling para SDR: como abrir conversas sem soar genérico";"Michel Luis Caldas de Souza";"";"michel.souza@zohocorp.com";"25/06/2026 14:07";"5";"Acabei de assistir pela segunda vez esta baita aula. Rodrigo tem uma oratória espetacular!!!!"
3573;"Executivos de Vendas: ""SPIN Selling em negociações complexas"" com Pamela Gottschalk";"SPIN Selling em negociações complexas";"Carlos Dias";"";"carlosdias@nasajon.com.br";"25/06/2026 13:07";"5";""
3676;"Novo Material";"Qual o papel de vendas na estrutura de RevOps";"Walter Brito";"";"walter@intexfy.com";"25/06/2026 12:36";"5";""
3567;"SDRs: ""Planejamento e organização para bater a meta"" com Luciano Tomazi";"Planejamento e organização para bater a meta";"Ana Paula Arruda Reis";"";"anapaula.arruda@sylloscompany.com";"25/06/2026 12:12";"5";""
3549;"SDRs: ""Técnicas para transformar ""agora não"" em ""vamos marcar"" "" com Ricardo Alvarinho";"Técnicas para transformar ""agora não"" em ""vamos marcar""";"Lucas Santos";"";"lucassilva@kedu.com.br";"25/06/2026 09:43";"5";""
4013;"Metodologia avançada de vendas consultivas";"Metodologia avançada de vendas consultivas";"Carlos Dias";"";"carlosdias@nasajon.com.br";"25/06/2026 08:50";"5";""
3942;"Dados, rituais e decisões: o que faz Marketing virar pipeline";"Dados, rituais e decisões: o que faz Marketing virar pipeline, com Diego Cordovez";"Walter Brito";"";"walter@intexfy.com";"24/06/2026 23:04";"5";""
3060;"Metodologia MEDDPICC para vendas enterprise";"Metodologia MEDDPICC para vendas enterprise";"ISABELA LUCAS NUNES";"";"isabela.nunes@catho.com";"24/06/2026 17:15";"5";"Excelente conteúdo, vou aplicar no meu dia a dia!"
3889;"Técnicas de Negociação ";"Técnicas de Negociação ";"Sabrina Machado";"11677684933";"sabrina.machado@eai.net.br";"24/06/2026 16:01";"5";""
3631;"Como criar um senso de urgência sem ser agressivo";"Como criar um senso de urgência sem ser agressivo";"NAYARA MAIA";"";"comercial.nayara@goolifebr.com.br";"24/06/2026 15:58";"5";""
3079;"Como usar cases de sucesso para acelerar vendas";"Como usar cases de sucesso para acelerar vendas";"Carlos Dias";"";"carlosdias@nasajon.com.br";"24/06/2026 15:10";"5";""
4008;"Matriz de Kraljic: como comprador compra o seu produto";"Matriz de Kraljic: como comprador compra o seu produto";"Carlos Dias";"";"carlosdias@nasajon.com.br";"24/06/2026 13:42";"5";""
3072;"Como gerar engajamento em reuniões online";"Como gerar engajamento em reuniões online";"Daniel Gomes de Andrade";"36476742817";"daniel@compostos.com.br";"24/06/2026 08:07";"5";""
4036;"Módulo 6: Especialização em Prospecção - Mapa de Poder & Multi-Threading";"Programa Especialização em Prospecção";"Bianca	Marques";"";"bianca.marques@monde.com.br";"23/06/2026 18:00";"4";""
4018;"Módulo 5: Especialização em Prospecção - Gestão de Objeções ";"Programa Especialização em Prospecção";"Bianca	Marques";"";"bianca.marques@monde.com.br";"23/06/2026 17:59";"4";""
4012;"Módulo 4: Especialização em Prospecção - Mensagens que geram conversão: WhatsApp, Linkedin e E-mail ";"Programa Especialização em Prospecção";"Bianca	Marques";"";"bianca.marques@monde.com.br";"23/06/2026 17:59";"4";""
3992;"Módulo 3: Especialização em Prospecção - Produtividade, Cadência e Consistência ";"Programa Especialização em Prospecção";"Bianca	Marques";"";"bianca.marques@monde.com.br";"23/06/2026 17:59";"4";""
3937;"Módulo 1: Especialização em Prospecção - Geração de Demanda Prevísivel";"Programa Especialização em Prospecção";"Bianca	Marques";"";"bianca.marques@monde.com.br";"23/06/2026 17:59";"5";""
3962;"Módulo 2: Especialização em Prospecção - Engenharia da Atenção ";"Programa Especialização em Prospecção";"Bianca	Marques";"";"bianca.marques@monde.com.br";"23/06/2026 17:58";"4";""
3028;"Dar e receber feedback com clareza";"Dar e receber feedback com clareza";"Michel Luis Caldas de Souza";"";"michel.souza@zohocorp.com";"23/06/2026 13:43";"5";"Conteúdo muito necessário. Carol sempre com ótima didática!!!!"
3631;"Como criar um senso de urgência sem ser agressivo";"Como criar um senso de urgência sem ser agressivo";"Bruno Cubo";"";"bruno.cubo@monde.com.br";"23/06/2026 11:46";"5";""
4012;"Módulo 4: Especialização em Prospecção - Mensagens que geram conversão: WhatsApp, Linkedin e E-mail ";"Programa Especialização em Prospecção";"Deiva de Souza Rocha";"";"deiva.rocha@tecnogera.com.br";"22/06/2026 21:35";"5";""
3937;"Módulo 1: Especialização em Prospecção - Geração de Demanda Prevísivel";"Programa Especialização em Prospecção";"Gabriel Goulart de Albuquerque";"";"gabriel.albuquerque@ayko.tech";"22/06/2026 16:34";"5";"Ótima aula!"
4036;"Módulo 6: Especialização em Prospecção - Mapa de Poder & Multi-Threading";"Programa Especialização em Prospecção";"Carla Fant";"";"carla.fant@webmaissistemas.com.br";"22/06/2026 12:02";"5";"As aulas com o Pagotto sempre abrem novas janelas de conhecimento
"
3847;"Estruturando um processo Anti No-show";"Estruturando um processo Anti No-show";"Guilherme Córdova";"";"guilherme.cordova@zohocorp.com";"22/06/2026 10:31";"5";""
3759;"Fluxo de cadência e follow up";"Fluxo de cadência e follow up";"Analu Novelli";"";"analunovelli@voipdobrasil.com.br";"21/06/2026 22:07";"5";"Aula TOP, prática e próxima a realidade da rotina de vendas."
4012;"Módulo 4: Especialização em Prospecção - Mensagens que geram conversão: WhatsApp, Linkedin e E-mail ";"Programa Especialização em Prospecção";"Taisi Goulart";"";"taise.goulart@umbler.com";"21/06/2026 17:04";"5";""
3961;"Como aprofundar o diagnóstico na primeira conversa";"Como aprofundar o diagnóstico na primeira conversa";"Lolis Transportes Internacionais Ltda.";"";"walter.spo@lolis.com.br";"21/06/2026 15:47";"3";""
3084;"Definição de Metas Baseado em Capacity";"Definição de Metas Baseado em Capacity";"Gustavo Zanchettin de Souza";"";"gustavo@transfastlog.com.br";"21/06/2026 00:20";"2";"muitos slides em ingles e explicações rasas sobre o assunto de capacidade, como avaliar capacidade do executivo ou empresa"
3207;"Saúde Mental para Lideres de Vendas";"Saúde Mental para Lideres de Vendas";"Gustavo Zanchettin de Souza";"";"gustavo@transfastlog.com.br";"19/06/2026 20:29";"5";""
3559;"Lidando com o não: o que separa SDRs comuns dos que sempre batem meta";"Lidando com o não: o que separa SDRs comuns dos que sempre batem meta";"Michel Luis Caldas de Souza";"";"michel.souza@zohocorp.com";"19/06/2026 20:08";"4";""
3707;"Processo, forecast e previsibilidade na prática";"Processo, forecast e previsibilidade na prática";"Sheila Bastos";"";"sheila.bastos@hsm.com.br";"19/06/2026 17:05";"4";""
3598;"Engenharia de Valor para Provar ROI";"Engenharia de Valor para Provar ROI";"Paulo Ferreira";"";"sac@cartosul.com";"19/06/2026 16:13";"5";"Evento expetecular!"
3994;"Estratégias para cultivar relacionamentos com clientes e gerar novas oportunidades";"Estratégias para cultivar relacionamentos com clientes e gerar novas oportunidades";"Indrid Karolini";"";"karolini@directcall.com.br";"19/06/2026 13:58";"5";""
3964;"Erros comuns em pitch de vendas";"Erros comuns em pitch de vendas";"Indrid Karolini";"";"karolini@directcall.com.br";"19/06/2026 13:05";"5";""
3597;"Priorização de Carteira de Clientes";"Priorização de Carteira de Clientes";"Gabriele Miranda ";"";"myfitgabriele@gmail.com";"19/06/2026 11:19";"5";"Conteúdo muito bom! "
3424;"SDRs: ""Comunicação não violenta em conversas difíceis"" com Cindy Carbonari da Alicerce";"Comunicação não violenta em conversas difíceis";"Fabio 	Rosa";"";"fabio.rosa@logithink.it";"18/06/2026 18:44";"5";""
3571;"Executivos de Vendas: ""Técnicas de oratória para executivos de vendas"" com Beatriz Ko ";"Técnicas de oratória para executivos de vendas";"Paloma Pereira Gomes Bahia";"";"paloma.bahia@acspro.com.br";"18/06/2026 17:54";"5";""
3632;"Prática de negociação com metodologia de Harvard";"Prática de negociação com metodologia de Harvard";"Paloma Pereira Gomes Bahia";"";"paloma.bahia@acspro.com.br";"18/06/2026 17:53";"5";""
2703;"Carreira e Crescimento em Vendas para Executivos de Vendas";"Carreira e Crescimento em Vendas para Executivos de Vendas";"Paloma Pereira Gomes Bahia";"";"paloma.bahia@acspro.com.br";"18/06/2026 17:52";"5";""
3808;"Como usar autoconhecimento para ajustar seu estilo de gestão";"Como usar autoconhecimento para ajustar seu estilo de gestão";"RODRIGO WEBER";"";"weber@cartrom.com.br";"18/06/2026 17:20";"4";""
3388;"SDRs ""Escuta Ativa"" com Guilherme Bonaroti";"Escuta Ativa";"Claudineia";"";"claudineia.zuqui@starian.com";"17/06/2026 14:28";"5";"Conteúdo claro, prático e muito útil para o dia a dia em vendas."
3344;"SDRs com Ana Duccini “Produtividade Baseada em Cadência e Gestão do Tempo”";"Produtividade Baseada em Cadência e Gestão do Tempo";"KAROLYNE GLUSZCZYNSKI";"";"karolyne.gluszczynski@falavinha.com.br";"17/06/2026 12:53";"5";""
3734;"Arquitetura de Vendas de Alta Performance";"Arquitetura de Vendas de Alta Performance";"Moisés Souza de Paula";"";"moidepaula@hotmail.com";"17/06/2026 11:37";"5";""
3641;"Controle de ansiedade em meio às mudanças";"Controle de ansiedade em meio às mudanças";"Bianca	Marques";"";"bianca.marques@monde.com.br";"16/06/2026 13:55";"5";""
3850;"Módulo 2: Certificação de Vendedores B2B - Pitch, Storytelling e Oratória Comercial";"Módulo 2: Certificação de Vendedores B2B - Pitch, Storytelling e Oratória Comercial";"Gabriel Batista";"";"gabriel.batista@elephan.ai";"16/06/2026 12:41";"5";""
3195;"Cadência como processo: como estruturar interações comerciais de forma eficiente";"Cadência como processo: como estruturar interações comerciais de forma eficiente";"Amanda Rocha Tribess";"";"amanda.tribess@starian.com";"16/06/2026 12:22";"5";""
3922;"ACELERANDO NEGOCIAÇÕES: HACKS PRÁTICOS PARA FECHAMENTO";"ACELERANDO NEGOCIAÇÕES: HACKS PRÁTICOS PARA FECHAMENTO";"Sabrina Machado";"11677684933";"sabrina.machado@eai.net.br";"16/06/2026 11:23";"5";""
3632;"Prática de negociação com metodologia de Harvard";"Prática de negociação com metodologia de Harvard";"JULIANA PACHECO";"";"juliana.pacheco@progic.com.br";"16/06/2026 10:26";"5";""
4007;"Como identificar oportunidades de expansão em clientes da carteira";"Como identificar oportunidades de expansão em clientes da carteira";"Laiara S. R. Da Silva";"";"laiara.silva@questores.com.br";"16/06/2026 09:52";"5";""
2998;"Metodologia SPICED da Winning by Design";"Metodologia SPICED da Winning by Design";"Sabrina Machado";"11677684933";"sabrina.machado@eai.net.br";"16/06/2026 08:59";"5";""
3217;"Follow-up na prática: o que falar, quando e por quê";"Follow-up na prática: o que falar, quando e por quê";"Cesar	Ferro";"";"cesar.ferro@tnusistemas.com.br";"15/06/2026 16:57";"5";""
3044;"Discovery e causa raiz: como investigar o problema certo antes de vender";"Discovery e causa raiz: como investigar o problema certo antes de vender";"NAYARA MAIA";"";"comercial.nayara@goolifebr.com.br";"15/06/2026 16:28";"4";""
3510;"SDRs: ""Transformar objeções em oportunidades"" com Winnicius Cunha";"Transformar objeções em oportunidades";"Natalia Pimenta";"";"natalia.pimenta@progic.com.br";"15/06/2026 15:05";"4";""
3788;"Criando a cultura de treinamento na sua empresa";"Inicie sua jornada de Gestão por aqui";"Tarcília 	Platenik";"";"tarcilia.platenick@oacsolar.com.br";"15/06/2026 15:02";"5";""
3718;"Qualificação de oportunidades com SPIN Selling";"Qualificação de oportunidades com SPIN Selling";"NAYARA MAIA";"";"comercial.nayara@goolifebr.com.br";"15/06/2026 14:27";"3";""
3727;"Como gerar mais oportunidades de vendas utilizando um fluxo de cadências na prospecção";"Como gerar mais oportunidades de vendas utilizando um fluxo de cadências na prospecção";"Amanda Rocha Tribess";"";"amanda.tribess@starian.com";"15/06/2026 13:42";"5";""
3038;"Por que o telefone ainda supera e-mails e mensagens na primeira conexão?";"Por que o telefone ainda supera e-mails e mensagens na primeira conexão?";"KAROLYNE GLUSZCZYNSKI";"";"karolyne.gluszczynski@falavinha.com.br";"15/06/2026 12:49";"5";""
3838;"Diagnóstico de oportunidade: como identificar o cliente certo na pré-venda";"Diagnóstico de oportunidade: como identificar o cliente certo na pré-venda";"Maria Luiza	Maluf Zanetti";"";"maria.zanetti@monde.com.br";"15/06/2026 12:39";"5";""
3556;"SDRs: ""Como expandir sua rede em eventos"" com Gabriela Ehlert";"Como expandir sua rede em eventos";"Camila	Lima";"";"camila.lima@questores.com.br";"15/06/2026 11:58";"5";""
3050;"Antes do pitch: como usar o contexto do lead pra abrir portas";"Antes do pitch: como usar o contexto do lead pra abrir portas";"Felipe Gabriel Souto Meireles";"";"felipe.meireles@umbler.com";"15/06/2026 09:15";"3";""
3773;"Vendedores felizes vendem mais";"Vendedores felizes vendem mais";"Eliane Fharia";"";"comercial5@plugcomponentes.com.br";"14/06/2026 17:38";"5";""
3630;"Como lidar com conversas difíceis";"Como lidar com conversas difíceis";"Paula Manuela Silveira Paixão Santos";"06972348510";"paula@ayoapp.com.br";"14/06/2026 15:31";"5";""
3045;"Neurovendas: como adaptar seu processo comercial à lógica de decisão do cérebro humano";"Neurovendas: como adaptar seu processo comercial à lógica de decisão do cérebro humano";"Eliane Fharia";"";"comercial5@plugcomponentes.com.br";"14/06/2026 14:47";"5";""
3037;"Boas práticas de mensagens no Linkedin e WhatsApp";"Boas práticas de mensagens no Linkedin e WhatsApp";"KAROLYNE GLUSZCZYNSKI";"";"karolyne.gluszczynski@falavinha.com.br";"14/06/2026 13:02";"5";""
4016;"Saúde, Vendas e Tecnologia: do relacionamento à receita, com Pedro Rodrigues (Alice) ";"Saúde, Vendas e Tecnologia: do relacionamento à receita, com Pedro Rodrigues (Alice) ";"Paula Cristaldo";"";"paulacristaldo@gmail.com";"14/06/2026 12:03";"5";"excelente conteudo"
3337;"SDRs com Oshry Vidal ""Aumento de Conversão na Prospecção""";"Aumento de Conversão na Prospecção";"Eliane Fharia";"";"comercial5@plugcomponentes.com.br";"13/06/2026 21:29";"5";""
4018;"Módulo 5: Especialização em Prospecção - Gestão de Objeções ";"Programa Especialização em Prospecção";"Jamur Sandro Macaneiro";"";"jamur.macaneiro@becomex.com.br";"13/06/2026 11:59";"5";"Muito bom!!"
4012;"Módulo 4: Especialização em Prospecção - Mensagens que geram conversão: WhatsApp, Linkedin e E-mail ";"Programa Especialização em Prospecção";"Jamur Sandro Macaneiro";"";"jamur.macaneiro@becomex.com.br";"13/06/2026 11:33";"5";""
3992;"Módulo 3: Especialização em Prospecção - Produtividade, Cadência e Consistência ";"Programa Especialização em Prospecção";"Jamur Sandro Macaneiro";"";"jamur.macaneiro@becomex.com.br";"13/06/2026 10:48";"5";"Cordovez, você é sensacional. Parabéns!!!"
3919;"Metodologia GPCT para qualificação de oportunidades";"Metodologia GPCT para qualificação de oportunidades";"Lucas da Silva de Oliveira";"";"lucas.oliveira@monde.com.br";"12/06/2026 15:38";"5";""
3502;"Construção (e evolução) de cadências de prospecção ativa";"Construção (e evolução) de cadências de prospecção ativa";"Paulo Ferreira";"";"sac@cartosul.com";"12/06/2026 09:12";"5";"Excelente! Ótima apresentação. ""Pecou"" na posição da câmera. Ficou deslocada para baixo (nada que tenha afetado o conteúdo), mas como estamos todos focados na melhoria contínua, acho que vale o toque.  "
3551;"SDRs: ""O pitch perfeito: Gancho, valor e call to action"" com Rafaela Schultz";"O pitch perfeito: Gancho, valor e call to action";"Eliane Fharia";"";"comercial5@plugcomponentes.com.br";"11/06/2026 20:30";"5";""
3549;"SDRs: ""Técnicas para transformar ""agora não"" em ""vamos marcar"" "" com Ricardo Alvarinho";"Técnicas para transformar ""agora não"" em ""vamos marcar""";"Anabel Velásquez";"";"anabel.velasquez@starian.com";"11/06/2026 15:52";"5";"CURSO MUITO BOM, AMEI. "
3523;"SDRs: ""Personaliozando pitches para diferentes segmentos "" com Camely Rabelo";"Personalizando pitches para diferentes segmentos";"Bianca	Marques";"";"bianca.marques@monde.com.br";"11/06/2026 15:35";"4";""
3836;"WhatsApp que converte: como conduzir a conversa até a reunião";"WhatsApp que converte: como conduzir a conversa até a reunião";"Aline	Franco";"";"aline.f@upflux.ai";"11/06/2026 14:13";"5";""
1953;"162 - Metodologia GPCT para qualificação de oportunidades com Jony Nardes";"Metodologia GPCT para qualificação de oportunidades";"Amanda Rocha Tribess";"";"amanda.tribess@starian.com";"11/06/2026 13:20";"5";""
4018;"Módulo 5: Especialização em Prospecção - Gestão de Objeções ";"Programa Especialização em Prospecção";"Carla Fant";"";"carla.fant@webmaissistemas.com.br";"11/06/2026 11:12";"5";""
3962;"Módulo 2: Especialização em Prospecção - Engenharia da Atenção ";"Programa Especialização em Prospecção";"Carla Fant";"";"carla.fant@webmaissistemas.com.br";"11/06/2026 11:12";"5";""
4012;"Módulo 4: Especialização em Prospecção - Mensagens que geram conversão: WhatsApp, Linkedin e E-mail ";"Programa Especialização em Prospecção";"Carla Fant";"";"carla.fant@webmaissistemas.com.br";"11/06/2026 11:12";"5";""
3249;"Como mapear a jornada de compra do seu cliente";"Como mapear a jornada de compra do seu cliente";"Mirella Pinheiro";"";"financeiro@onbeefapp.com.br";"11/06/2026 09:42";"5";""
4019;"Como aplicar ABM em pré-vendas";"Como aplicar ABM em pré-vendas";"Eliane Fharia";"";"comercial5@plugcomponentes.com.br";"10/06/2026 22:40";"5";""
3364;"SDRs com Bianca Junqueira ""SPIN Selling na Prospecção""";"SPIN Selling na Prospecção";"Jessica Fernandes";"";"jessicafernandes@harmoniza.pro";"10/06/2026 21:40";"5";""
3439;"Challenger Sales na prospecção: como provocar o lead do jeito certo";"Challenger Sales na prospecção: como provocar o lead do jeito certo";"Amanda Rocha Tribess";"";"amanda.tribess@starian.com";"10/06/2026 16:44";"5";""
3772;"Técnicas de Rapport para prospecção";"Técnicas de Rapport para prospecção";"Amanda Rocha Tribess";"";"amanda.tribess@starian.com";"10/06/2026 14:02";"5";""
3217;"Follow-up na prática: o que falar, quando e por quê";"Follow-up na prática: o que falar, quando e por quê";"Mirella Pinheiro";"";"financeiro@onbeefapp.com.br";"10/06/2026 10:37";"5";""
3559;"Lidando com o não: o que separa SDRs comuns dos que sempre batem meta";"Lidando com o não: o que separa SDRs comuns dos que sempre batem meta";"Eliane Fharia";"";"comercial5@plugcomponentes.com.br";"10/06/2026 00:07";"5";""
3792;"Criando a cultura de treinamento na sua empresa";"Inicie sua jornada de Pré Vendas por aqui";"Daiane Dutra";"";"daiane.dutra@tecnogera.com.br";"09/06/2026 18:39";"5";"Muito bom!"
3937;"Módulo 1: Especialização em Prospecção - Geração de Demanda Prevísivel";"Programa Especialização em Prospecção";"Deborah	Araujo";"";"deborah.araujo@pagutil.com.br";"09/06/2026 17:51";"5";""
3502;"Construção (e evolução) de cadências de prospecção ativa";"Construção (e evolução) de cadências de prospecção ativa";"Natalia Pimenta";"";"natalia.pimenta@progic.com.br";"09/06/2026 17:39";"4";""
4019;"Como aplicar ABM em pré-vendas";"Como aplicar ABM em pré-vendas";"Carla Fant";"";"carla.fant@webmaissistemas.com.br";"09/06/2026 17:27";"5";""
3060;"Metodologia MEDDPICC para vendas enterprise";"Metodologia MEDDPICC para vendas enterprise";"Amanda Schiante Brasil";"";"amanda.brasil@tecnogera.com.br";"09/06/2026 13:00";"5";""
3067;"Planejamento Comercial: ""Os desafios de um Country Manager em novos mercados""";"Os desafios de um Country Manager em novos mercados";"Moisés Souza de Paula";"";"moidepaula@hotmail.com";"09/06/2026 09:46";"5";""
3644;"Leads não pagam boletos: o que falta na ponte entre marketing e vendas";"Leads não pagam boletos: o que falta na ponte entre marketing e vendas";"RODRIGO WEBER";"";"weber@cartrom.com.br";"09/06/2026 09:18";"3";""
3583;"Conexão em abordagens frias: como fugir do óbvio e conquistar atenção";"Conexão em abordagens frias: como fugir do óbvio e conquistar atenção";"Amanda Rocha Tribess";"";"amanda.tribess@starian.com";"09/06/2026 09:06";"5";""
3822;"Condução de reuniões presenciais com grandes contas";"Condução de reuniões presenciais com grandes contas";"Javan Máximo dos Santos";"";"javan.santos@totalpass.com.br";"09/06/2026 08:08";"5";""
3549;"SDRs: ""Técnicas para transformar ""agora não"" em ""vamos marcar"" "" com Ricardo Alvarinho";"Técnicas para transformar ""agora não"" em ""vamos marcar""";"Carlos Andrade";"";"comercial2@galtecom.com.br";"08/06/2026 21:04";"5";""
3440;"Como criar conexão na comunicação escrita";"Como criar conexão na comunicação escrita";"Rafaela Nunes dos Santos";"";"vendas33@pado.com.br";"08/06/2026 16:55";"5";""
3914;"Como conduzir conversas difíceis com os leads";"Como conduzir conversas difíceis com os leads";"Cintia Teresa Tobias";"";"cintia.tobias@centric.com.br";"08/06/2026 16:34";"5";"AMEI. "
3772;"Técnicas de Rapport para prospecção";"Técnicas de Rapport para prospecção";"Luiza Barçante";"";"luiza.barcante@medika.com.br";"08/06/2026 12:37";"5";""
3563;"SDRs: ";"Os 8 Ímãs da atenção: Capturando o interesse do lead desde o primeiro contato";"Amanda Rocha Tribess";"";"amanda.tribess@starian.com";"08/06/2026 09:38";"5";""
3965;"O papel do rapport na venda";"O papel do rapport na venda";"Eliane Fharia";"";"comercial5@plugcomponentes.com.br";"07/06/2026 19:24";"5";""
3723;"Como vender para diferentes perfis comportamentais (DISC)";"Como vender para diferentes perfis comportamentais (DISC)";"Waldenia Oliveira";"";"waldenia.oliveira@tecnogera.com.br";"07/06/2026 18:56";"5";""
3726;"A tríade da competência em vendas (TCV) - Conhecimento, Habilidade e Atitude";"A tríade da competência em vendas (TCV) - Conhecimento, Habilidade e Atitude";"Waldenia Oliveira";"";"waldenia.oliveira@tecnogera.com.br";"07/06/2026 18:54";"5";""
3725;"Negociação faixa preta: técnicas e habilidades para vender mais e superar os desafios atuais";"Negociação faixa preta: técnicas e habilidades para vender mais e superar os desafios atuais";"Waldenia Oliveira";"";"waldenia.oliveira@tecnogera.com.br";"07/06/2026 18:51";"5";""
3583;"Conexão em abordagens frias: como fugir do óbvio e conquistar atenção";"Conexão em abordagens frias: como fugir do óbvio e conquistar atenção";"Eliane Fharia";"";"comercial5@plugcomponentes.com.br";"07/06/2026 15:14";"5";""
3873;"Módulo 2 - Recrutamento, Remuneração e Desenvolvimento de Equipes Comerciais";"Programa de Gestão de Vendas B2B";"Bruno Soares";"";"brunosoares@saudeeseguros.com";"06/06/2026 23:19";"5";""
3038;"Por que o telefone ainda supera e-mails e mensagens na primeira conexão?";"Por que o telefone ainda supera e-mails e mensagens na primeira conexão?";"Mary";"";"contato@dryit.com.br";"06/06/2026 18:47";"5";""
3721;"Técnicas de organização de funil para previsibilidade";"Técnicas de organização de funil para previsibilidade";"Eliane Fharia";"";"comercial5@plugcomponentes.com.br";"05/06/2026 17:46";"5";"Essa aula foi muito fundamental para me organizar e afinizar com o meu funil-Carteira, aplique e deu super certo. Muito obrigada pelo conteúdo 👏🏼"
3712;"Como fugir da guerra de preços com concorrentes?";"Como fugir da guerra de preços com concorrentes?";"Thaliane Maciel L Alves de Oliveira";"";"thalianeml@ciroradiologia.com.br";"05/06/2026 15:53";"5";""
3038;"Por que o telefone ainda supera e-mails e mensagens na primeira conexão?";"Por que o telefone ainda supera e-mails e mensagens na primeira conexão?";"Paulo Ferreira";"";"sac@cartosul.com";"05/06/2026 15:26";"5";""
3849;"Módulo 1:  Certificação de Vendedores B2B - Prospecção Inteligente e Geração de Demanda";"Módulo 1:  Certificação de Vendedores B2B - Prospecção Inteligente e Geração de Demanda";"ADRIANA CRISTINA DA SILVA";"";"adriana.silva@attos.ind.br";"05/06/2026 14:09";"5";""
3836;"WhatsApp que converte: como conduzir a conversa até a reunião";"WhatsApp que converte: como conduzir a conversa até a reunião";"Carlos Andrade";"";"comercial2@galtecom.com.br";"05/06/2026 11:36";"5";""
3849;"Módulo 1:  Certificação de Vendedores B2B - Prospecção Inteligente e Geração de Demanda";"Módulo 1:  Certificação de Vendedores B2B - Prospecção Inteligente e Geração de Demanda";"Samuel	Barreto";"";"samuel.barreto@nelsys.com.br";"05/06/2026 11:31";"5";""
3961;"Como aprofundar o diagnóstico na primeira conversa";"Como aprofundar o diagnóstico na primeira conversa";"Daniel Morais";"";"daniel@grupopremieralimentos.com.br";"05/06/2026 03:42";"5";""
3567;"SDRs: ""Planejamento e organização para bater a meta"" com Luciano Tomazi";"Planejamento e organização para bater a meta";"Cleyson	Brilhante";"";"cleyson@proesc.com";"04/06/2026 18:22";"5";""
3606;"Controlando a ansiedade em vendas";"Controlando a ansiedade em vendas";"Paulo Ferreira";"";"sac@cartosul.com";"04/06/2026 13:15";"5";""
3364;"SDRs com Bianca Junqueira ""SPIN Selling na Prospecção""";"SPIN Selling na Prospecção";"Carlos Andrade";"";"comercial2@galtecom.com.br";"04/06/2026 11:48";"5";""
3038;"Por que o telefone ainda supera e-mails e mensagens na primeira conexão?";"Por que o telefone ainda supera e-mails e mensagens na primeira conexão?";"Agenor William de Sousa Ferreira";"";"agenorsousa@kedu.com.br";"04/06/2026 11:43";"5";"Muito bom"
3964;"Erros comuns em pitch de vendas";"Erros comuns em pitch de vendas";"Welliton Luiz Baptista";"";"welliton.baptista@multibelt.com.br";"04/06/2026 04:53";"5";""
3661;" Recuperando a confiança em momentos de baixo desempenho";"Recuperando a confiança em momentos de baixo desempenho";"Camili Cunha Schumaher Valerio";"";"vendas2.vocical@grupovocical.com.br";"03/06/2026 15:50";"5";""
3914;"Como conduzir conversas difíceis com os leads";"Como conduzir conversas difíceis com os leads";"Camili Cunha Schumaher Valerio";"";"vendas2.vocical@grupovocical.com.br";"03/06/2026 14:33";"5";""
3549;"SDRs: ""Técnicas para transformar ""agora não"" em ""vamos marcar"" "" com Ricardo Alvarinho";"Técnicas para transformar ""agora não"" em ""vamos marcar""";"Cefora	Silva";"";"ceforasilva2@gmail.com";"03/06/2026 13:16";"5";""
3055;"Estoicismo aplicado à venda: disciplina, paciência e resultado";"Estoicismo aplicado à venda: disciplina, paciência e resultado";"Paulo Ferreira";"";"sac@cartosul.com";"03/06/2026 13:06";"5";"100% prático e útil. "
3055;"Estoicismo aplicado à venda: disciplina, paciência e resultado";"Estoicismo aplicado à venda: disciplina, paciência e resultado";"Paulo Ferreira";"";"sac@cartosul.com";"03/06/2026 13:06";"5";"100% prático e útil. "
3043;"Resiliência em vendas: Como superar rejeições constantes";"Resiliência em vendas: Como superar rejeições constantes";"Paulo Ferreira";"";"sac@cartosul.com";"03/06/2026 09:45";"5";"Ótimo e operacional. Processo aplicado com dados. Excelente!!!"
3351;"SDRs com Lucas Ribeiro e Carolina Souza ""Por quê os leads não respondem?""";"Por quê os leads não respondem?";"Bruna Cristina Romann Dalek";"";"bruna.dalek@eai.net.br";"02/06/2026 16:16";"3";""
3292;"Como fazer 1:1: Reuniões individuais de acompanhamento com seu time";"Como fazer 1:1: Reuniões individuais de acompanhamento com seu time";"Sabrina Machado";"11677684933";"sabrina.machado@eai.net.br";"02/06/2026 15:33";"5";"Um mundo novo, adorei"
3517;"SDRs: ""Aumentando a qualidade dos dados em bases de prospecção"" com Paulo Krieser";"Aumentando a qualidade dos dados em bases de prospecção";"Carla Fant";"";"carla.fant@webmaissistemas.com.br";"02/06/2026 14:17";"5";""
3723;"Como vender para diferentes perfis comportamentais (DISC)";"Como vender para diferentes perfis comportamentais (DISC)";"Gabriel Goulart de Albuquerque";"";"gabriel.albuquerque@ayko.tech";"02/06/2026 11:56";"5";""
3641;"Controle de ansiedade em meio às mudanças";"Controle de ansiedade em meio às mudanças";"Sabrina Machado";"11677684933";"sabrina.machado@eai.net.br";"02/06/2026 10:28";"5";"conteudo muito bom"
3043;"Resiliência em vendas: Como superar rejeições constantes";"Resiliência em vendas: Como superar rejeições constantes";"Bruna Sibeli Gomes de Paula";"";"bruna.sibeli@implantecbrasil.com.br";"02/06/2026 01:07";"5";"Muito bommm"
3661;" Recuperando a confiança em momentos de baixo desempenho";"Recuperando a confiança em momentos de baixo desempenho";"Paulo Ferreira";"";"sac@cartosul.com";"01/06/2026 17:03";"5";"Muito Bom! Devemos SEMPRE fazer TUDO aquilo que estiver ao nosso alcançe. Afinal, devemos fazer tudo bem-feito e da 1ª vez. Sem desculpas.
""Bora prá Cima"""
3962;"Módulo 2: Especialização em Prospecção - Engenharia da Atenção ";"Programa Especialização em Prospecção";"Jamur Sandro Macaneiro";"";"jamur.macaneiro@becomex.com.br";"01/06/2026 16:05";"5";"Excelente!!"
3551;"SDRs: ""O pitch perfeito: Gancho, valor e call to action"" com Rafaela Schultz";"O pitch perfeito: Gancho, valor e call to action";"Samuel	Barreto";"";"samuel.barreto@nelsys.com.br";"01/06/2026 15:24";"5";""
3812;"Estrutura de uma operação de gestão de carteira (CS)";"Estrutura de uma operação de gestão de carteira (CS)";"Mirella Pinheiro";"";"financeiro@onbeefapp.com.br";"01/06/2026 14:49";"5";""
3655;"Value Based Selling: entregando valor ao seu cliente";"Value Based Selling: entregando valor ao seu cliente";"Benvindo Nogueira Menezes";"";"benvindo.menezes@okser.com.br";"29/05/2026 17:48";"5";"Otima Aula, bons insights e dicas para o dia a dia no mundo de vendas"
3565;"SDRs: ";"A passagem que faz vender: o que não pode faltar quando o SDR entrega pro closer";"Michele	Sena";"";"michele.sena@proesc.com";"29/05/2026 17:06";"5";""
3636;"Jolt Effect: Como vencer a indecisão do cliente";"Jolt Effect: Como vencer a indecisão do cliente";"NAYARA MAIA";"";"comercial.nayara@goolifebr.com.br";"29/05/2026 16:12";"4";""
3961;"Como aprofundar o diagnóstico na primeira conversa";"Como aprofundar o diagnóstico na primeira conversa";"Mariete Santana da Silva";"";"mariete.silva@grupopremieralimentos.com.br";"29/05/2026 09:52";"5";""
3044;"Discovery e causa raiz: como investigar o problema certo antes de vender";"Discovery e causa raiz: como investigar o problema certo antes de vender";"Fernando luiz Pedroso";"";"fernando.pedroso@eai.net.br";"29/05/2026 09:51";"5";""
3519;"SDRs: ""Maximizando o potencial do e-mail"" com Denise Ozaki";"Maximizando o potencial do e-mail";"Samuel	Barreto";"";"samuel.barreto@nelsys.com.br";"29/05/2026 09:12";"5";""
3900;"LinkedIn para pré-vendedores: o básico que funciona";"LinkedIn para pré-vendedores: o básico que funciona";"Heloísa da Silva Naysinger";"";"heloisa.naysinger@vmlcomp.com.br";"29/05/2026 09:02";"5";""
3507;"Novo Material";"Reduzindo No-show na prospecção outbound";"Natasha Cavaresi";"";"natasha.cavaresi@proesc.com";"28/05/2026 22:57";"5";""
3584;"Como ajustar seu discurso para diferentes perfis de clientes";"Como ajustar seu discurso para diferentes perfis de clientes";"Eliane Fharia";"";"comercial5@plugcomponentes.com.br";"28/05/2026 22:23";"5";""
3566;"SDRs: ";"Cold Calling Sucks: dicas do livro para perder o medo e fazer ligações";"Eliane Fharia";"";"comercial5@plugcomponentes.com.br";"28/05/2026 22:04";"5";""
3572;" Executivos de Vendas: ""Top performers: habitos , rotinas e atitudes de vendedores";"Top performers: habitos , rotinas e atitudes de vendedores que batem meta";"Paulo Ferreira";"";"sac@cartosul.com";"28/05/2026 14:31";"5";"PDCA na veia! 
"
3439;"Challenger Sales na prospecção: como provocar o lead do jeito certo";"Challenger Sales na prospecção: como provocar o lead do jeito certo";"Eliane Fharia";"";"comercial5@plugcomponentes.com.br";"28/05/2026 12:44";"5";""
4012;"Módulo 4: Especialização em Prospecção - Mensagens que geram conversão: WhatsApp, Linkedin e E-mail ";"Programa Especialização em Prospecção";"Giliane Silveira Santos de Oliveira";"38696303881";"giliane.oliveira@estuda.com";"28/05/2026 11:20";"5";""
3037;"Boas práticas de mensagens no Linkedin e WhatsApp";"Boas práticas de mensagens no Linkedin e WhatsApp";"Amanda Aparecida Costa Brandao";"";"amanda.brandao@solides.com.br";"28/05/2026 09:01";"5";""
3510;"SDRs: ""Transformar objeções em oportunidades"" com Winnicius Cunha";"Transformar objeções em oportunidades";"Samuel	Barreto";"";"samuel.barreto@nelsys.com.br";"28/05/2026 08:37";"5";""
3871;"Reativação de contas inativas";"Reativação de contas inativas";"Eliane Fharia";"";"comercial5@plugcomponentes.com.br";"27/05/2026 20:11";"5";""
3754;"Como passar pela secretária";"Como passar pela secretária";"Eliane Fharia";"";"comercial5@plugcomponentes.com.br";"27/05/2026 19:39";"5";""
3358;"SDRs com Pedro Caldeira ""Como ser um SDR Top Performer?""";"Como ser um SDR Top Performer?";"Alecsandro da Silva";"";"alecsandro.silva@implantecbrasil.com.br";"27/05/2026 17:43";"5";"Muito rico o conteúdo."
3915;"Networking para SDRs: como trocar, aprender e abrir portas";"Networking para SDRs: como trocar, aprender e abrir portas";"Gislaine	Silva";"";"gislainesilva@indecx.com.br";"27/05/2026 17:18";"5";""
3634;"Venda com autoridade: como dominar o negócio e segmento do cliente";"Venda com autoridade: como dominar o negócio e segmento do cliente";"Mateus Silveira Lopes";"";"mateus.lopes@agromed-patent.com.br";"27/05/2026 17:05";"5";""
3841;"Networking para se tornar referência no seu mercado";"Networking para se tornar referência no seu mercado";"Raul Moreira de Souza";"";"raul.moreira@vinhotinta.com";"27/05/2026 16:16";"4";""
3792;"Criando a cultura de treinamento na sua empresa";"Inicie sua jornada de Pré Vendas por aqui";"Joyce";"";"joycesantos@kedu.com.br";"27/05/2026 14:01";"5";""
3566;"SDRs: ";"Cold Calling Sucks: dicas do livro para perder o medo e fazer ligações";"Samuel	Barreto";"";"samuel.barreto@nelsys.com.br";"27/05/2026 13:51";"5";""
3727;"Como gerar mais oportunidades de vendas utilizando um fluxo de cadências na prospecção";"Como gerar mais oportunidades de vendas utilizando um fluxo de cadências na prospecção";"Bruna Pacheco";"";"bruna.michele@virtux.com.br";"27/05/2026 13:10";"5";""
3879;"Como tomar decisões difíceis na liderança comercial";"Como tomar decisões difíceis na liderança comercial";"RODRIGO WEBER";"";"weber@cartrom.com.br";"27/05/2026 08:37";"5";""
3816;"Linguagem corporal na prática: técnica, intenção e confiança";"Linguagem corporal na prática: técnica, intenção e confiança";"Paulo Ferreira";"";"sac@cartosul.com";"27/05/2026 08:12";"5";"Marcieli é sinônimo de excelência. Muito TOP!"
3959;"Técnicas de Vendas B2B: o que líderes precisam garantir no time";"Técnicas de Vendas B2B: o que líderes precisam garantir no time";"JOAO NETO";"";"joao.neto@solides.com.br";"26/05/2026 17:57";"5";""
3760;"Gerando conexão com o lead no primeiro contato";"Gerando conexão com o lead no primeiro contato";"Natalia Pimenta";"";"natalia.pimenta@progic.com.br";"26/05/2026 16:18";"5";""
3056;"Os 4 pilares de uma oratória de impacto ";"Os 4 pilares de uma oratória de impacto";"Paulo Ferreira";"";"sac@cartosul.com";"26/05/2026 16:14";"5";"Excelente! ""Quem não se comunica... se trumpica""..."
3774;"Reuniões com C-level: abordagem consultiva para ganhar credibilidade";"Reuniões com C-level: abordagem consultiva para ganhar credibilidade";"Fabio Melo";"";"fabio.melo@zohocorp.com";"26/05/2026 16:04";"5";"A melhor aula até agora...mostrou na prática como faz, não ficou enrolando. 

"
3860;"Como pensar como um pré vendas estratégico";"Como pensar como um pré vendas estratégico";"Rafael";"";"rafaelnobre@kedu.com.br";"26/05/2026 15:02";"5";""
3645;"Gatilhos para upsell e cross-sell na jornada do cliente";"Gatilhos para upsell e cross-sell na jornada do cliente";"Paulo Ferreira";"";"sac@cartosul.com";"26/05/2026 11:35";"5";"100% prático e por isso completamente aplicável ao dia a dia. TOP!"
3836;"WhatsApp que converte: como conduzir a conversa até a reunião";"WhatsApp que converte: como conduzir a conversa até a reunião";"Denize Siqueira";"";"denizesouza@kedu.com.br";"26/05/2026 08:10";"5";""
3817;"Vendendo para CFO: como estruturar proposta, discurso e números";"Vendendo para CFO: como estruturar proposta, discurso e números";"LUCIMARA	ORTEGA";"15793587802";"lucimara.ortega@inntecnet.com.br";"25/05/2026 10:11";"4";""
3044;"Discovery e causa raiz: como investigar o problema certo antes de vender";"Discovery e causa raiz: como investigar o problema certo antes de vender";"Leonardo Santana de Oliveira Tomaz";"";"leonardo.tomaz@translovato.com.br";"24/05/2026 13:54";"5";""
3900;"LinkedIn para pré-vendedores: o básico que funciona";"LinkedIn para pré-vendedores: o básico que funciona";"Leonardo Santana de Oliveira Tomaz";"";"leonardo.tomaz@translovato.com.br";"24/05/2026 13:50";"4";""
3597;"Priorização de Carteira de Clientes";"Priorização de Carteira de Clientes";"Paulo Ferreira";"";"sac@cartosul.com";"22/05/2026 15:21";"5";"""Tirar a emoção"". "
3038;"Por que o telefone ainda supera e-mails e mensagens na primeira conexão?";"Por que o telefone ainda supera e-mails e mensagens na primeira conexão?";"Samuel	Barreto";"";"samuel.barreto@nelsys.com.br";"22/05/2026 14:05";"5";""
3857;"Módulo 4: Especialização em Prospecção - Mensagens que geram conversão (WhatsApp, LinkedIn e e-mail)";"Módulo 4: Especialização em Prospecção - Mensagens que geram conversão (WhatsApp, LinkedIn e e-mail)";"LUDMILA LOUZEIRA DE SALLES";"";"ludmila.salles@totvs.com.br";"22/05/2026 13:15";"5";""
3595;"Inteligência Artificial para Vendedores";"Inteligência Artificial para Vendedores";"Karla Neves Inoue";"";"tecnica@newsoft.etc.br";"22/05/2026 11:48";"5";""
3871;"Reativação de contas inativas";"Reativação de contas inativas";"Shayara Machado";"";"shayara.machado@uraniaplanetario.com.br";"22/05/2026 11:34";"5";""
3992;"Módulo 3: Especialização em Prospecção - Produtividade, Cadência e Consistência ";"Programa Especialização em Prospecção";"Carla Fant";"";"carla.fant@webmaissistemas.com.br";"22/05/2026 10:25";"5";""
3759;"Fluxo de cadência e follow up";"Fluxo de cadência e follow up";"Israel Silva Anunciacao Aires";"14419877626";"israel.aires@medika.com.br";"21/05/2026 12:31";"5";""
3587;"Estratégias de Negociação";"Estratégias de Negociação";"Paulo Ferreira";"";"sac@cartosul.com";"21/05/2026 11:04";"5";"Visão estratégica da negociação. Quem não se prepara não vende. Excelente!"
3640;"Vendas Enterprise: Estratégias para fechar grandes contas";"Vendas Enterprise: Estratégias para fechar grandes contas";"Juliana Mota Rosendo Tavares";"";"julianatavares@konstroi.com";"21/05/2026 10:17";"5";""
3900;"LinkedIn para pré-vendedores: o básico que funciona";"LinkedIn para pré-vendedores: o básico que funciona";"Bruna Bastos Borges";"";"bruna.borges@altageotecnia.com";"21/05/2026 09:55";"4";"Muito bom, excelente conteúdo."
3914;"Como conduzir conversas difíceis com os leads";"Como conduzir conversas difíceis com os leads";"Shayara Machado";"";"shayara.machado@uraniaplanetario.com.br";"20/05/2026 15:43";"5";""
3992;"Módulo 3: Especialização em Prospecção - Produtividade, Cadência e Consistência ";"Programa Especialização em Prospecção";"Danielle Baptista";"";"daniellebaprepres@gmail.com";"20/05/2026 12:31";"5";""
3054;"Definição de ICP para atuação em novos mercados";"Definição de ICP para atuação em novos mercados";"Fernanda de Souza";"";"fernandasc@ciroradiologia.com.br";"20/05/2026 11:11";"5";""
3510;"SDRs: ""Transformar objeções em oportunidades"" com Winnicius Cunha";"Transformar objeções em oportunidades";"Cefora	Silva";"";"ceforasilva2@gmail.com";"20/05/2026 09:05";"5";""
3962;"Módulo 2: Especialização em Prospecção - Engenharia da Atenção ";"Programa Especialização em Prospecção";"Paula Noronha";"";"paulamonikenoronha@gmail.com";"20/05/2026 08:58";"5";""
3489;"SDRs: ""Contorno de objeções na prospecção B2B"" com Jordete Braga";"Contorno de objeções na prospecção B2B";"Cefora	Silva";"";"ceforasilva2@gmail.com";"20/05/2026 08:39";"5";""
3790;"Conteúdos e habilidades que um profissional de Gestão Comercial precisa saber";"Inicie sua jornada de Gestão por aqui";"Priscila Cristina de Almeida Raimundo";"";"vendas2@bakkenhospitalar.com.br";"19/05/2026 18:02";"5";""
3771;"Venda com clareza: Storytelling e Argumentação para Executivos de Vendas";"Venda com clareza: Storytelling e Argumentação para Executivos de Vendas";"Paula Becker";"";"paula.becker@starian.com";"19/05/2026 13:49";"5";""
3044;"Discovery e causa raiz: como investigar o problema certo antes de vender";"Discovery e causa raiz: como investigar o problema certo antes de vender";"Paula Becker";"";"paula.becker@starian.com";"19/05/2026 12:29";"5";""
3655;"Value Based Selling: entregando valor ao seu cliente";"Value Based Selling: entregando valor ao seu cliente";"Paulo Ferreira";"";"sac@cartosul.com";"19/05/2026 09:20";"5";"100% prático. Excelente conteúdo.

Ressalva ao único comentário infeliz sobre o Depto de Qualidade.

Os principios e as ferramentas da Qualidade são cada vez mais ""absorvidos"" pelos profissionais de venda. 
Já os tiradores de pedido são aqueles que as criticam... 
Estes não passam de pagadores de café sem planejamento.

Mais uma piada de vendedor...
Existem os seres irracionais e os racionais.
Os vendedores estão no meio termo."
3962;"Módulo 2: Especialização em Prospecção - Engenharia da Atenção ";"Programa Especialização em Prospecção";"Danielle Baptista";"";"daniellebaprepres@gmail.com";"18/05/2026 16:58";"5";""
3718;"Qualificação de oportunidades com SPIN Selling";"Qualificação de oportunidades com SPIN Selling";"Mateus Silveira Lopes";"";"mateus.lopes@agromed-patent.com.br";"18/05/2026 16:50";"5";""
3061;"Como calcular e demonstrar o ROI para o cliente";"Como calcular e demonstrar o ROI para o cliente";"Paulo Ferreira";"";"sac@cartosul.com";"18/05/2026 16:22";"5";"ROI - Impacto - Ganhar $, economizar $ ou mitigar riscos. Excelente reflexão. Obrigado pela oportunidade."
3517;"SDRs: ""Aumentando a qualidade dos dados em bases de prospecção"" com Paulo Krieser";"Aumentando a qualidade dos dados em bases de prospecção";"Danielle Baptista";"";"daniellebaprepres@gmail.com";"18/05/2026 15:10";"5";""
3304;"SDRs com Gustavo Pagotto ";"Aprendizados de 100 Mentorias para SDRs";"Tatiane de Paula Ermenegildo";"";"tatiane.paula@medika.com.br";"18/05/2026 14:49";"4";""
3521;"SDRs: ""Como usar os gatilhos mentais a seu favor"" com Paula Olaf";"Como usar os gatilhos mentais a seu favor";"Tatiane de Paula Ermenegildo";"";"tatiane.paula@medika.com.br";"18/05/2026 14:40";"5";""
3914;"Como conduzir conversas difíceis com os leads";"Como conduzir conversas difíceis com os leads";"Danielle Baptista";"";"daniellebaprepres@gmail.com";"18/05/2026 14:11";"5";""
3794;"Conteúdos e habilidades que um profissional de Pré Vendas precisa saber";"Inicie sua jornada de Pré Vendas por aqui";"Danielle Baptista";"";"daniellebaprepres@gmail.com";"18/05/2026 12:52";"5";""
3792;"Criando a cultura de treinamento na sua empresa";"Inicie sua jornada de Pré Vendas por aqui";"Danielle Baptista";"";"daniellebaprepres@gmail.com";"18/05/2026 12:45";"5";""
3563;"SDRs: ";"Os 8 Ímãs da atenção: Capturando o interesse do lead desde o primeiro contato";"Mary";"";"contato@dryit.com.br";"18/05/2026 12:25";"5";""
3836;"WhatsApp que converte: como conduzir a conversa até a reunião";"WhatsApp que converte: como conduzir a conversa até a reunião";"Nilton Vaz";"";"njvrep@gmail.com";"18/05/2026 11:38";"4";"Muito boa palestra, sobre abordagem e negociações pelo wpp.. sempre bom ouvir e aprender um pouco mais."
3937;"Módulo 1: Especialização em Prospecção - Geração de Demanda Prevísivel";"Programa Especialização em Prospecção";"Taisi Goulart";"";"taise.goulart@umbler.com";"17/05/2026 21:44";"5";""
3718;"Qualificação de oportunidades com SPIN Selling";"Qualificação de oportunidades com SPIN Selling";"Paulo Ferreira";"";"sac@cartosul.com";"15/05/2026 17:08";"5";"Muito útil!!!
"
3965;"O papel do rapport na venda";"O papel do rapport na venda";"Daniel Morais";"";"daniel@grupopremieralimentos.com.br";"15/05/2026 15:26";"5";""
3993;"Escuta, Prioridade e Empatia: o triângulo da negociação";"Escuta, Prioridade e Empatia: o triângulo da negociação";"Cintia Teresa Tobias";"";"cintia.tobias@centric.com.br";"15/05/2026 13:04";"5";"Aula que aquece o coração e a mente. 
Foi ótima !"
3044;"Discovery e causa raiz: como investigar o problema certo antes de vender";"Discovery e causa raiz: como investigar o problema certo antes de vender";"Aline Galvão";"36788435812";"alinegalvao@provale.com.br";"15/05/2026 12:45";"4";""
3197;"A reta final da venda: da apresentação do preço ao fechamento";"A reta final da venda: da apresentação do preço ao fechamento";"Cesar	Ferro";"";"cesar.ferro@tnusistemas.com.br";"15/05/2026 10:59";"4";""
3573;"Executivos de Vendas: ""SPIN Selling em negociações complexas"" com Pamela Gottschalk";"SPIN Selling em negociações complexas";"Adriana Salcedo Shimada";"";"adriana.shimada1@gmail.com";"15/05/2026 09:53";"5";""
3038;"Por que o telefone ainda supera e-mails e mensagens na primeira conexão?";"Por que o telefone ainda supera e-mails e mensagens na primeira conexão?";"Júlia Nascimento de Azambuja";"";"bistex@bistex.com.br";"14/05/2026 17:41";"5";""
3054;"Definição de ICP para atuação em novos mercados";"Definição de ICP para atuação em novos mercados";"MAIKOM	ZAMBIANCHI";"";"maikom.zambianchi@exitotm.com.br";"14/05/2026 15:28";"5";"Muito claro a passada de conteúdo e exemplos."
3054;"Definição de ICP para atuação em novos mercados";"Definição de ICP para atuação em novos mercados";"Adriana Salcedo Shimada";"";"adriana.shimada1@gmail.com";"14/05/2026 14:08";"5";"A aula foi muito boa embora vejo que bem focada no gestor da empresa. Parte das decisões são da empresa e acho que ao mesmo tempo que querem vender para muitos clientes médios e grandes, não tem uma estratégia funcional. Falta uma logistica inteligente, flexibilidade de negociação - em cliente muitos grandes não é competitiva em preço, em clientes pequenos também tem dificuldade de atender em volumes menores. Mas valeu muito para identificar melhor quem posso atender."
3351;"SDRs com Lucas Ribeiro e Carolina Souza ""Por quê os leads não respondem?""";"Por quê os leads não respondem?";"Júlia Nascimento de Azambuja";"";"bistex@bistex.com.br";"14/05/2026 11:36";"5";""
3602;"Qualificação de Oportunidades";"Qualificação de Oportunidades";"Moisés Souza de Paula";"";"moidepaula@hotmail.com";"14/05/2026 11:22";"5";""
3735;"CRM na venda consultiva: Dicas práticas para gerenciar processos longos e complexos";"CRM na venda consultiva: Dicas práticas para gerenciar processos longos e complexos";"Júlia Nascimento de Azambuja";"";"bistex@bistex.com.br";"14/05/2026 10:25";"5";""
3937;"Módulo 1: Especialização em Prospecção - Geração de Demanda Prevísivel";"Programa Especialização em Prospecção";"Paula Noronha";"";"paulamonikenoronha@gmail.com";"14/05/2026 09:03";"5";""
3846;"Produtividade em vendas: como priorizar o que gera resultado";"Produtividade em vendas: como priorizar o que gera resultado";"João Paulo Ferreira";"03676338170";"vendas04.robraconsnp@grupovocical.com.br";"14/05/2026 08:43";"5";""
3041;"Mapeando influenciadores e decisores na venda B2B";"Mapeando influenciadores e decisores na venda B2B";"Moisés Souza de Paula";"";"moidepaula@hotmail.com";"13/05/2026 16:53";"5";""
3961;"Como aprofundar o diagnóstico na primeira conversa";"Como aprofundar o diagnóstico na primeira conversa";"Samuel	Barreto";"";"samuel.barreto@nelsys.com.br";"13/05/2026 14:01";"5";""
3965;"O papel do rapport na venda";"O papel do rapport na venda";"LUCIMARA	ORTEGA";"15793587802";"lucimara.ortega@inntecnet.com.br";"13/05/2026 09:30";"5";"Muito bom!"
3037;"Boas práticas de mensagens no Linkedin e WhatsApp";"Boas práticas de mensagens no Linkedin e WhatsApp";"Paulo Ferreira";"";"sac@cartosul.com";"13/05/2026 09:05";"5";"Muito informativo e construtivo. 
""Sair do automático e criar contexto"".
Comunicação! Muito Obrigado."
3344;"SDRs com Ana Duccini “Produtividade Baseada em Cadência e Gestão do Tempo”";"Produtividade Baseada em Cadência e Gestão do Tempo";"Fabio 	Rosa";"";"fabio.rosa@logithink.it";"12/05/2026 18:28";"5";""
3452;"SDRs: ""Você está qualificando ou só fazendo agendamento?"" com Dhionas Roell";"Você está qualificando ou só fazendo agendamento?";"Bianca	Marques";"";"bianca.marques@monde.com.br";"12/05/2026 18:05";"4";""
3044;"Discovery e causa raiz: como investigar o problema certo antes de vender";"Discovery e causa raiz: como investigar o problema certo antes de vender";"João Paulo Ferreira";"03676338170";"vendas04.robraconsnp@grupovocical.com.br";"12/05/2026 17:37";"5";""
3526;"SDRs: ""Mapeando o comportamento de diferentes consumidores"" com Augusto Canabrava";"Mapeando o comportamento de diferentes consumidores";"Aline Galvão";"36788435812";"alinegalvao@provale.com.br";"12/05/2026 17:08";"4";""
3347;"SDRs com Jessica Bosco e Fernanda Garcia “Técnicas de Cold Calling”";"Técnicas de Cold Calling";"Lucas da Silva de Oliveira";"";"lucas.oliveira@monde.com.br";"12/05/2026 16:16";"5";"Aula muito boa! Atendeu as expectativas, me deu direcionamento para usar nas minhas rotinas."
3521;"SDRs: ""Como usar os gatilhos mentais a seu favor"" com Paula Olaf";"Como usar os gatilhos mentais a seu favor";"Adrielly	Cordeiro Xavier";"";"adrielly.xavier@medika.com.br";"12/05/2026 14:18";"3";""
3916;"Gestão de canais: como estruturar, ativar e acompanhar parceiros";"Gestão de canais: como estruturar, ativar e acompanhar parceiros";"TALITA VENTURA";"";"talita.ventura@hellner.com.br";"12/05/2026 11:05";"5";""
3634;"Venda com autoridade: como dominar o negócio e segmento do cliente";"Venda com autoridade: como dominar o negócio e segmento do cliente";"TALITA VENTURA";"";"talita.ventura@hellner.com.br";"12/05/2026 10:52";"4";""
3759;"Fluxo de cadência e follow up";"Fluxo de cadência e follow up";"Moisés Souza de Paula";"";"moidepaula@hotmail.com";"12/05/2026 10:18";"5";""
3786;"Conteúdos e habilidades que um profissional de Vendas precisa saber";"Inicie sua jornada para Executivos por aqui";"Adriana Salcedo Shimada";"";"adriana.shimada1@gmail.com";"12/05/2026 09:13";"5";""
3718;"Qualificação de oportunidades com SPIN Selling";"Qualificação de oportunidades com SPIN Selling";"FRANCILENI ALVES";"";"vendas02.robraconsnp@grupovocical.com.br";"12/05/2026 08:52";"5";""
3847;"Estruturando um processo Anti No-show";"Estruturando um processo Anti No-show";"Cintia Teresa Tobias";"";"cintia.tobias@centric.com.br";"11/05/2026 14:03";"5";"Jessica Bosco, suas aulas sempre expandem nosso conhecimento. 
Muito obriga "
3175;"Hard e soft skills para gestão de canais";"Hard e soft skills para gestão de canais";"Isabella Vinseiro";"";"isabella.vinseiro@solides.com.br";"11/05/2026 11:52";"5";""
3900;"LinkedIn para pré-vendedores: o básico que funciona";"LinkedIn para pré-vendedores: o básico que funciona";"NAIARA FERNANDES";"";"naiara.fernandes@hellner.com.br";"11/05/2026 11:11";"5";"Adorei a aula e dinâmica. Aprendizados para ja sair aplicando. 
Gostaria de receber o link de agente de IA comentado na aula. Conseguem me ajudar?"
3415;"Como identificar o IPP (Perfil de Parceiro Ideal) ";"Como identificar o IPP (Perfil de Parceiro Ideal)";"Cristina Dietrich";"";"cristina.dietrich@zohocorp.com";"11/05/2026 10:32";"5";""
3133;"Produtividade em vendas";"Produtividade em vendas";"Júlia Nascimento de Azambuja";"";"bistex@bistex.com.br";"08/05/2026 16:29";"5";""
3822;"Condução de reuniões presenciais com grandes contas";"Condução de reuniões presenciais com grandes contas";"Daniel Morais";"";"daniel@grupopremieralimentos.com.br";"08/05/2026 12:06";"5";""
3640;"Vendas Enterprise: Estratégias para fechar grandes contas";"Vendas Enterprise: Estratégias para fechar grandes contas";"Rafael Ricione";"";"rafael.ricione@omniassessoria.com.br";"08/05/2026 10:20";"5";""
3816;"Linguagem corporal na prática: técnica, intenção e confiança";"Linguagem corporal na prática: técnica, intenção e confiança";"Maiara 	Aparecida dos Santos Rosa";"";"maiara@hyperiongestao.com.br";"07/05/2026 17:13";"5";""
3603;"Autogestão com metas de execução";"Autogestão com metas de execução";"Pedro Henrique Trovo Lopes";"";"pedro.lopes@dynamisimportadora.com.br";"07/05/2026 16:47";"4";""
3673;"Autogestão para Liderar";"Autogestão para Liderar";"Júlia Nascimento de Azambuja";"";"bistex@bistex.com.br";"07/05/2026 11:53";"5";""
3292;"Como fazer 1:1: Reuniões individuais de acompanhamento com seu time";"Como fazer 1:1: Reuniões individuais de acompanhamento com seu time";"Luiz	Eduardo";"";"luiz@goadvs.com.br";"06/05/2026 17:16";"5";""
3900;"LinkedIn para pré-vendedores: o básico que funciona";"LinkedIn para pré-vendedores: o básico que funciona";"Gislaine	Silva";"";"gislainesilva@indecx.com.br";"06/05/2026 16:22";"5";""
3962;"Módulo 2: Especialização em Prospecção - Engenharia da Atenção ";"Programa Especialização em Prospecção";"TALITA VENTURA";"";"talita.ventura@hellner.com.br";"06/05/2026 11:40";"5";""
3962;"Módulo 2: Especialização em Prospecção - Engenharia da Atenção ";"Programa Especialização em Prospecção";"Gleisiane Santos";"";"gleisianesantos@clear.ind.br";"06/05/2026 09:59";"5";"Aula extremamente relevante, que amplia a visão e abre novas possibilidades. Trouxe insights fora do óbvio, mas ao mesmo tempo simples de aplicar na prática."
3043;"Resiliência em vendas: Como superar rejeições constantes";"Resiliência em vendas: Como superar rejeições constantes";"Jaqueline Hirata";"";"jaqueline.hirata@totvs.com.br";"05/05/2026 17:47";"5";"Dica de livro muito boa. "
3305;"Forecast: Como estruturar processo e rotina";"Forecast: Como estruturar processo e rotina";"Luiz	Eduardo";"";"luiz@goadvs.com.br";"05/05/2026 16:53";"5";""
3754;"Como passar pela secretária";"Como passar pela secretária";"NAIARA FERNANDES";"";"naiara.fernandes@hellner.com.br";"05/05/2026 14:58";"5";""
3770;"Storytelling para SDR: como abrir conversas sem soar genérico";"Storytelling para SDR: como abrir conversas sem soar genérico";"Anabel Velásquez";"";"anabel.velasquez@starian.com";"05/05/2026 11:55";"5";""
3452;"SDRs: ""Você está qualificando ou só fazendo agendamento?"" com Dhionas Roell";"Você está qualificando ou só fazendo agendamento?";"Cefora	Silva";"";"ceforasilva2@gmail.com";"05/05/2026 10:40";"5";""
3205;"Rituais efetivos para Gestão de Vendas";"Rituais efetivos para Gestão de Vendas";"Patricia	Amaral";"";"patricia.amaral@confiaxseguros.com.br";"05/05/2026 10:27";"5";"muito válido , agora colocar em prática."
3846;"Produtividade em vendas: como priorizar o que gera resultado";"Produtividade em vendas: como priorizar o que gera resultado";"Moisés Souza de Paula";"";"moidepaula@hotmail.com";"05/05/2026 09:23";"5";""
3786;"Conteúdos e habilidades que um profissional de Vendas precisa saber";"Inicie sua jornada para Executivos por aqui";"ELIANE S. IMPROTA";"";"elianeimprota@outlook.com";"04/05/2026 22:55";"5";""
3818;"Técnicas de negociação de preço e desconto";"Técnicas de negociação de preço e desconto";"Moisés Souza de Paula";"";"moidepaula@hotmail.com";"04/05/2026 16:59";"5";""
3962;"Módulo 2: Especialização em Prospecção - Engenharia da Atenção ";"Programa Especialização em Prospecção";"Vitória Arruda";"";"vitoria.arruda@jexperts.com.br";"04/05/2026 12:11";"5";""
3819;"Apresentações comerciais que convertem";"Apresentações comerciais que convertem";"Daniel Morais";"";"daniel@grupopremieralimentos.com.br";"30/04/2026 17:42";"5";""
3640;"Vendas Enterprise: Estratégias para fechar grandes contas";"Vendas Enterprise: Estratégias para fechar grandes contas";"Mateus Silveira Lopes";"";"mateus.lopes@agromed-patent.com.br";"30/04/2026 16:20";"1";""
3661;" Recuperando a confiança em momentos de baixo desempenho";"Recuperando a confiança em momentos de baixo desempenho";"Jaqueline Hirata";"";"jaqueline.hirata@totvs.com.br";"30/04/2026 15:04";"5";"Show, Felipe passou um conteúdo que deu vários insights. 
Gratidão. Dicas de livro também foi top. "
3829;"Como adaptar sua comunicação para diferentes perfis de parceiros";"Como adaptar sua comunicação para diferentes perfis de parceiros";"Carla Fant";"";"carla.fant@webmaissistemas.com.br";"30/04/2026 11:32";"5";""
3818;"Técnicas de negociação de preço e desconto";"Técnicas de negociação de preço e desconto";"Bruno Ferraz de Carvalho";"";"bruno.ferraz@grupopremieralimentos.com.br";"30/04/2026 08:40";"5";""
3728;"Vendedorismo: como potencializar a auto performance das suas vendas";"Vendedorismo: como potencializar a auto performance das suas vendas";"Mateus Silveira Lopes";"";"mateus.lopes@agromed-patent.com.br";"29/04/2026 16:34";"5";""
3803;"Entendendo a dor do cliente desde a primeira conversa";"Entendendo a dor do cliente desde a primeira conversa";"Talitha Lima";"";"tali@expanzio.com.br";"29/04/2026 12:05";"5";""
3572;" Executivos de Vendas: ""Top performers: habitos , rotinas e atitudes de vendedores";"Top performers: habitos , rotinas e atitudes de vendedores que batem meta";"Dislene Pedroso";"36299608803";"dislene.pedroso@questores.com.br";"29/04/2026 11:03";"5";""
3855;"Módulo 2: Especialização em Prospecção - Engenharia da atenção";"Módulo 2: Especialização em Prospecção - Engenharia da atenção";"Cintia Teresa Tobias";"";"cintia.tobias@centric.com.br";"29/04/2026 10:38";"5";""
3504;" SDRs: "" Retomada de Leads Perdidos"" com Lucas Axel";"Retomada de Leads Perdidos";"Mariana Soares";"";"mariana.soares@uraniaplanetario.com.br";"28/04/2026 17:52";"5";""
3559;"Lidando com o não: o que separa SDRs comuns dos que sempre batem meta";"Lidando com o não: o que separa SDRs comuns dos que sempre batem meta";"NAYARA MAIA";"";"comercial.nayara@goolifebr.com.br";"28/04/2026 17:43";"5";""
3957;"Hacks essenciais para converter mais";"Hacks essenciais para converter mais";"Maiara 	Aparecida dos Santos Rosa";"";"maiara@hyperiongestao.com.br";"28/04/2026 16:30";"5";""
3855;"Módulo 2: Especialização em Prospecção - Engenharia da atenção";"Módulo 2: Especialização em Prospecção - Engenharia da atenção";"Carla Fant";"";"carla.fant@webmaissistemas.com.br";"28/04/2026 14:18";"5";""
1940;" 163 - Motivação em pré-vendas: Como descobrir o que sustenta sua alta perfomance";"Motivação em pré-vendas: como descobrir o que sustenta sua alta performance";"Bruna Santos de Andrade";"";"bruna@emusys.com.br";"28/04/2026 12:04";"5";""
3397;" SDRs ";"Mensagens de prospecção que convertem";"NAYARA MAIA";"";"comercial.nayara@goolifebr.com.br";"28/04/2026 11:09";"4";""
3855;"Módulo 2: Especialização em Prospecção - Engenharia da atenção";"Módulo 2: Especialização em Prospecção - Engenharia da atenção";"Flavia Ariane da Silva Quintal";"";"flavia.quintal@img.com.br";"27/04/2026 13:29";"5";""
3836;"WhatsApp que converte: como conduzir a conversa até a reunião";"WhatsApp que converte: como conduzir a conversa até a reunião";"Priscila";"";"priscila@inovacwb.com.br";"27/04/2026 11:01";"5";""
3723;"Como vender para diferentes perfis comportamentais (DISC)";"Como vender para diferentes perfis comportamentais (DISC)";"Gabrielle Motta";"08452045999";"gabrielle.motta@bext.vc";"26/04/2026 19:13";"5";"Animal!!!! Uma das melhores aulas que assisti aqui na Pipe"
3632;"Prática de negociação com metodologia de Harvard";"Prática de negociação com metodologia de Harvard";"BERNARDO PORCARO";"01872776728";"bernardo.porcaro@fonata.com.br";"26/04/2026 12:14";"5";""
3935;"COMO ORGANIZAR O DIA A DIA DE UMA OPERAÇÃ0 VOLUMOSA EM PRÉ VENDAS";"Como organizar o dia a dia de uma operação volumosa";"Lucas da Silva de Oliveira";"";"lucas.oliveira@monde.com.br";"25/04/2026 22:33";"5";""
3850;"Módulo 2: Certificação de Vendedores B2B - Pitch, Storytelling e Oratória Comercial";"Módulo 2: Certificação de Vendedores B2B - Pitch, Storytelling e Oratória Comercial";"Izabel Bonfim Cerqueira";"";"izabel.bonfim@e-inscricao.com";"24/04/2026 18:25";"5";""
3559;"Lidando com o não: o que separa SDRs comuns dos que sempre batem meta";"Lidando com o não: o que separa SDRs comuns dos que sempre batem meta";"Jose willys de santana";"";"jose.willys@teruya.com.br";"24/04/2026 15:48";"5";""
3848;"Metodologia BANT para qualificação de oportunidades";"Metodologia BANT para qualificação de oportunidades";"Larissa Frutuoso Chamarro";"38864294821";"larissa.oliveira@magis5.com.br";"24/04/2026 13:26";"5";""
3813;"Boas práticas para ciclos de vendas longos";"Boas práticas para ciclos de vendas longos";"Daniel Morais";"";"daniel@grupopremieralimentos.com.br";"24/04/2026 12:49";"4";""
3846;"Produtividade em vendas: como priorizar o que gera resultado";"Produtividade em vendas: como priorizar o que gera resultado";"Daniel Morais";"";"daniel@grupopremieralimentos.com.br";"24/04/2026 10:59";"5";""
3864;"Módulo 1: Certificação de Vendedores B2B Prospecção Inteligente e Geração de Demanda";"Certificação de Vendedores B2B";"SABRINA FERNANDA KLAEN";"";"sabrina.klaen@danka.com.br";"24/04/2026 09:15";"5";""
3631;"Como criar um senso de urgência sem ser agressivo";"Como criar um senso de urgência sem ser agressivo";"Jéssica Sansigolo";"";"jessica.sansigolo@img.com.br";"23/04/2026 18:20";"5";""
3044;"Discovery e causa raiz: como investigar o problema certo antes de vender";"Discovery e causa raiz: como investigar o problema certo antes de vender";"Edilucia Costa";"";"edilucia.costa@hostweb.cloud";"23/04/2026 18:01";"5";""
3819;"Apresentações comerciais que convertem";"Apresentações comerciais que convertem";"Tiago Silva";"";"tiago.silva@dynamisimportadora.com.br";"23/04/2026 17:34";"5";""
3819;"Apresentações comerciais que convertem";"Apresentações comerciais que convertem";"Pedro Henrique Trovo Lopes";"";"pedro.lopes@dynamisimportadora.com.br";"23/04/2026 16:47";"4";""
3645;"Gatilhos para upsell e cross-sell na jornada do cliente";"Gatilhos para upsell e cross-sell na jornada do cliente";"Ruan Diego Aguiar da Silva";"";"ruan.aguiar@acspro.com.br";"23/04/2026 11:08";"5";"Conteúdo prático e objetivo."
3579;"Melhores práticas de CRM para pré vendedores";"Melhores práticas de CRM para pré vendedores";"Larissa Frutuoso Chamarro";"38864294821";"larissa.oliveira@magis5.com.br";"23/04/2026 10:32";"5";""
3846;"Produtividade em vendas: como priorizar o que gera resultado";"Produtividade em vendas: como priorizar o que gera resultado";"Bruno Ferraz de Carvalho";"";"bruno.ferraz@grupopremieralimentos.com.br";"23/04/2026 10:05";"4";""
3865;"Módulo 2: Certificação de Vendedores B2B Pitch, Storytelling e Oratória Comercial";"Certificação de Vendedores B2B";"Ane Keli da Silva";"";"anekelli88@gmail.com";"22/04/2026 15:14";"5";""
3517;"SDRs: ""Aumentando a qualidade dos dados em bases de prospecção"" com Paulo Krieser";"Aumentando a qualidade dos dados em bases de prospecção";"Larissa Frutuoso Chamarro";"38864294821";"larissa.oliveira@magis5.com.br";"22/04/2026 14:41";"5";"Aula maravilhosa."
3786;"Conteúdos e habilidades que um profissional de Vendas precisa saber";"Inicie sua jornada para Executivos por aqui";"Larissa Frutuoso Chamarro";"38864294821";"larissa.oliveira@magis5.com.br";"22/04/2026 14:26";"5";""
3784;"O que é o Plano de Desenvolvimento Individual";"Inicie sua jornada para Executivos por aqui";"Larissa Frutuoso Chamarro";"38864294821";"larissa.oliveira@magis5.com.br";"22/04/2026 14:24";"5";""
3783;"Criando a cultura de treinamento na sua empresa";"Inicie sua jornada para Executivos por aqui";"Larissa Frutuoso Chamarro";"38864294821";"larissa.oliveira@magis5.com.br";"22/04/2026 14:24";"5";""
3380;"SDRs ""Fluxos de Cadência de Prospecção"" com Matheus Quirino";"Fluxos de Cadência de Prospecção";"Graciane Fernandes Vitor Pereira";"";"graciane.pereira@medika.com.br";"22/04/2026 14:14";"5";""
3820;"Métricas que todo vendedor deve saber (e acompanhar)";"Métricas que todo vendedor deve saber (e acompanhar)";"Sara Beatriz Gomes";"";"sara@nelsys.com.br";"22/04/2026 13:59";"5";"Enriquecedor!"
3788;"Criando a cultura de treinamento na sua empresa";"Inicie sua jornada de Gestão por aqui";"Heraclito Batista Dos Santos Junior";"";"heraclito.junior@bmchyundai.com.br";"22/04/2026 11:45";"5";""
3060;"Metodologia MEDDPICC para vendas enterprise";"Metodologia MEDDPICC para vendas enterprise";"Cefora	Silva";"";"ceforasilva2@gmail.com";"22/04/2026 09:00";"5";""
3597;"Priorização de Carteira de Clientes";"Priorização de Carteira de Clientes";"RODRIGO WEBER";"";"weber@cartrom.com.br";"21/04/2026 14:16";"4";""
3937;"Módulo 1: Especialização em Prospecção - Geração de Demanda Prevísivel";"Programa Especialização em Prospecção";"Carlos Dias";"";"carlosdias@nasajon.com.br";"20/04/2026 16:01";"5";""
3609;"Feiras e Eventos: hacks para valer a pena para o vendedor";"Feiras e Eventos: hacks para valer a pena para o vendedor";"Thiago Candido Lira";"";"thiago.lira@totvs.com.br";"20/04/2026 12:54";"5";"Dicas excelentes "
3639;"Estratégias de cadência no WhatsApp para leads inbound";"Estratégias de cadência no WhatsApp para leads inbound";"Thiago Candido Lira";"";"thiago.lira@totvs.com.br";"20/04/2026 12:21";"5";"Dicas relevantes"
3559;"Lidando com o não: o que separa SDRs comuns dos que sempre batem meta";"Lidando com o não: o que separa SDRs comuns dos que sempre batem meta";"Carlos	Junqueira";"";"carlos@alphapcm.com.br";"20/04/2026 11:46";"5";""
3566;"SDRs: ";"Cold Calling Sucks: dicas do livro para perder o medo e fazer ligações";"Juliana Mota Rosendo Tavares";"";"julianatavares@konstroi.com";"20/04/2026 01:09";"5";"Fernanda é realmente brilhante! Dicas incríveis."
3574;"Prospecção de C-levels: técnicas para abordar esse público com assertividade";"Prospecção de C-levels: técnicas para abordar esse público com assertividade";"Juliana Mota Rosendo Tavares";"";"julianatavares@konstroi.com";"20/04/2026 00:32";"5";"Aula incrível! Me deu vários insights e dicas preciosas. Ansiosa pra colocar em prática."
3549;"SDRs: ""Técnicas para transformar ""agora não"" em ""vamos marcar"" "" com Ricardo Alvarinho";"Técnicas para transformar ""agora não"" em ""vamos marcar""";"Cleiton	Ribeiro";"";"cleiton@velana.com.br";"17/04/2026 19:00";"4";""
3937;"Módulo 1: Especialização em Prospecção - Geração de Demanda Prevísivel";"Programa Especialização em Prospecção";"Carla Fant";"";"carla.fant@webmaissistemas.com.br";"17/04/2026 18:10";"5";"As aulas da Fernanda são sempre sensacionais!
Muito conteúdo passado, agora é ir por partes e colocar em prática!"
3194;"Exemplos práticos: Explorando o uso de IA em programas de parcerias";"Exemplos práticos: Explorando o uso de IA em programas de parcerias";"CHRISTIAN MARTINS LOPES";"";"christian@multibelt.com.br";"17/04/2026 14:42";"3";""
3794;"Conteúdos e habilidades que um profissional de Pré Vendas precisa saber";"Inicie sua jornada de Pré Vendas por aqui";"Misael Nunes";"";"misael.nunes@centric.com.br";"17/04/2026 14:21";"5";""
3834;"Indústria 4.0: Como vender para esse mercado";"Indústria 4.0: Como vender para esse mercado";"Sara Beatriz Gomes";"";"sara@nelsys.com.br";"17/04/2026 12:47";"5";"Muito bom, conteúdo de valor para o vendedor"
3956;"IA para vendas - crie seu agente para escalar atendimento e geração de pipeline";"IA para vendas - crie seu agente para escalar atendimento e geração de pipeline";"RODRIGO WEBER";"";"weber@cartrom.com.br";"17/04/2026 06:54";"3";""
3636;"Jolt Effect: Como vencer a indecisão do cliente";"Jolt Effect: Como vencer a indecisão do cliente";"Júlia Nascimento de Azambuja";"";"bistex@bistex.com.br";"16/04/2026 16:49";"5";""
3937;"Módulo 1: Especialização em Prospecção - Geração de Demanda Prevísivel";"Programa Especialização em Prospecção";"Gabriela Basílio";"";"gabrielabasilio@clear.ind.br";"16/04/2026 16:11";"5";"Assistir essa aula dela em outro momento. 
Sensacional!

 "
3790;"Conteúdos e habilidades que um profissional de Gestão Comercial precisa saber";"Inicie sua jornada de Gestão por aqui";"VANDERLEI	DA CONCEIÇÃO GARCIA FILHO";"";"gestaoestrategica@tech.ind.br";"16/04/2026 16:11";"5";""
3789;"O que é o Plano de Desenvolvimento Individual";"Inicie sua jornada de Gestão por aqui";"VANDERLEI	DA CONCEIÇÃO GARCIA FILHO";"";"gestaoestrategica@tech.ind.br";"16/04/2026 16:06";"5";"Cultura de Treinamento é algo que realmente deve começar a existir na empresas que atendem B2B."
3786;"Conteúdos e habilidades que um profissional de Vendas precisa saber";"Inicie sua jornada para Executivos por aqui";"Ruan Diego Aguiar da Silva";"";"ruan.aguiar@acspro.com.br";"16/04/2026 11:54";"5";""
3781;"Tudo o que você precisa saber sobre a Universidade Pipelovers";"Inicie sua jornada para Executivos por aqui";"Ruan Diego Aguiar da Silva";"";"ruan.aguiar@acspro.com.br";"16/04/2026 11:29";"5";""
3283;"Comunicação Persuasiva para Líderes Comerciais";"Comunicação Persuasiva para Líderes Comerciais";"GUILHERME DE LIRA ARAUJO";"";"guilherme.araujo@netcom.psi.br";"16/04/2026 10:08";"5";""
3641;"Controle de ansiedade em meio às mudanças";"Controle de ansiedade em meio às mudanças";"Mateus Silveira Lopes";"";"mateus.lopes@agromed-patent.com.br";"15/04/2026 18:02";"5";""
3935;"COMO ORGANIZAR O DIA A DIA DE UMA OPERAÇÃ0 VOLUMOSA EM PRÉ VENDAS";"Como organizar o dia a dia de uma operação volumosa";"Graciane Fernandes Vitor Pereira";"";"graciane.pereira@medika.com.br";"15/04/2026 13:54";"5";""
3456;"SDRs: "" Como organizar o dia a dia de uma operação volumosa em pré vendas"" com Samara A";"Como organizar o dia a dia de uma operação volumosa em pré vendas";"Tatiane de Paula Ermenegildo";"";"tatiane.paula@medika.com.br";"15/04/2026 12:53";"5";""
3861;"Módulo 1: Programa de Gestão - Estratégia de Posicionamento e Planejamento Comercial";"Módulo 1: Programa de Gestão - Estratégia de Posicionamento e Planejamento Comercial";"Maiara 	Aparecida dos Santos Rosa";"";"maiara@hyperiongestao.com.br";"15/04/2026 10:25";"5";""
3573;"Executivos de Vendas: ""SPIN Selling em negociações complexas"" com Pamela Gottschalk";"SPIN Selling em negociações complexas";"Alysson Nascimento dos Santos";"03146703190";"alysson.nascimento@acspro.com.br";"15/04/2026 09:21";"5";""
3790;"Conteúdos e habilidades que um profissional de Gestão Comercial precisa saber";"Inicie sua jornada de Gestão por aqui";"Fernando luiz Pedroso";"";"fernando.pedroso@eai.net.br";"15/04/2026 08:10";"5";""
3584;"Como ajustar seu discurso para diferentes perfis de clientes";"Como ajustar seu discurso para diferentes perfis de clientes";"Carla Fant";"";"carla.fant@webmaissistemas.com.br";"14/04/2026 17:50";"5";"Aula do Vitor foi sensacional.
Na questão de ajuste de discurso, como utilizar os gatilhos de forma correta."
3861;"Módulo 1: Programa de Gestão - Estratégia de Posicionamento e Planejamento Comercial";"Módulo 1: Programa de Gestão - Estratégia de Posicionamento e Planejamento Comercial";"Ane Keli da Silva";"";"anekelli88@gmail.com";"14/04/2026 16:48";"5";""
3792;"Criando a cultura de treinamento na sua empresa";"Inicie sua jornada de Pré Vendas por aqui";"Katriny Albano";"";"katriny.silva@webmaissistemas.com.br";"14/04/2026 15:53";"5";""
3793;"O que é o Plano de Desenvolvimento Individual";"Inicie sua jornada de Pré Vendas por aqui";"Katriny Albano";"";"katriny.silva@webmaissistemas.com.br";"14/04/2026 15:40";"5";""
3946;"Como transformar parceiros em um canal previsível de crescimento";"Como transformar parceiros em um canal previsível de crescimento";"Mariana Lopes";"";"mariana.lopes@pipelovers.net";"14/04/2026 15:36";"5";""
3043;"Resiliência em vendas: Como superar rejeições constantes";"Resiliência em vendas: Como superar rejeições constantes";"Maiara 	Aparecida dos Santos Rosa";"";"maiara@hyperiongestao.com.br";"14/04/2026 13:21";"5";""
3567;"SDRs: ""Planejamento e organização para bater a meta"" com Luciano Tomazi";"Planejamento e organização para bater a meta";"Tatiane de Paula Ermenegildo";"";"tatiane.paula@medika.com.br";"14/04/2026 12:51";"5";""
3661;" Recuperando a confiança em momentos de baixo desempenho";"Recuperando a confiança em momentos de baixo desempenho";"Maiara 	Aparecida dos Santos Rosa";"";"maiara@hyperiongestao.com.br";"14/04/2026 10:38";"5";""
3414;"Construção de confiança na relação com parceiros";"Construção de confiança na relação com parceiros";"Mariana Campos Virgilio";"";"mariana.virgilio@baldussi.com.br";"14/04/2026 10:12";"5";""
3759;"Fluxo de cadência e follow up";"Fluxo de cadência e follow up";"Dislene Pedroso";"36299608803";"dislene.pedroso@questores.com.br";"14/04/2026 09:41";"5";""
3724;"Tráfego pago sem bláh bláh bláh";"Tráfego pago sem bláh bláh bláh";"Rodrigo zambon";"";"rodrigo.zambon@ayko.tech";"14/04/2026 07:42";"4";""
3724;"Tráfego pago sem bláh bláh bláh";"Tráfego pago sem bláh bláh bláh";"Celso Luiz Bronzatti";"06905470805";"celsobronzatti@hotmail.com";"13/04/2026 21:58";"5";"tai a importancia da aula ao vivo, eu gostaria muito de ter a oportunidade de colocar o meu segmento e ver como seria na pratica o tráfego pago para ele. "
3791;"Tudo o que você precisa saber sobre a Universidade Pipelovers";"Inicie sua jornada de Pré Vendas por aqui";"Bruna Sibeli Gomes de Paula";"";"bruna.sibeli@implantecbrasil.com.br";"13/04/2026 18:27";"5";""
3406;"Estratégias Win-Win: Como construir sinergia real com parceiros";"Estratégias Win-Win: Como construir sinergia real com parceiros";"Mariana Campos Virgilio";"";"mariana.virgilio@baldussi.com.br";"13/04/2026 15:55";"5";""
3050;"Antes do pitch: como usar o contexto do lead pra abrir portas";"Antes do pitch: como usar o contexto do lead pra abrir portas";"Dislene Pedroso";"36299608803";"dislene.pedroso@questores.com.br";"13/04/2026 13:56";"5";""
3794;"Conteúdos e habilidades que um profissional de Pré Vendas precisa saber";"Inicie sua jornada de Pré Vendas por aqui";"Frederico Barrozo";"";"frederico@multibelt.com.br";"13/04/2026 10:40";"5";""
3792;"Criando a cultura de treinamento na sua empresa";"Inicie sua jornada de Pré Vendas por aqui";"Frederico Barrozo";"";"frederico@multibelt.com.br";"13/04/2026 10:34";"5";""
3759;"Fluxo de cadência e follow up";"Fluxo de cadência e follow up";"Alysson";"09352239911";"alysson.pereira@brinov.com";"12/04/2026 17:16";"5";"Que aula incrível!!!!"
3235;"Jolt Effect: como superar a indecisão de clientes";"Jolt Effect: como superar a indecisão de clientes";"Alysson";"09352239911";"alysson.pereira@brinov.com";"12/04/2026 15:32";"2";"Muitas travas na video aula e sem práticas para o dia a dia. "
3646;"Prospecção analítica: Estratégias para aumentar a conversão";"Prospecção analítica: Estratégias para aumentar a conversão";"Bruna Bastos Borges";"";"bruna.borges@altageotecnia.com";"10/04/2026 19:42";"5";"Excelente, aula!"
3060;"Metodologia MEDDPICC para vendas enterprise";"Metodologia MEDDPICC para vendas enterprise";"Alysson";"09352239911";"alysson.pereira@brinov.com";"10/04/2026 19:25";"5";"excelente aula!!"
3754;"Como passar pela secretária";"Como passar pela secretária";"Carla Fant";"";"carla.fant@webmaissistemas.com.br";"10/04/2026 18:10";"5";"Aula sensacional"
3798;"Conteúdos e habilidades que um profissional de Canais precisa saber";"Inicie sua jornada de Canais por aqui";"Carla Fant";"";"carla.fant@webmaissistemas.com.br";"10/04/2026 17:07";"5";""
3795;"Tudo o que você precisa saber sobre a Universidade Pipelovers";"Inicie sua jornada de Canais por aqui";"Carla Fant";"";"carla.fant@webmaissistemas.com.br";"10/04/2026 16:59";"5";""
3794;"Conteúdos e habilidades que um profissional de Pré Vendas precisa saber";"Inicie sua jornada de Pré Vendas por aqui";"Carla Fant";"";"carla.fant@webmaissistemas.com.br";"10/04/2026 16:52";"5";""
3793;"O que é o Plano de Desenvolvimento Individual";"Inicie sua jornada de Pré Vendas por aqui";"Carla Fant";"";"carla.fant@webmaissistemas.com.br";"10/04/2026 16:51";"5";"Uma verdade, a ideia é anotar, escutar com atenção, colocar em prática, corrigir quando necessário, eu tenho aprendido bastante com aulas, melhorei e muito"
3792;"Criando a cultura de treinamento na sua empresa";"Inicie sua jornada de Pré Vendas por aqui";"Carla Fant";"";"carla.fant@webmaissistemas.com.br";"10/04/2026 16:49";"5";""
3791;"Tudo o que você precisa saber sobre a Universidade Pipelovers";"Inicie sua jornada de Pré Vendas por aqui";"Carla Fant";"";"carla.fant@webmaissistemas.com.br";"10/04/2026 16:47";"5";""
3825;"Forecast em canais: como montar, acompanhar e corrigir a rota";"Forecast em canais: como montar, acompanhar e corrigir a rota";"Joanara Carvalho";"";"joanara.carvalho@acspro.com.br";"10/04/2026 09:42";"5";""
3770;"Storytelling para SDR: como abrir conversas sem soar genérico";"Storytelling para SDR: como abrir conversas sem soar genérico";"Edilucia Costa";"";"edilucia.costa@hostweb.cloud";"09/04/2026 17:58";"5";"Que aula espetacular!! "
3787;"Tudo o que você precisa saber sobre a Universidade Pipelovers";"Inicie sua jornada de Gestão por aqui";"Marcos Antônio Coelho";"";"marcos@aliarconsultoria.com.br";"09/04/2026 14:36";"5";""
3791;"Tudo o que você precisa saber sobre a Universidade Pipelovers";"Inicie sua jornada de Pré Vendas por aqui";"Gabriela Basílio";"";"gabrielabasilio@clear.ind.br";"09/04/2026 12:08";"5";""
3781;"Tudo o que você precisa saber sobre a Universidade Pipelovers";"Inicie sua jornada para Executivos por aqui";"Larissa Frutuoso Chamarro";"38864294821";"larissa.oliveira@magis5.com.br";"09/04/2026 09:51";"5";""
3520;"SDRs: ""Rotinas de autoavaliação de performance de pre-vendedores"" com Danndhara Anaclet";"Rotinas de autoavaliação de performance de pre-vendedores";"Graciane Fernandes Vitor Pereira";"";"graciane.pereira@medika.com.br";"08/04/2026 14:11";"5";""
3516;"SDRs: ""Planejamento de atividades diárias para maximizar a qualificação de leads"" com B";"Planejamento de atividades diárias para maximizar a qualificação de leads";"Michele	Sena";"";"michele.sena@proesc.com";"06/04/2026 15:53";"5";""
3709;"Roadmap to Close para gestão de forecast";"Roadmap to Close para gestão de forecast";"Thiago Candido Lira";"";"thiago.lira@totvs.com.br";"04/04/2026 23:52";"5";"muito esclarecedor"
3748;"Como a presença digital impulsiona a performance dos vendedores";"Como a presença digital impulsiona a performance dos vendedores";"Daniel Morais";"";"daniel@grupopremieralimentos.com.br";"04/04/2026 21:50";"5";""
3594;"Funil de Vendas Porta a Porta";"Funil de Vendas Porta a Porta";"Thiago Candido Lira";"";"thiago.lira@totvs.com.br";"03/04/2026 23:44";"5";"Conhecimento esclarecedor. "
3638;"Como estruturar um roadmap to close alinhado ao ciclo de compra";"Como estruturar um roadmap to close alinhado ao ciclo de compra";"Thiago Candido Lira";"";"thiago.lira@totvs.com.br";"03/04/2026 23:03";"5";"Muito esclarecedor e didatico. "
3849;"Módulo 1:  Certificação de Vendedores B2B - Prospecção Inteligente e Geração de Demanda";"Módulo 1:  Certificação de Vendedores B2B - Prospecção Inteligente e Geração de Demanda";"Katrin Grützmacher";"";"katrin.g@upflux.ai";"02/04/2026 15:11";"5";""
3770;"Storytelling para SDR: como abrir conversas sem soar genérico";"Storytelling para SDR: como abrir conversas sem soar genérico";"Israel Silva Anunciacao Aires";"14419877626";"israel.aires@medika.com.br";"02/04/2026 12:31";"5";""
3799;"Usando IA para não ser gargalo na operação comercial";"Usando IA para não ser gargalo na operação comercial";"RODRIGO WEBER";"";"weber@cartrom.com.br";"01/04/2026 14:46";"5";""
3455;"SDRs: Técnicas para reduzir no-show de prospects com José de Sousa";"Técnicas para reduzir no-show de prospects";"Michele	Sena";"";"michele.sena@proesc.com";"01/04/2026 11:13";"5";""
3056;"Os 4 pilares de uma oratória de impacto ";"Os 4 pilares de uma oratória de impacto";"Edilucia Costa";"";"edilucia.costa@hostweb.cloud";"01/04/2026 09:24";"5";""
3037;"Boas práticas de mensagens no Linkedin e WhatsApp";"Boas práticas de mensagens no Linkedin e WhatsApp";"Larissa	Magnago";"";"larissa.magnago@questores.com.br";"31/03/2026 14:59";"5";""
3787;"Tudo o que você precisa saber sobre a Universidade Pipelovers";"Inicie sua jornada de Gestão por aqui";"Alex";"";"alex@pedrogalinari.online";"31/03/2026 13:52";"5";""
3187;"Como fazer uma apresentação comercial matadora";"Como fazer uma apresentação comercial matadora";"Camila	Lima";"";"camila.lima@questores.com.br";"31/03/2026 11:45";"5";""
3037;"Boas práticas de mensagens no Linkedin e WhatsApp";"Boas práticas de mensagens no Linkedin e WhatsApp";"Shayara Machado";"";"shayara.machado@uraniaplanetario.com.br";"26/03/2026 10:12";"5";""
3746;"Abordagens e Prospecção que Funcionam no Começo do Ano";"Abordagens e Prospecção que Funcionam no Começo do Ano";"Graciane Fernandes Vitor Pereira";"";"graciane.pereira@medika.com.br";"25/03/2026 14:19";"5";""
3754;"Como passar pela secretária";"Como passar pela secretária";"Fermiano Manoel Ignacio Neto";"07273705969";"fermiano.neto@sidrasul.com.br";"24/03/2026 09:12";"5";"Conteúdo muito legal. Prático e a palestrante tem uma boa didática. "
3803;"Entendendo a dor do cliente desde a primeira conversa";"Entendendo a dor do cliente desde a primeira conversa";"JAIR VOGT";"";"engenharia01@cartrom.com.br";"20/03/2026 15:05";"5";""
3771;"Venda com clareza: Storytelling e Argumentação para Executivos de Vendas";"Venda com clareza: Storytelling e Argumentação para Executivos de Vendas";"Bruno Ferraz de Carvalho";"";"bruno.ferraz@grupopremieralimentos.com.br";"20/03/2026 10:32";"5";"Muito bom , explica com muita clareza "
3573;"Executivos de Vendas: ""SPIN Selling em negociações complexas"" com Pamela Gottschalk";"SPIN Selling em negociações complexas";"Neilson Gomes Coelho";"";"neilson.coelho@sidrasul.com.br";"19/03/2026 17:53";"5";""
3790;"Conteúdos e habilidades que um profissional de Gestão Comercial precisa saber";"Inicie sua jornada de Gestão por aqui";"Daniel Morais";"";"daniel@grupopremieralimentos.com.br";"17/03/2026 12:19";"5";""